timestamp,open,high,low,close,volume,ltq,bid_price,ask_price,bid_quantity,ask_quantity,bid_ask_imbalance,ltq_change,price_change,volume_change,smma_20,smma_120,smma_spread,smma_spread_change,ltq_acceleration,price_change_pct,bid_ask_spread,signal,future_close,future_return,target
2026-08-11 09:15:00,100.22685035352004,100.5583843606454,99.76806929871464,100.14901424590336,224713,5233,100.10236945904133,100.23530555371995,1624528,1748853,-0.03685471638098394,,,,,,,,,,0.13293609467862666,NONE,101.87029193127287,0.017187165528590554,0
2026-08-11 09:16:00,100.11912554543274,100.66602772032245,99.72759187017154,100.1742441170656,155612,1577,100.12741641912488,100.27357720589964,536368,1500624,-0.47337250219932137,-3656.0,0.025229871162238737,-69101.0,,,,,,0.025192331000178925,0.1461607867747574,NONE,101.79663008422592,0.01619563972216625,0
2026-08-11 09:17:00,100.35342807660848,100.56508338442592,100.21882800442212,100.4352479649507,200474,9007,100.37627175451593,100.50639337888084,1357247,944162,0.17949221542107466,7430.0,0.26100384788510667,44862.0,,,,,11086.0,0.26054985509058604,0.13012162436491792,NONE,101.93514568364984,0.014933977354469783,0
2026-08-11 09:18:00,100.95849301458342,101.44369227672352,100.69105922377562,100.95883046032452,398303,1227,100.8999181720262,101.05313237372457,1639269,1793531,-0.044937660219063154,-7780.0,0.523582495373816,197829.0,,,,,-15210.0,0.5213134890218241,0.1532142016983613,NONE,101.42694663132696,0.004636703583708796,0
2026-08-11 09:19:00,100.9382039073856,101.17083930453389,100.71673067332928,100.9552223696381,139710,3328,100.90047852620864,101.03964778189568,1083188,1866053,-0.265446262275616,2101.0,-0.00360809068642709,-258593.0,,,,,9881.0,-0.0035738237754712188,0.13916925568703675,NONE,100.97510269521764,0.00019692221078727073,0
2026-08-11 09:20:00,100.90624892025322,101.12533112284282,100.75696741587424,100.95157172518594,213096,3731,100.92944100454338,101.03757009516676,1927206,1182637,0.2394233406638213,403.0,-0.0036506444521506864,73386.0,,,,,-1698.0,-0.0036161026309100563,0.10812909062337894,NONE,100.87188255945384,-0.000789380139113022,0
2026-08-11 09:21:00,101.56150542419324,101.51704144293222,101.04815441176235,101.49186667944755,309417,1430,101.43721988638252,101.55308942078844,1200526,1188874,0.004876538043023353,-2301.0,0.5402949542616113,96321.0,,,,,-2704.0,0.5352021221942227,0.11586953440591685,NONE,100.63332240194352,-0.008459242159922711,0
2026-08-11 09:22:00,101.88408755227336,101.81493966034613,101.34159027608132,101.78855703141632,311463,2709,101.76333768037846,101.83296984522882,722182,753130,-0.02097725769193228,1279.0,0.29669035196876337,2046.0,,,,,3580.0,0.2923291901860692,0.06963216485036128,NONE,100.79269721360951,-0.009783612685455773,0
2026-08-11 09:23:00,101.72293233040848,102.06009726975262,101.54618345945852,101.71409164177928,469556,6782,101.69273942101267,101.8082018683082,656405,738408,-0.058791393541643214,4073.0,-0.07446538963704086,158093.0,,,,,2794.0,-0.07315693611223972,0.11546244729552768,NONE,100.5851904474211,-0.011098768873972618,0
2026-08-11 09:24:00,102.09089476610797,102.17210625521945,101.63560688099508,101.94314175800244,194924,2234,101.84920364344173,101.99203230380786,631016,1114181,-0.276854131653905,-4548.0,0.2290501162231635,-274632.0,,,,,-8621.0,0.2251901506723719,0.14282866036613484,NONE,100.22618808498216,-0.01684226759555903,0
2026-08-11 09:25:00,101.75612301985952,101.98355274429092,101.40683815019996,101.87029193127287,368602,9493,101.80584643008956,101.92878567432534,1777723,1579420,0.0590689762098308,7259.0,-0.0728498267295663,173678.0,,,,,11807.0,-0.07146123365757706,0.12293924423578062,NONE,100.73034823971405,-0.011190148471625992,0
2026-08-11 09:26:00,101.77726413829797,102.10361523738854,101.31560083475524,101.79663008422592,493137,6205,101.72727597899473,101.8467803718672,548070,876645,-0.23062507238289764,-3288.0,-0.07366184704694945,124535.0,,,,,-10547.0,-0.0723094492520393,0.1195043928724715,NONE,100.72684617405385,-0.010509030694699271,0
2026-08-11 09:27:00,101.86346345158957,102.0615747427749,101.6806661634388,101.93514568364984,397668,2420,101.88898425331983,101.99597933190626,900337,932911,-0.017768463404842116,-3785.0,0.13851559942391134,-95469.0,,,,,-497.0,0.13607090854510506,0.10699507858642221,NONE,100.8110893264924,-0.011027171733740296,0
2026-08-11 09:28:00,101.24029296961965,101.71576250849915,101.2005342286848,101.42694663132696,237925,1768,101.33513835105462,101.47929208843628,1170037,542510,0.3664290673482246,-652.0,-0.5081990523228797,-159743.0,,,,,3133.0,-0.49855135725223043,0.14415373738165727,NONE,100.4473920381378,-0.009657735204725192,0
2026-08-11 09:29:00,100.96683462663336,101.15470706870896,100.83575553725336,100.97510269521764,402621,7034,100.90768895115546,100.98941977548978,1211921,1980929,-0.24085315627104312,5266.0,-0.45184393610931295,164696.0,,,,,5918.0,-0.445487073323525,0.08173082433431489,NONE,100.3475355205402,-0.006215068446839624,0
2026-08-11 09:30:00,100.85970780861552,101.28365867275974,100.39244662285864,100.87188255945384,394366,9635,100.79265727119672,100.96126689619452,1514281,1661680,-0.046410834389968895,2601.0,-0.10322013576380584,-8255.0,,,,,-2665.0,-0.1022233530926564,0.1686096249977993,NONE,100.4439904330987,-0.004241936558514541,0
2026-08-11 09:31:00,100.78466737626776,101.04367048232692,100.5619152497071,100.63332240194352,118320,4104,100.59015177973104,100.68331784564594,1373841,1541788,-0.05760232183175568,-5531.0,-0.2385601575103209,-276046.0,,,,,-8132.0,-0.23649817120218186,0.09316606591490029,NONE,100.16157908491084,-0.00468774463341742,0
2026-08-11 09:32:00,100.855778382065,101.03137241267072,100.50278242558566,100.79269721360951,194154,5355,100.6962961443358,100.8557021419752,1586240,1894288,-0.08850611171638326,1251.0,0.1593748116659981,75834.0,,,,,6782.0,0.15837180753055513,0.15940599763939645,NONE,100.3368726102291,-0.004522397117862557,0
2026-08-11 09:33:00,100.48277176498816,100.7606000020886,100.44391531366178,100.5851904474211,152243,4305,100.50134893130684,100.60771734966931,1416358,1972677,-0.16415262751786275,-1050.0,-0.20750676618841624,-41911.0,,,,,-2301.0,-0.20587480236653466,0.10636841836247868,NONE,100.21895137709366,-0.0036410834308543906,0
2026-08-11 09:34:00,100.41159734161558,100.4074679832617,100.08668393980824,100.22618808498216,276687,2538,100.13933272331084,100.2364929913006,1439947,1613790,-0.056927954175490555,-1767.0,-0.3590023624389431,124444.0,101.08375928634086,,,,-717.0,-0.3569137373424791,0.09716026798975008,NONE,100.19338879512216,-0.00032725269200285095,0
2026-08-11 09:35:00,100.85245160926657,101.13320550254814,100.52786394602596,100.73034823971405,172833,2331,100.70485075564572,100.76242434814196,811356,1494048,-0.2961268393739232,-207.0,0.5041601547318919,-103854.0,101.06608873400953,,,,1560.0,0.503022378047957,0.05757359249624017,NONE,100.07448649647058,-0.006511063991188331,0
2026-08-11 09:36:00,100.7850559444007,100.89093591545264,100.227449706146,100.72684617405385,193476,9168,100.69245948534542,100.80025891694584,1501635,1283577,0.07829134730139034,6837.0,-0.00350206566020006,20643.0,101.04912660601175,,,,7044.0,-0.0034766738340574754,0.10779943160041228,NONE,100.69143281160272,-0.00035157819187478517,0
2026-08-11 09:37:00,100.7884409166074,100.91561901334582,100.78360617307249,100.8110893264924,214560,7939,100.77538293252088,100.83001683420255,1623852,1596686,0.00843523659711514,-1229.0,0.08424315243854608,21084.0,101.03722474203579,,,,-8066.0,0.08363525280339346,0.05463390168166882,NONE,100.74828877317358,-0.0006229528292807092,0
2026-08-11 09:38:00,100.35144811446544,100.48973620907545,100.15812112903603,100.4473920381378,496419,9261,100.41301020804558,100.53919190777258,565231,1160531,-0.3449490717723533,1322.0,-0.3636972883545866,281859.0,101.0077331068409,,,,2551.0,-0.360771112369096,0.12618169972699889,NONE,100.491512050823,0.0004392350243244414,0
2026-08-11 09:39:00,100.3103148429331,100.5808820809824,100.30624944152255,100.3475355205402,401411,6558,100.26054878595082,100.37688755178226,1718692,640661,0.4569180618584841,-2703.0,-0.09985651759760117,-95008.0,100.97472322752587,,,,-4025.0,-0.09941175731041918,0.11633876583144342,NONE,100.79843273187568,0.004493356104826098,0
2026-08-11 09:40:00,100.55286529506913,100.68505648255862,100.36673001810344,100.4439904330987,137941,6944,100.43112080152991,100.47240385838496,1832467,518077,0.5591854481345595,386.0,0.09645491255849947,-263470.0,100.94818658780451,,,,3089.0,0.09612085843280216,0.041283056855050404,NONE,100.49194678666214,0.00047744373114464356,0
2026-08-11 09:41:00,100.35003771550429,100.58203344011228,99.94179761402438,100.16157908491084,444953,8126,100.14473008590257,100.18791480145676,1261816,1351306,-0.03424639186383185,1182.0,-0.28241134818786406,307012.0,100.90885621265984,,,,796.0,-0.28116301131621,0.043184715554190234,NONE,100.61397231800288,0.004516634394397153,0
2026-08-11 09:42:00,100.49119696305632,100.44749195845212,100.08164254455588,100.3368726102291,125368,1480,100.3022202718724,100.34813096439652,1971921,746797,0.45062562575449167,-6646.0,0.17529352531825282,-319585.0,100.88025703253831,,,,-7828.0,0.17501074455870125,0.04591069252411728,NONE,100.08502646877442,-0.002510005892180884,0
2026-08-11 09:43:00,100.17006643491504,100.40944701392786,100.0895551729114,100.21895137709366,439330,6263,100.1909628093752,100.2984138692567,1810757,669299,0.46025492972739324,4783.0,-0.11792123313543357,313962.0,100.84719174976608,,,,11429.0,-0.11752532251380066,0.10745105988151238,NONE,99.74510408238136,-0.004728120661823289,0
2026-08-11 09:44:00,100.08142705179324,100.597591664569,100.03516022968492,100.19338879512216,393128,5094,100.16252142987268,100.2821419029342,597847,1956729,-0.5319403298238142,-1169.0,-0.0255625819714993,-46202.0,100.81450160203389,,,,-5952.0,-0.025506734624791694,0.11962047306151646,NONE,99.8622637020828,-0.003304859702035368,0
2026-08-11 09:45:00,100.08857512116172,100.48629830184508,100.0310029863426,100.07448649647058,303990,7167,99.9926716094378,100.13976113970604,1277725,1820474,-0.17518209772838994,2073.0,-0.11890229865157664,-89138.0,100.77750084675571,,,,3242.0,-0.11867279875592551,0.14708953026823224,NONE,100.141462402943,0.0006692605559838061,0
2026-08-11 09:46:00,100.51458887504644,100.8837383495921,100.5398229196806,100.69143281160272,357481,3793,100.63075141815244,100.7183708099539,548503,1836408,-0.5400222482096816,-3374.0,0.6169463151321395,53491.0,100.77319744499806,,,,-5447.0,0.6164871154786367,0.08761939180145362,NONE,100.2500788281134,-0.0043832327256193735,0
2026-08-11 09:47:00,100.78060554459206,100.97785078481692,100.26500955348332,100.74828877317358,100801,3892,100.73776941365722,100.78396379289826,1314639,1293480,0.008112743321911309,99.0,0.056855961570860813,-256680.0,100.77195201140684,,,,3473.0,0.05646554029798967,0.04619437924104375,NONE,100.27212731479474,-0.004726248596151127,0
2026-08-11 09:48:00,100.47675179219311,100.64315499624765,100.01915835998676,100.491512050823,206538,2198,100.44287300190962,100.54434545358583,1002376,1833288,-0.29302202235525787,-1694.0,-0.2567767223505797,105737.0,100.75793001337766,,,,-1793.0,-0.25486956203165656,0.10147245167621577,NONE,100.238066107147,-0.0025220631922407534,0
2026-08-11 09:49:00,100.75182908168888,101.26471017108535,100.6309935868072,100.79843273187568,474345,9011,100.75172308845916,100.8943238675218,1843961,1384015,0.14248742865498382,6813.0,0.30692068105267367,267807.0,100.75995514930256,,,,8507.0,0.3054195073683985,0.14260077906264712,NONE,99.85029632395624,-0.009406261409257051,0
2026-08-11 09:50:00,100.33247647993548,100.55126866953292,100.20651981852276,100.49194678666214,410109,3372,100.47169171241214,100.52420841012574,1906891,1492523,0.12189394995725734,-5639.0,-0.306485945213538,-64236.0,100.74655473117053,,,,-12452.0,-0.30405824466417375,0.05251669771359957,NONE,99.6896368575025,-0.007983823130254263,0
2026-08-11 09:51:00,100.66533232865986,101.08084702950362,100.1591746224474,100.61397231800288,185269,2892,100.54311955702876,100.68982044935566,759966,910761,-0.09025711561493889,-480.0,0.12202553134073924,-224840.0,100.73992561051215,,,,5159.0,0.12142816936344669,0.14670089232690486,NONE,99.60623616144248,-0.010015866915335809,0
2026-08-11 09:52:00,100.03175638480822,100.42695969469209,100.08193455745396,100.08502646877442,353765,6790,100.01183772182026,100.13457680887078,1403734,594449,0.405010451995638,3898.0,-0.5289458492284638,168496.0,100.70718065342525,,,,4378.0,-0.5257180857114574,0.12273908705051895,NONE,99.97765115023276,-0.0010728409866100847,0
2026-08-11 09:53:00,99.62811239881032,100.0108901587247,99.33976229721254,99.74510408238136,398113,2883,99.67022369266664,99.78191034373374,572832,1069505,-0.30241844396125767,-3907.0,-0.33992238639305583,44348.0,100.65907682487307,,,,-7805.0,-0.33963360792945707,0.11168665106710307,NONE,100.13449268150988,0.003903836711693836,0
2026-08-11 09:54:00,99.57503748075465,99.87859323247504,99.38807892568832,99.8622637020828,191679,6467,99.78670131698252,99.9132961364148,1832103,1727770,0.02930806801253865,3584.0,0.11715961970143951,-206434.0,100.61923616873356,,,,7491.0,0.11745901794304459,0.12659481943228457,NONE,99.65880483354648,-0.00203739491769675,0
2026-08-11 09:55:00,100.13871091243794,100.379260498854,100.09579953577622,100.141462402943,256777,1797,100.1314576485191,100.15787100752172,886435,664818,0.14286322089304582,-4670.0,0.2791987008602064,65098.0,100.59534748044403,,,,-8254.0,0.27958378922106064,0.026413359002617653,NONE,99.80871290268124,-0.0033227944976764244,0
2026-08-11 09:56:00,100.42730398778038,100.45395288061476,100.16935498509694,100.2500788281134,291375,9209,100.1542259557672,100.33196069149712,1263389,1426213,-0.060538325001245535,7412.0,0.10861642517039627,34598.0,100.5780840478275,,,,12082.0,0.10846299081728183,0.1777347357299135,NONE,99.74532039833738,-0.005034992846653676,0
2026-08-11 09:57:00,100.43825323624954,100.3527367207823,99.79175416340908,100.27212731479474,390507,9235,100.18884852575982,100.30402448831322,1289106,1676449,-0.13061399974035215,26.0,0.022048486681342183,99132.0,100.56278621117586,,,,-7386.0,0.02199348563021175,0.11517596255339413,NONE,99.5938159993163,-0.006764704545949698,0
2026-08-11 09:58:00,100.19235648148836,100.56627090889732,99.96929603532682,100.238066107147,261792,1154,100.14670775445396,100.31335319823437,1924820,1836078,0.023595960326496492,-8081.0,-0.034061207647738456,-128715.0,100.54655020597441,,,,-8107.0,-0.03396876934784743,0.16664544378041057,NONE,99.82832192783708,-0.004087710340220841,0
2026-08-11 09:59:00,99.79007511792008,100.3358717776404,99.8431980067204,99.85029632395624,133351,5962,99.83888842737858,99.86644767738656,1920089,614064,0.5153694350735729,4808.0,-0.3877697831907625,-128441.0,100.5117375118735,,,,12889.0,-0.38684882724718817,0.027559250007982428,NONE,100.18804658807773,0.0033825664675613807,0
2026-08-11 10:00:00,99.73651428311,99.97073126303476,99.56082085812074,99.6896368575025,211023,5080,99.5955895658818,99.78559572755742,1967458,1119675,0.2746182299240104,-882.0,-0.16065946645373685,77672.0,100.47063247915496,,,,-5690.0,-0.1609003401777498,0.19000616167562612,NONE,100.51726821268694,0.008302080148686492,0
2026-08-11 10:01:00,99.50639761752365,99.96361279966446,99.38126432430803,99.60623616144248,267217,9050,99.52335519386055,99.633607510129,1592370,1184116,0.14703981939761265,3970.0,-0.08340069606002487,56194.0,100.42741266326934,,,,4852.0,-0.08366034694181623,0.11025231626844345,NONE,100.3147444582676,0.007113091751371476,0
2026-08-11 10:02:00,100.00783034021472,100.0118763765158,99.6311966947204,99.97765115023276,187948,6947,99.89230142736648,100.0670979370914,1419580,1466793,-0.016357206778195334,-2103.0,0.3714149887902778,-79269.0,100.4049245876175,,,,-6073.0,0.3728832682607264,0.17479650972492777,NONE,100.27061739613424,0.0029303173512373526,0
2026-08-11 10:03:00,100.21110070934834,100.34332617941836,99.76791249244148,100.13449268150988,320686,5320,100.11609681688488,100.21734527037526,1677120,1475601,0.06391907181130205,-1627.0,0.15684153127712364,132738.0,100.39140299231212,,,,476.0,0.1568765913908532,0.1012484534903848,NONE,100.41801956632432,0.002831460740668328,0
2026-08-11 10:04:00,99.7814981559349,99.71698407612872,99.16109407708376,99.65880483354648,319188,2892,99.5823148109438,99.7559122267138,537555,1494185,-0.4708427259393426,-2428.0,-0.4756878479633997,-1498.0,100.35477308437385,,,,-801.0,-0.47504894190294467,0.1735974157700042,NONE,100.75808418666205,0.011030428821132426,0
2026-08-11 10:05:00,99.79869749503324,100.11511082044947,99.66495730298936,99.80871290268124,418379,4424,99.71232040061344,99.86172306216636,1318838,586728,0.38419556184356773,1532.0,0.14990806913475296,99191.0,100.32747007528921,,,,3960.0,0.1504212993373999,0.14940266155292647,NONE,100.66110250096048,0.008540232345350151,0
2026-08-11 10:06:00,99.72495302331969,100.21456147744446,99.47621034740315,99.74532039833738,376999,3015,99.67425113760974,99.82078615478352,540262,1726907,-0.5234038574098357,-1409.0,-0.06339250434385235,-41380.0,100.29836259144162,,,,-2941.0,-0.06351399842783323,0.14653501717377537,NONE,100.65153657131968,0.009085300136019242,0
2026-08-11 10:07:00,99.50601774064064,99.92470486555212,99.32715422538652,99.5938159993163,361677,7673,99.53246547290009,99.6371799584497,1242021,1313842,-0.02810048895422016,4658.0,-0.15150439902107848,-15322.0,100.26313526183534,,,,6067.0,-0.15189123501336832,0.10471448554962137,NONE,100.36512080815604,0.007744505028756253,0
2026-08-11 10:08:00,99.74563389243308,99.86672345199428,99.62549929811344,99.82832192783708,277476,7032,99.73321525683966,99.85491506925884,1965008,1654272,0.08585575031497977,-641.0,0.23450592852077534,-84201.0,100.24139459513543,,,,-5299.0,0.2354623388688859,0.12169981241918038,NONE,100.05108841880362,0.0022314958988048127,0
2026-08-11 10:09:00,100.16539869888756,100.36537969057026,100.10346564115652,100.18804658807773,250641,5833,100.13818224712162,100.23792342204172,961333,1540963,-0.23163926250131878,-1199.0,0.3597246602406443,-26835.0,100.23872719478254,,,,-558.0,0.3603432906552184,0.09974117492009782,NONE,100.3390126520024,0.0015068271022926122,0
2026-08-11 10:10:00,100.55400476336855,100.79259990240736,100.02853993109504,100.51726821268694,225074,1565,100.453331791719,100.5421856240719,792428,773591,0.012028589691440526,-4268.0,0.3292216246092181,-25567.0,100.25265424567776,,,,-3069.0,0.32860369656952937,0.08885383235291044,NONE,100.7893801734802,0.0027071165545156407,0
2026-08-11 10:11:00,100.40610292089092,100.51634833633425,99.88808586493433,100.3147444582676,360078,8412,100.26187401185312,100.41312847431838,1175531,1666530,-0.17276159800933197,6847.0,-0.2025237544193459,135004.0,100.25575875630724,,,,11115.0,-0.20148155438408644,0.15125446246526053,NONE,100.81059393359747,0.004942937132598261,0
2026-08-11 10:12:00,100.1902995010662,100.68743940137182,100.0214508819871,100.27061739613424,154437,3018,100.1766612362118,100.2892795803369,923751,586569,0.22325202606070238,-5394.0,-0.04412706213335582,-205641.0,100.25650168829858,,,,-12241.0,-0.0439886104197873,0.11261834412509586,NONE,101.15378426132015,0.008807833123205265,0
2026-08-11 10:13:00,100.56728842322028,100.82535506867931,100.11639685498233,100.41801956632432,256810,3314,100.40117194091545,100.48104862143506,589023,737963,-0.11223931526029664,296.0,0.14740217019007673,102373.0,100.26457758219988,,,,5690.0,0.14700435084362695,0.07987668051961805,NONE,101.30371168920873,0.008820051687032359,0
2026-08-11 10:14:00,100.73097182655778,101.06399969671364,100.6444536598822,100.75808418666205,499988,5412,100.70298341358776,100.8244659336349,707012,1231025,-0.2703833827733939,2098.0,0.3400646203377278,243178.0,100.289252912423,,,,1802.0,0.33864900125133435,0.12148252004713811,NONE,101.15091116898788,0.0038987142867671744,0
2026-08-11 10:15:00,100.65896577152564,100.84783147352684,100.3892089657646,100.66110250096048,190410,4883,100.5892767812358,100.71952965981914,664772,1570213,-0.40512173459777134,-529.0,-0.0969816857015644,-309578.0,100.30784539184987,,,,-2627.0,-0.0962520144010437,0.13025287858334877,NONE,101.29935679117972,0.0063406248725832,0
2026-08-11 10:16:00,100.57681540340488,100.77920475820127,100.30405150475892,100.65153657131968,119731,9216,100.57026498286169,100.72113330103372,1590092,1193556,0.14245191920817574,4333.0,-0.009565929640800164,-70679.0,100.32502995082335,,,,4862.0,-0.009503104380070848,0.15086831817203006,NONE,101.80007911074524,0.011411078047593724,0
2026-08-11 10:17:00,100.12269678212876,100.4180579672626,100.10753729396276,100.36512080815604,241203,7739,100.30264912988608,100.38557707790712,1826297,1439873,0.11831104933301083,-1477.0,-0.2864157631636459,121472.0,100.32703449368998,,,,-5810.0,-0.284561739363709,0.08292794802103742,NONE,101.82792005981622,0.01457477697313063,0
2026-08-11 10:18:00,100.13949295843972,100.22853726054689,99.55594583351116,100.05108841880362,428468,8902,99.95928582183268,100.1110400859821,1507338,1250377,0.09317895431543868,1163.0,-0.3140323893524197,187265.0,100.31323718994567,,,,2640.0,-0.3128899629909032,0.1517542641494174,NONE,102.33517245926429,0.02282917733887839,0
2026-08-11 10:19:00,100.41269704171164,100.54559891060627,100.03334182387854,100.3390126520024,285169,2189,100.24423342178288,100.37486178340389,755623,1776865,-0.40325640239953753,-6713.0,0.2879242331987797,-143299.0,100.31452596304851,,,,-7876.0,0.2877772123712985,0.13062836162100666,NONE,101.58637203321535,0.01243144962507329,0
2026-08-11 10:20:00,100.76124741776836,101.12729163603224,100.60389331718412,100.7893801734802,443864,8156,100.77359144339276,100.88399601917727,1039303,1572136,-0.2040380801542751,5967.0,0.45036752147780135,158695.0,100.33826867357008,,,,12680.0,0.44884587716622626,0.11040457578451424,NONE,101.8693230838066,0.010714848215829832,0
2026-08-11 10:21:00,100.81729300531998,101.13967384574627,100.42451791978957,100.81059393359747,458577,8342,100.76438058503877,100.88918038240706,591104,631241,-0.03283606510436906,186.0,0.021213760117277047,14713.0,100.36188493657144,,,,-5781.0,0.021047614422031735,0.12479979736829705,NONE,101.93106822151258,0.011114648214979688,0
2026-08-11 10:22:00,101.20537818309056,101.1888383311408,101.06855300552937,101.15378426132015,365033,7884,101.14167294936526,101.25131056471454,1925132,1027703,0.3039211469655433,-458.0,0.3431903277226809,-93544.0,100.40147990280887,,,,-644.0,0.34043081617864956,0.10963761534928551,NONE,101.87624140879991,0.007142166284292108,0
2026-08-11 10:23:00,101.14745710352004,101.50134134692428,101.11145378235558,101.30371168920873,109569,4157,101.264064190045,101.31709173548532,853884,978704,-0.06811132671391497,-3727.0,0.14992742788857072,-255464.0,100.44659149212887,,,,-3269.0,0.148217319780386,0.053027545440315293,NONE,101.93788320112752,0.0062601014448945246,0
2026-08-11 10:24:00,101.09800590125326,101.24180060259656,100.97743169379908,101.15091116898788,449337,6520,101.09259302937052,101.18657315475416,1963028,1683132,0.07676459617789674,2363.0,-0.15280052022085044,339768.0,100.48180747597182,,,,6090.0,-0.15083407870545296,0.09398012538363787,NONE,101.37495818041717,0.002214977688683273,0
2026-08-11 10:25:00,101.37878325914193,101.37776314383814,101.08345324362584,101.29935679117972,306749,2741,101.20738524743383,101.3269448239772,828784,1864707,-0.38460236176768364,-3779.0,0.14844562219184354,-142588.0,100.52268494173221,,,,-6142.0,0.14675658427223404,0.11955957654336657,NONE,101.34162842609848,0.00041729420854963467,0
2026-08-11 10:26:00,101.6746501684283,102.21373018561384,101.40918919778086,101.80007911074524,185192,4688,101.71388922172336,101.81108302360327,1678092,518225,0.5280963540326828,1947.0,0.5007223195655257,-121557.0,100.58655465018286,,,,5726.0,0.4942996040909975,0.09719380187991078,NONE,101.48055436976048,-0.0031387474722604065,0
2026-08-11 10:27:00,101.85727585303287,101.84887766817435,101.58583354373452,101.82792005981622,354829,8485,101.80644508441574,101.8597293755384,1463208,1629035,-0.0536267686595135,3797.0,0.027840949070977672,169637.0,100.64862292066454,,,,1850.0,0.0273486517045729,0.053284291122650984,NONE,101.95492945616606,0.0012472944186154992,0
2026-08-11 10:28:00,102.19951427880194,102.54476389721536,101.9381652341313,102.33517245926429,187154,6369,102.3167997255376,102.40626229778113,1722017,783080,0.37481063607516996,-2116.0,0.5072523994480633,-167675.0,100.73295039759452,,,,-5913.0,0.4981466764224285,0.08946257224351939,NONE,101.82966444483353,-0.004939728954206658,0
2026-08-11 10:29:00,101.63301503145873,101.6704738610986,101.29812758164542,101.58637203321535,308542,6644,101.52333797272723,101.61717003620748,1635583,1502450,0.0424256214004123,275.0,-0.7488004260489305,121388.0,100.77562147937557,,,,2391.0,-0.73171365040402,0.09383206348024942,NONE,101.6165362204489,0.0002969314350914079,0
2026-08-11 10:30:00,101.86575893557684,102.30898819164582,101.6982883664778,101.8693230838066,208073,5023,101.8114324662853,101.92513339390004,1242003,1381965,-0.05333982731496725,-1621.0,0.2829510505912509,-100469.0,100.83030655959712,,,,-1896.0,0.27853248908105144,0.11370092761474382,NONE,101.49462752909106,-0.003678198140251569,0
2026-08-11 10:31:00,101.76955503992204,102.2095884781501,101.52607884967084,101.93106822151258,319894,1716,101.89709423378387,102.02097185185944,547728,1931597,-0.558163613080173,-3307.0,0.061745137705969455,111821.0,100.8853446426929,,,,-1686.0,0.06061210169736597,0.12387761807556785,NONE,101.79706005691912,-0.0013146940077409172,0
2026-08-11 10:32:00,101.99271534424562,101.99193172698834,101.75709657352336,101.87624140879991,369756,4967,101.78529063119008,101.94867962163131,1301310,864413,0.20173263155075696,3251.0,-0.054826812712661877,49862.0,100.93488948099824,,,,6558.0,-0.053788127279819076,0.16338899044123423,NONE,101.92268580227234,0.00045589033154510786,0
2026-08-11 10:33:00,101.86442404344773,102.18909684471072,101.82569171122763,101.93788320112752,151644,8423,101.844420224276,101.98339981741908,1009958,1345377,-0.14240819246519074,3456.0,0.061641792327606026,-218112.0,100.9850391670047,,,,205.0,0.060506543503358046,0.13897959314307684,NONE,101.78994186712688,-0.001451289053243733,0
2026-08-11 10:34:00,101.29393293671572,101.74070136026872,101.12270671838976,101.37495818041717,132069,7450,101.32872315096655,101.41848038491926,1415357,1242759,0.06493245591990718,-973.0,-0.5629250207103524,-19575.0,101.00453511767532,,,,-4429.0,-0.5522235728592451,0.08975723395271018,NONE,101.96928527547549,0.005862661802538981,0
2026-08-11 10:35:00,101.36168534582156,101.8206874305582,101.21120380311744,101.34162842609848,443885,4215,101.25150119595828,101.39264464935924,1557721,1816100,-0.07658349390794592,-3235.0,-0.0333297543186859,311816.0,101.02138978309647,,,,-2262.0,-0.0328776996971647,0.14114345340095724,NONE,102.02294625616388,0.006722980878112043,0
2026-08-11 10:36:00,101.59541810470334,101.59077737188318,101.47601085228486,101.48055436976048,418041,8825,101.4359989692768,101.50648809945586,518226,1503750,-0.48740637871072656,4610.0,0.13892594366200228,-25844.0,101.04434801242967,,,,7845.0,0.13708674887074057,0.07048913017906955,NONE,102.33724763865918,0.008441945101888166,0
2026-08-11 10:37:00,101.85334727426822,102.39802034223072,101.63078069251664,101.95492945616606,245006,1390,101.87861594130138,102.0219895252335,1813522,1105109,0.24272098802486508,-7435.0,0.4743750864055727,-173035.0,101.08987708461649,,,,-12045.0,0.46745417321738536,0.1433735839321173,NONE,102.14950554498496,0.0019084519979248344,0
2026-08-11 10:38:00,101.83583242981832,102.29681650191728,101.57411753409733,101.82966444483353,464688,4037,101.77682964525422,101.87243819855294,1048407,1969052,-0.305106051150985,2647.0,-0.1252650113325302,219682.0,101.12686645262734,,,,10082.0,-0.12286312393201548,0.09560855329871742,NONE,102.0732426128218,0.0023920158169649496,0
2026-08-11 10:39:00,101.65941787048196,102.07474649271494,101.39377731320232,101.6165362204489,118706,1232,101.59550373636326,101.70324910188248,1612136,1974671,-0.101074576914788,-2805.0,-0.21312822438461865,-345982.0,101.15134994101842,,,,-5452.0,-0.20929875940038922,0.10774536551922154,NONE,101.97680383339524,0.003545364035679772,0
2026-08-11 10:40:00,101.56393808981736,101.812334707522,101.0111432717819,101.49462752909106,274588,4131,101.40111345097974,101.57271726849626,557353,647215,-0.07460101878847852,2899.0,-0.1219086913578451,155882.0,101.16851382042206,,,,5704.0,-0.11996934346726329,0.17160381751652665,NONE,101.55809719743,0.0006253500296924308,0
2026-08-11 10:41:00,101.81470421244684,102.11197038413648,101.51146046493768,101.79706005691912,203602,8634,101.74619136351514,101.8620062416874,1794317,1336176,0.1463478755582587,4503.0,0.30243252782805996,-70986.0,101.1999411322469,,,,1604.0,0.2979788538475914,0.11581487817225877,NONE,101.66643168881546,-0.0012832233861235047,0
2026-08-11 10:42:00,101.885983018364,102.12429111886424,101.49097001337763,101.92268580227234,396773,1233,101.84658196864332,101.9654640023108,885145,1228309,-0.16237117060508532,-7401.0,0.12562574535321858,193171.0,101.23607836574817,,,,-11904.0,0.12340802895778324,0.11888203366747518,NONE,101.76339376756856,-0.0015628712435306572,0
2026-08-11 10:43:00,101.707182845062,102.16614080827878,101.7202167490243,101.78994186712688,224746,2391,101.74689622382807,101.8188357319775,1095929,1711226,-0.21918882284733118,1158.0,-0.1327439351454558,-172027.0,101.2637715408171,,,,8559.0,-0.1302398323793974,0.07193950814942696,NONE,101.78271707136356,-7.09775016155517e-05,0
2026-08-11 10:44:00,101.97789966378012,102.23493228465097,101.68468204391075,101.96928527547549,120431,1889,101.95758599640362,102.049138943245,551712,1890982,-0.5482757971321828,-502.0,0.17934340834860052,-104315.0,101.29904722755002,,,,-1660.0,0.1761897148764513,0.09155294684137516,NONE,101.72927080114611,-0.0023537918666484605,0
2026-08-11 10:45:00,101.91573235496531,102.36166529177804,101.58895644279843,102.02294625616388,287805,8902,102.00389852388165,102.07672307507308,945405,1868051,-0.32794044051159854,7013.0,0.053660980688391646,167374.0,101.3352421789807,,,,7515.0,0.05262465118140991,0.07282455119143094,NONE,101.32072703759204,-0.006882953730905564,0
2026-08-11 10:46:00,102.04511259030971,102.55147659058358,102.04569476001924,102.33724763865918,140088,1745,102.28258788550508,102.36747514209516,1475288,1116839,0.13828373378310554,-7157.0,0.3143013824953016,-147717.0,101.38534245196463,,,,-14170.0,0.30806930600311144,0.08488725659007912,NONE,101.20973562888224,-0.011017611239243493,0
2026-08-11 10:47:00,102.19316152540073,102.51525377700654,101.79049845592148,102.14950554498496,275207,1427,102.0774087528436,102.17707126033856,830429,1620095,-0.32224373236091547,-318.0,-0.1877420936742169,135119.0,101.42355060661565,,,,6839.0,-0.18345431209672025,0.09966250749496908,NONE,101.12125548492465,-0.010066128608008693,0
2026-08-11 10:48:00,102.1636360969304,102.48547837162404,101.88722082891567,102.0732426128218,331110,1731,102.03311643342964,102.09812869422692,615278,1698826,-0.46823651832415486,304.0,-0.07626293216316071,55903.0,101.45603520692596,,,,622.0,-0.07465815106620921,0.06501226079727473,NONE,100.89403598637176,-0.011552553796325802,0
2026-08-11 10:49:00,101.74051058984108,102.05002196169666,101.93057907487672,101.97680383339524,131385,1799,101.90420987206926,102.05674834105376,1009272,592526,0.26017387960279637,68.0,-0.09643877942656331,-199725.0,101.48207363824943,,,,-236.0,-0.09447998021613335,0.15253846898450263,NONE,100.85824102959614,-0.01096879644930378,0
2026-08-11 10:50:00,101.457124126959,101.97456205521712,101.32914704986646,101.55809719743,432343,7507,101.48521999438113,101.58870604410704,665201,1231217,-0.298465844555367,5708.0,-0.4187066359652363,300958.0,101.48587481620845,,,,5640.0,-0.410590075611017,0.10348604972591602,NONE,100.99117187656437,-0.005582275923932752,0
2026-08-11 10:51:00,101.728347114916,101.93657995471062,101.46919199339604,101.66643168881546,400821,8025,101.59307745715596,101.72382949253272,1310944,691269,0.3094950437341082,518.0,0.10833449138546314,-31522.0,101.4949026598388,,,,-5190.0,0.10667243122413073,0.1307520353767586,NONE,101.5678659845306,-0.0009695009714372535,0
2026-08-11 10:52:00,101.96914331453974,102.18572672211369,101.32986367637908,101.76339376756856,218104,8624,101.70906680070672,101.81403294005614,1234391,609365,0.3389960493687885,599.0,0.09696207875309426,-182717.0,101.50832721522528,,,,81.0,0.0953727569094509,0.10496613934941479,NONE,101.63019848430386,-0.0013088722607750359,0
2026-08-11 10:53:00,101.78479644213112,101.99836792453408,101.66071942018732,101.78271707136356,112818,9326,101.69037731785262,101.84488205229412,956770,1021291,-0.03261830651329762,702.0,0.01932330379500513,-105286.0,101.52204670803219,,,,103.0,0.018988462431912545,0.15450473444150248,NONE,101.71654180291168,-0.0006501621331791333,0
2026-08-11 10:54:00,101.65647050702322,101.91879104383764,101.24590368737856,101.72927080114611,425145,6383,101.67524311452787,101.81821474217952,1812784,798510,0.3884181559027823,-2943.0,-0.05344627021744941,312327.0,101.53240791268789,,,,-3645.0,-0.052510162584851194,0.14297162765164728,NONE,101.70240365900756,-0.00026410434211284584,0
2026-08-11 10:55:00,101.30243739348155,101.77825740385065,100.8416579776898,101.32072703759204,255049,7207,101.27020317017734,101.4088243026994,1119902,946171,0.08408754192131643,824.0,-0.4085437635540785,-170096.0,101.52182386893308,,,,3767.0,-0.4015990288111615,0.13862113252206143,NONE,101.13408389575432,-0.001842102275563735,0
2026-08-11 10:56:00,101.34722327079706,101.33532026265644,101.08591980734651,101.20973562888224,149832,3538,101.18179135517128,101.26033247534647,1731215,599830,0.4853552805715891,-3669.0,-0.1109914087097934,-105217.0,101.50621945693055,,,,-4493.0,-0.10954462325226677,0.07854112017518844,NONE,101.132556003411,-0.0007625711596980084,0
2026-08-11 10:57:00,101.0566590670122,101.54336164756772,100.94722950718598,101.12125548492465,403075,4718,101.08356652706256,101.13263844749078,617639,1261573,-0.3426617113981818,1180.0,-0.08848014395759662,253243.0,101.48697125833026,,,,4849.0,-0.08742256207647792,0.04907192042821862,NONE,101.15616486168383,0.00034522293648136626,0
2026-08-11 10:58:00,100.81411678570672,101.13604627262644,100.4462581159348,100.89403598637176,183990,9232,100.8802258820451,100.94241592888604,1840731,1894142,-0.014300620128181065,4514.0,-0.22721949855288415,-219085.0,101.45732449473233,,,,3334.0,-0.22470003706268615,0.06219004684093932,NONE,101.89978982956671,0.009968417194954957,0
2026-08-11 10:59:00,100.80996667737794,101.11528875087176,100.37492991914807,100.85824102959614,309966,4367,100.7912228531707,100.92279844796433,1881872,1461800,0.12563193997497363,-4865.0,-0.03579495677561795,125976.0,101.42737032147554,,,,-9379.0,-0.03547777272033814,0.131575594793631,NONE,101.84584558494322,0.009792006535760131,0
2026-08-11 11:00:00,100.89583901573847,101.1454060173091,100.76945232514632,100.99117187656437,172204,6008,100.95880365961092,101.05137070488318,1228871,1309223,-0.03165840193468012,1641.0,0.13293084696822177,-137762.0,101.40556039922998,,,,6506.0,0.13179968796919184,0.09256704527226134,NONE,101.93918487308102,0.009387087790954181,0
2026-08-11 11:01:00,101.58013301613008,101.85438708484013,101.40736746171017,101.5678659845306,145784,6229,101.5304920116269,101.6364862340526,510960,1819021,-0.5614041487891961,221.0,0.5766941079662331,-26420.0,101.41367567849501,,,,-1420.0,0.5710341777904082,0.1059942224256929,NONE,101.93075695643311,0.0035728915674745638,0
2026-08-11 11:02:00,101.79266633015082,101.79280408244196,101.36715147767808,101.63019848430386,468449,8388,101.55082517735408,101.65406530022643,986744,1675442,-0.25869642466754766,2159.0,0.062332499773262384,322665.0,101.42450181878546,,,,1938.0,0.061370295781104645,0.10324012287235007,NONE,101.58124933477292,-0.0004816398104201357,0
2026-08-11 11:03:00,101.74884973022328,101.73617651003252,101.3726571997288,101.71654180291168,109921,3415,101.67709189642714,101.78472996180194,1670365,1780306,-0.03186075983482633,-4973.0,0.08634331860781685,-358528.0,101.43910381799176,,,,-7132.0,0.08495832921269209,0.10763806537480036,NONE,101.92430194905091,0.0020425404015582548,0
2026-08-11 11:04:00,101.67716830879496,101.83840296167976,101.56566640132009,101.70240365900756,397103,8171,101.6706060287264,101.72884230469452,821064,1652199,-0.33604796578447177,4756.0,-0.014138143904119715,287182.0,101.45226881004255,,,,9729.0,-0.013899552278839877,0.058236275968127416,NONE,102.14919757244868,0.004393149988265348,0
2026-08-11 11:05:00,101.10490276886276,101.13727341745762,100.7658473084448,101.13408389575432,394472,3949,101.1088686983323,101.21163105401703,1307819,991745,0.13744953391164585,-4222.0,-0.5683197632532426,-2631.0,101.43635956432813,,,,-8978.0,-0.5588066189258667,0.10276235568473169,NONE,102.384932935633,0.01236822435815033,0
2026-08-11 11:06:00,100.97623692254136,101.62173339693943,101.1067273248537,101.132556003411,355564,5261,101.05281874721464,101.17307388860463,908540,874968,0.01882357690573858,1312.0,-0.0015278923433186264,-38908.0,101.42116938628229,,,,5534.0,-0.0015107590680241145,0.12025514138998972,NONE,102.1096528239766,0.009661545788802675,0
2026-08-11 11:07:00,101.24447583939856,101.6390384665937,101.13151761530165,101.15616486168383,189506,6145,101.13449129846474,101.23005545068816,1088248,1453283,-0.14362799430736828,884.0,0.023608858272837097,-166058.0,101.40791916005237,,,,-428.0,0.02334446908673904,0.09556415222341741,NONE,102.52713802635034,0.013553036204378775,0
2026-08-11 11:08:00,101.89200610986543,102.09736747830289,101.70664597699394,101.89978982956671,174408,4466,101.84895199114418,101.91409773346828,622994,1061182,-0.2601794586789029,-1679.0,0.7436249678828801,-15098.0,101.43251269352808,,,,-2563.0,0.735125702817685,0.06514574232410553,NONE,102.10234099780833,0.0019877486359921926,0
2026-08-11 11:09:00,101.82779759358417,102.21003101211303,101.66910898891284,101.84584558494322,223852,4088,101.79022187449628,101.8925529872464,1843348,1366050,0.14871885630887788,-378.0,-0.05394424462349434,49444.0,101.45317933809883,,,,1301.0,-0.052938523929946246,0.10233111275012163,NONE,102.2732685525238,0.004196763894744201,0
2026-08-11 11:10:00,102.25849562986552,102.11208792228624,101.78136826539745,101.93918487308102,315838,2115,101.8673197809393,102.01263798008472,1407701,1466754,-0.020544068353827074,-1973.0,0.09333928813779835,91986.0,101.47747961484795,,,,-1595.0,0.09164761468836158,0.14531819914542154,NONE,102.9243887162496,0.009664623514453262,0
2026-08-11 11:11:00,101.96063224726969,102.2663035349761,101.68524707509866,101.93075695643311,126708,5578,101.86376144302317,101.96117530290294,1230456,1590346,-0.1275842827678086,3463.0,-0.008427916647903544,-189130.0,101.50014348192721,,,,5436.0,-0.00826759274011879,0.09741385987977935,NONE,102.6203254151166,0.006765067574041609,0
2026-08-11 11:12:00,101.5060702297634,101.98396435629591,101.42088254361714,101.58124933477292,118847,3590,101.49828447420784,101.66282516880467,1327530,1142313,0.07499140633635418,-1988.0,-0.34950762166019445,-7861.0,101.5041987745695,,,,-5451.0,-0.3428873012388034,0.1645406945968375,NONE,102.44264904177886,0.00847990857217261,0
2026-08-11 11:13:00,101.88166618943036,102.39768007139703,101.82817298981686,101.92430194905091,155989,8372,101.91027431999755,101.99107212503036,1194595,1747883,-0.1880347108797415,4782.0,0.34305261427799394,37142.0,101.52520393329357,,,,6770.0,0.3377125370327194,0.08079780503280176,NONE,102.4638741321775,0.005293852131519107,0
2026-08-11 11:14:00,102.26404214336834,102.3493037103735,101.99446279790438,102.14919757244868,487527,4573,102.11251790721852,102.21207813194216,1897581,922701,0.3456675609034841,-3799.0,0.2248956233977708,331538.0,101.55640361525133,101.01694953558055,0.5394540796707759,,-8581.0,0.22064965773342937,0.09956022472364623,NONE,102.30327939556862,0.0015083997405917608,0
2026-08-11 11:15:00,102.39625997668678,102.77658192711102,101.89748079922788,102.384932935633,104922,3978,102.34972086494322,102.4267523325114,527949,1588861,-0.5011843292501452,-595.0,0.2357353631843182,-382605.0,101.59783008127042,101.02834939724765,0.5694806840227642,0.03002660435198834,3204.0,0.23077554086230467,0.07703146756817603,NONE,101.82764830501016,-0.005443033605083253,0
2026-08-11 11:16:00,101.96582502614486,102.24261704929263,101.90409611547916,102.1096528239766,152335,8313,102.0865113024733,102.16307345631088,1702469,1666289,0.010739863178061469,4335.0,-0.2752801116564001,47413.0,101.62342121840572,101.03736025913706,0.5860609592686643,0.01658027524590011,4930.0,-0.2688677950587359,0.07656215383758536,NONE,101.83690697238517,-0.002671107422739114,0
2026-08-11 11:17:00,102.61906091980786,103.02230417824715,102.30478163792118,102.52713802635034,489057,8022,102.49111198350326,102.59089946343836,1751260,1187831,0.1917017880698488,-291.0,0.4174852023737401,336722.0,101.66860705880295,101.04977507386384,0.6188319849391064,0.0327710256704421,-4626.0,0.40885968253503435,0.0997874799351024,NONE,101.50602948273266,-0.009959397709465492,0
2026-08-11 11:18:00,102.03552658925445,102.1152257971905,101.81406850283275,102.10234099780833,381695,5975,102.06446211953546,102.15486258806068,1439536,1072959,0.14590158388374902,-2047.0,-0.4247970285420166,-107362.0,101.69029375575322,101.05854645656338,0.6317472991898399,0.012915314250733445,-1756.0,-0.41432642783107987,0.09040046852521755,NONE,101.63504685524688,-0.004576723099536701,0
2026-08-11 11:19:00,102.46059833014554,102.57503295577436,101.78159816831668,102.2732685525238,250453,5925,102.21629895095032,102.34611675167844,835681,880360,-0.0260360912122729,-50.0,0.17092755471547605,-131242.0,101.71944249559175,101.06866914069639,0.6507733548953638,0.01902605570552396,1997.0,0.16740806630393124,0.12981780072811944,NONE,101.34528757206428,-0.009073543787083974,0
2026-08-11 11:20:00,103.03239352282104,103.25414170707526,102.80358807803172,102.9243887162496,475463,9047,102.85465531314624,102.97342144022922,1957095,1505655,0.13037037037037036,3122.0,0.6511201637257926,225010.0,101.77968980662465,101.08413347049266,0.6955563361319861,0.04478298123662228,3172.0,0.636647457288797,0.11876612708297785,NONE,101.79546670449216,-0.01096845971919973,0
2026-08-11 11:21:00,102.57559322555072,102.96434819365366,102.27968435985038,102.6203254151166,417817,9090,102.57602636889152,102.64853000147338,878147,1144158,-0.13153851669258593,43.0,-0.30406330113299873,-57646.0,101.82172158704925,101.0969350700312,0.7247865170180603,0.02923018088607421,-3079.0,-0.29542395629015283,0.07250363258185644,NONE,101.5448229863444,-0.010480403608365177,0
2026-08-11 11:22:00,102.57075067795238,102.5028428311734,102.084656695008,102.44264904177886,463675,9051,102.36789672096066,102.47190308223097,1761641,1676473,0.02477172077482015,-39.0,-0.17767637333773223,45858.0,101.85276795978572,101.1081493531291,0.7446186066566298,0.019832089638569528,-82.0,-0.173139553610846,0.10400636127030793,NONE,101.4316730487167,-0.009868702171591224,0
2026-08-11 11:23:00,102.47065968323024,102.93313902391408,102.16021192378096,102.4638741321775,122948,6292,102.42361925170532,102.47439647137335,1524483,906914,0.2539975989112432,-2759.0,0.021225090398630186,-340727.0,101.88332326840532,101.11944705962115,0.7638762087841684,0.019257602127538576,-2720.0,0.02071899799269694,0.050777219668034945,NONE,101.65833592165166,-0.007861680200445103,0
2026-08-11 11:24:00,102.38855676308084,102.39387103509368,102.2589902257503,102.30327939556862,192264,7645,102.2671538646103,102.3403655899689,1954095,1269814,0.21225195872464142,1353.0,-0.16059473660887136,69316.0,101.90432107476349,101.12931232908737,0.7750087456761179,0.011132536891949485,4112.0,-0.1567330319774074,0.07321172535860399,NONE,101.27082662097943,-0.01009207897038255,0
2026-08-11 11:25:00,101.8761215867396,102.13902500663008,101.48921216709638,101.82764830501016,159072,6403,101.76894137998303,101.90505089265324,1074989,1259242,-0.07893520392797457,-1242.0,-0.47563109055846553,-33192.0,101.90048743627582,101.13513179555339,0.7653556407224329,-0.009653104953684988,-2595.0,-0.4649226235645676,0.13610951267020255,NONE,101.31996013088012,-0.0049857595906499875,0
2026-08-11 11:26:00,101.75227130688606,101.9482450119467,101.80485961686706,101.83690697238517,429704,4430,101.82477249995765,101.91838161618054,1336943,1195089,0.056023778530445115,-1973.0,0.00925866737500769,270632.0,101.89730841308129,101.140979922027,0.7563284910542905,-0.009027149668142442,-731.0,0.00909248866012291,0.09360911622289336,NONE,101.6921474227786,-0.0014214841545198906,0
2026-08-11 11:27:00,101.4416744995009,101.65963769124328,101.2079581579577,101.50602948273266,313321,2995,101.4888484616056,101.53425156152127,580664,511171,0.06364789551534801,-1435.0,-0.33087748965250796,-116383.0,101.87774446656385,101.14402200169955,0.7337224648643002,-0.022606026189990303,538.0,-0.3249092097251438,0.04540309991567426,NONE,101.18909940645106,-0.0031222783306237693,0
2026-08-11 11:28:00,101.738042937005,101.90827612611092,101.265256266636,101.63504685524688,233558,7030,101.58742959632409,101.7313608149653,911496,948381,-0.019831956629390007,4035.0,0.12901737251422674,-79763.0,101.865609585998,101.14811387547911,0.7174957105188895,-0.016226754345410654,5470.0,0.1271031614296092,0.14393121864121383,NONE,101.2228427096791,-0.004055728396080378,0
2026-08-11 11:29:00,101.31181003885362,101.55388428134655,101.2398026267543,101.34528757206428,166691,4891,101.25042542803902,101.4005038234775,1588003,549948,0.48553732054663556,-2139.0,-0.2897592831826046,-66867.0,101.83959348530132,101.14975698961733,0.6898364956839913,-0.027659214834898194,-6174.0,-0.28509780056016343,0.15007839543847012,NONE,101.27832073865817,-0.0006607789568754671,0
2026-08-11 11:30:00,101.75510185816796,101.8755795049804,101.37465570072077,101.79546670449216,241154,8145,101.72053064430624,101.88799479190382,597180,1059013,-0.2788521627612241,3254.0,0.450179132427877,74463.0,101.83738714626085,101.15513790390796,0.6822492423528956,-0.007587253331095667,5393.0,0.44420332036432253,0.16746414759758466,NONE,101.48954483886324,-0.00300526020983818,0
2026-08-11 11:31:00,101.44931072840944,101.6302911875548,101.52964608357787,101.5448229863444,464925,9498,101.52689159508934,101.61843186171193,1127838,781594,0.18133350650874186,1353.0,-0.25064371814775654,223771.0,101.82275893826503,101.15838527959494,0.6643736586700868,-0.017875583682808838,-1901.0,-0.24622286852454822,0.0915402666225873,NONE,101.09430506398007,-0.0044366409740545,0
2026-08-11 11:32:00,101.47403295527604,101.6407454427981,101.00976661688756,101.4316730487167,446249,3102,101.34550442756642,101.50669205678872,1626528,1955092,-0.09173614174591387,-6396.0,-0.11314993762769632,-18676.0,101.80320464378761,101.16066267767096,0.6425419661166529,-0.021831692553433868,-7749.0,-0.11142856356439745,0.16118762922229735,NONE,100.67318601795516,-0.007477812481681623,0
2026-08-11 11:33:00,101.86458841357596,102.0369774107894,101.42817139633028,101.65833592165166,107086,4030,101.58242885229691,101.6759898475692,566046,1412332,-0.42776759547467674,928.0,0.22666287293495202,-339163.0,101.7959612076808,101.16480995470413,0.6311512529766787,-0.011390713139974196,7324.0,0.2234636047323102,0.09356099527228423,NONE,100.80396337217778,-0.008404353088489925,0
2026-08-11 11:34:00,101.164073329554,101.71980894440333,101.16203265101362,101.27082662097943,489962,9524,101.2058414336662,101.30062582240016,606918,584600,0.01873072836499323,5494.0,-0.387509300672221,382876.0,101.76970447834574,101.16569342692308,0.6040110514226598,-0.027140201554018972,4566.0,-0.38118792439301163,0.0947843887339701,NONE,100.86643519895334,-0.003993167978568865,0
2026-08-11 11:35:00,101.3223820765474,101.3620239620098,101.25307105838314,101.31996013088012,167853,9107,101.23613376442528,101.33075346587664,1878162,635513,0.49435547554874837,-417.0,0.04913350990068466,-322109.0,101.74721726097246,101.1669789827894,0.5802382781830602,-0.023772773239599587,-5911.0,0.048516943664900225,0.09461970145136434,NONE,100.91414575845756,-0.004005275682090119,0
2026-08-11 11:36:00,101.83336947832014,101.8886993765583,101.2154938389874,101.6921474227786,464069,1242,101.64577753648172,101.7665989104215,1115358,611315,0.29191572463344245,-7865.0,0.3721872918984843,296216.0,101.74446376906278,101.17135538645599,0.5731083826067902,-0.007129895576269973,-7448.0,0.36733856923918395,0.12082137393977632,NONE,100.98983408948114,-0.006906269078748482,0
2026-08-11 11:37:00,101.1811352673265,101.2392221883125,101.15276661266049,101.18909940645106,432171,2884,101.15916431187422,101.23009885240964,1334754,1044403,0.12203944506394492,1642.0,-0.5030480163275399,-31898.0,101.7166955509322,101.17150325328927,0.5451922976429273,-0.027916084963862886,9507.0,-0.49467734636003957,0.07093454053541848,NONE,100.75677673311807,-0.004272423372367999,0
2026-08-11 11:38:00,101.26807988930408,101.2311389499954,101.12329599971112,101.2228427096791,378060,9015,101.16676060465932,101.30364143612596,1499488,1983789,-0.13903602842955068,6131.0,0.03374330322803587,-54111.0,101.69200290886954,101.17193108209253,0.5200718267770128,-0.025120470865914513,4489.0,0.03334677690183252,0.13688083146664098,NONE,100.7966042655628,-0.004210891857076209,0
2026-08-11 11:39:00,101.17208138584348,101.60918007998016,101.10440956494163,101.27832073865817,377392,7747,101.21892498065476,101.3188249984525,1455200,1168975,0.109072375127421,-1268.0,0.05547802897906706,-668.0,101.67131880035896,101.1728176625639,0.4985011377950599,-0.021570688981952912,-7399.0,0.05480781560165404,0.0999000177977365,NONE,100.85388410745182,-0.004190794516642684,0
2026-08-11 11:40:00,101.532375548584,101.79076955984657,101.17942741438269,101.48954483886324,386370,9494,101.43109546538236,101.57328487657016,1618822,1170092,0.1608977544664339,1747.0,0.21122410020507232,8978.0,101.66223010228417,101.17545705569974,0.48677304658443177,-0.011728091210628122,3015.0,0.20855805928112758,0.14218941118780037,NONE,100.60814891318483,-0.008684598271455573,0
2026-08-11 11:41:00,101.07559063747962,101.17581462088752,100.82190452134202,101.09430506398007,338922,5330,101.03344842274686,101.11606790681742,1527348,1442871,0.028441337153927035,-4164.0,-0.39523977488316575,-47448.0,101.63383385036897,101.17478078910207,0.45905306126689993,-0.027719985317531837,-5911.0,-0.3894389077325089,0.08261948407056252,NONE,101.13566922379968,0.00040916409478683886,0
2026-08-11 11:42:00,100.77175901752314,100.79009243450167,100.610364271749,100.67318601795516,148380,8863,100.57780257531364,100.69878960206331,1039871,542738,0.31412243959183855,3533.0,-0.4211190460249128,-190542.0,101.58580145874829,101.17060083267585,0.4152006260724477,-0.043852435194452255,7697.0,-0.41656060225984115,0.12098702674967399,NONE,101.2448305176185,0.0056782200134341855,0
2026-08-11 11:43:00,100.92270197733426,100.81581724900003,100.65909938030867,100.80396337217778,369992,4109,100.71276126609912,100.84464226074032,1893440,632053,0.4994616892622549,-4754.0,0.13077735422261583,221612.0,101.54670955441978,101.16754552050503,0.37916403391474773,-0.03603659215769994,-8287.0,0.12990286628982162,0.13188099464119318,NONE,100.85368021865396,0.0004932032909522388,0
2026-08-11 11:44:00,101.1253915631552,101.28390880180054,100.74705931341032,100.86643519895334,114274,3186,100.77762066566304,100.91319906395276,948431,1742529,-0.29509840354371675,-923.0,0.062471826775563954,-255718.0,101.51269583664644,101.16503626782543,0.34765956882101534,-0.03150446509373239,3831.0,0.06197358187685076,0.13557839828972362,NONE,101.0161223936568,0.0014840139280050005,0
2026-08-11 11:45:00,100.97210907577892,101.40149105648185,100.8073743312124,100.91414575845756,416689,2550,100.8320182454758,100.95552901143344,899325,1738257,-0.31806859464464043,-636.0,0.04771055950422465,302415.0,101.482768332737,101.1629455135807,0.3198228191563004,-0.027836749664714944,287.0,0.04730072933589735,0.1235107659576471,NONE,100.6884354729018,-0.0022366565545331057,0
2026-08-11 11:46:00,101.02241372113936,101.05756385787848,100.78426192124114,100.98983408948114,360115,1646,100.89492555982726,101.06856232240824,1787861,980306,0.29172914784404264,-904.0,0.07568833102357075,-56574.0,101.45812162057419,101.16150291837987,0.29661870219432274,-0.02320411696197766,-268.0,0.07500269704976414,0.17363676258098337,NONE,100.88852620294676,-0.001003149351098137,0
2026-08-11 11:47:00,100.77621516327582,100.87251434000072,100.40476100682226,100.75677673311807,196494,7144,100.73791221536696,100.77550235845447,821901,843810,-0.013152941896883673,5498.0,-0.23305735636306224,-163621.0,101.42305437620139,101.15813020016935,0.2649241760320393,-0.03169452616228341,6402.0,-0.23077308569153798,0.037590143087513184,NONE,101.19932440879543,0.0043922373266223995,0
2026-08-11 11:48:00,100.76128763628174,101.23080902753628,100.68787779945418,100.7966042655628,215981,5656,100.76274317203269,100.83821379733028,1293091,1011801,0.12204042532144674,-1488.0,0.03982753244473258,19487.0,101.39173187066946,101.15511748404764,0.23661438662182377,-0.028309789410215558,-6986.0,0.039528390780341205,0.07547062529759785,NONE,100.91559997604035,0.00118055277104413,0
2026-08-11 11:49:00,100.887732491798,101.31711600642991,100.67054466760032,100.85388410745182,266305,9904,100.7993290723429,100.93923570740822,1811958,510728,0.5602263930638924,4248.0,0.05727984188901303,50324.0,101.36483948250859,101.15260720590933,0.21223227659925215,-0.024382110022571624,5736.0,0.056827154353444875,0.13990663506531575,NONE,101.166360487147,0.0030983078387171,0
2026-08-11 11:50:00,100.57860877217097,100.81796260458826,100.41269019976428,100.60814891318483,116304,1537,100.52196080880374,100.62416065013844,1145558,1392284,-0.09721881819277954,-8367.0,-0.24573519426698454,-150001.0,101.3270049540424,101.14807005346997,0.178934900572429,-0.033297376026823144,-12615.0,-0.2436546657986649,0.10219984133469495,NONE,101.25121665653322,0.006391805736365231,0
2026-08-11 11:51:00,101.15251532142663,101.16098045993422,100.64744095908198,101.13566922379968,373438,7572,101.08020430976264,101.2304801394901,1405643,617616,0.38948399587002946,6035.0,0.5275203106148467,257134.0,101.31743816753026,101.14796671322273,0.16947145430752641,-0.009463446264902586,14402.0,0.5243315937261128,0.15027582972746245,NONE,101.45813775339592,0.003188474769298815,0
2026-08-11 11:52:00,101.3765902711793,101.26452643446493,100.76749733917896,101.2448305176185,388569,1234,101.16750739107776,101.34359903342298,515064,718422,-0.16486445731852653,-6338.0,0.1091612938188149,15131.0,101.31380778503467,101.1487739115927,0.1650338734419705,-0.004437580865555901,-12373.0,0.10793550352374837,0.17609164234521302,NONE,101.98676692116554,0.00732814109869968,0
2026-08-11 11:53:00,100.753025962126,101.14065515168846,100.45361142727792,100.85368021865396,299783,7539,100.83117382718156,100.87165135429822,1710763,1322646,0.12794746768404788,6305.0,-0.3911502989645328,-88786.0,101.29080140671564,101.14631479748486,0.14448660923078194,-0.020547264211188576,12643.0,-0.3863410081924812,0.04047752711666419,NONE,101.87203717670214,0.010097370327392545,0
2026-08-11 11:54:00,101.1301102497697,101.2125699481034,100.8952929332472,101.0161223936568,210777,2374,100.9834051504889,101.0523369206598,1389417,1538967,-0.05106912208234986,-5165.0,0.16244217500283753,-89006.0,101.27706745606271,101.1452298607863,0.1318375952764086,-0.012649013954373345,-11470.0,0.16106717637933698,0.06893177017089158,NONE,101.60410575377573,0.00582068828406987,0
2026-08-11 11:55:00,100.82014697963578,100.70276168669062,100.65441681585595,100.6884354729018,191549,2909,100.6125756243484,100.73195153284496,1592834,689007,0.396095521116502,535.0,-0.3276869207549993,-19228.0,101.24763585690467,101.14142324088725,0.10621261601741594,-0.025624979258992653,5700.0,-0.32439071406642483,0.11937590849656488,NONE,101.29475103011336,0.006021700052879819,0
2026-08-11 11:56:00,100.87671935024764,101.18015239910304,100.73007413408644,100.88852620294676,193464,8218,100.86370014214688,100.96840142612552,1159830,1242441,-0.034388709683462027,5309.0,0.20009073004496258,1915.0,101.22968037420677,101.13931576557108,0.09036460863568152,-0.01584800738173442,4774.0,0.19872265281033474,0.10470128397864187,NONE,101.00682529429118,0.0011725723012985816,0
2026-08-11 11:57:00,100.9871389188946,101.20497567708996,101.06592713407854,101.19932440879543,206748,1080,101.1577023746765,101.26295782188596,1439507,807732,0.28113387138617657,-7138.0,0.3107982058486698,13284.0,101.2281625759362,101.13981583759795,0.08834673833824525,-0.002017870297436275,-12447.0,0.30806100311493445,0.10525544720945845,NONE,100.93983756262428,-0.002564116388000358,0
2026-08-11 11:58:00,100.85481777733092,101.309285955115,100.66263707596715,100.91559997604035,430439,3083,100.88176201283714,100.9835928890847,1311100,1698601,-0.12875066327186654,2003.0,-0.2837244327550792,223691.0,101.2125344459414,101.13794737208497,0.07458707385643493,-0.013759664481810319,9141.0,-0.28036198305926296,0.10183087624756126,NONE,100.9976591748458,0.0008131468160019025,0
2026-08-11 11:59:00,101.2960599418031,101.31957689849868,100.77749653211308,101.166360487147,378235,2690,101.12487293466695,101.24453637120064,1887979,1354840,0.16440603067886306,-393.0,0.2507605111066482,-52204.0,101.21022574800168,101.1381841480438,0.07204159995787052,-0.00254547389856441,-2396.0,0.24848537903572332,0.11966343653368483,NONE,101.0354835988616,-0.0012936799115356862,0
2026-08-11 12:00:00,101.24892985030333,101.27134565803784,100.82205518709378,101.25121665653322,482087,1756,101.1774674921162,101.27183476648256,1136480,796247,0.17603779530166444,-934.0,0.08485616938621376,103852.0,101.21227529342825,101.13912608561456,0.07314920781368528,0.0011076078558147628,-541.0,0.08387785127150771,0.09436727436636261,NONE,101.23780496533142,-0.0001324595559902388,0
2026-08-11 12:01:00,101.35820753016642,101.7523138638875,101.03570571069066,101.45813775339592,354174,3670,101.41503150709306,101.54312660451784,1907296,1619525,0.08159501148484712,1914.0,0.20692109686270044,-127913.0,101.22456841642664,101.1417845161794,0.08278390024723592,0.00963469243355064,2848.0,0.20436405970767346,0.12809509742477587,NONE,101.19522929114716,-0.0025912999003370706,0
2026-08-11 12:02:00,101.93628942904272,102.18560912838208,101.806929140554,101.98676692116554,231074,4751,101.92679322213084,102.06027270354176,1129769,1774453,-0.2219816529177177,1081.0,0.5286291677696227,-123100.0,101.26267834166359,101.14882603622095,0.11385230544263436,0.03106840519539844,-833.0,0.521031806294836,0.13347948141091592,NONE,101.58417891238796,-0.00394745338960279,0
2026-08-11 12:03:00,101.9560991793526,102.3589373833807,101.5284200049718,101.87203717670214,353890,9659,101.85304330776724,101.9339979319698,1711694,1466768,0.07705802366049995,4908.0,-0.11472974446340345,122816.0,101.29314628341551,101.15485279572496,0.1382934876905466,0.024441182247912252,3827.0,-0.11249473625543072,0.08095462420256183,NONE,101.45704528662324,-0.004073658499231448,0
2026-08-11 12:04:00,101.65877911059586,101.87620508502758,101.44768865501362,101.60410575377573,150411,6261,101.5216541613846,101.6941819339062,1750625,1561999,0.0569415665647535,-3398.0,-0.26793142292640937,-203479.0,101.30869425693352,101.1585965703754,0.1500976865581265,0.011804198867579885,-8306.0,-0.2630078187811913,0.17252777252159035,NONE,102.22474198462282,0.006108377473949015,0
2026-08-11 12:05:00,101.27085782019638,101.43237062063184,101.26429825849576,101.29475103011336,358901,7852,101.25146105380502,101.36777860196288,970471,800206,0.09615813612533511,1591.0,-0.3093547236623664,208490.0,101.30799709559251,101.1597311908732,0.14826590471930956,-0.0018317818388169371,4989.0,-0.3044706917770146,0.11631754815786621,NONE,102.36347926841243,0.010550677378942929,0
2026-08-11 12:06:00,100.9701428531097,101.36154472660816,100.6560426614897,101.00682529429118,195696,2494,100.93845721997818,101.03497829092797,505397,1198165,-0.4066585190324743,-5358.0,-0.28792573582218495,-163205.0,101.29293850552745,101.15845697506835,0.13448153045909805,-0.013784374260211507,-6949.0,-0.2842454647394188,0.09652107094979101,NONE,102.05676892839264,0.010394779075991898,0
2026-08-11 12:07:00,100.90066174771992,101.07558356389563,100.9349237863394,100.93983756262428,251779,6740,100.86455249847472,100.9885146469211,1386357,562979,0.42238895706025026,4246.0,-0.06698773166689875,56083.0,101.27528345838229,101.15663514663132,0.11864831175097379,-0.015833218708124264,9604.0,-0.06632000508057789,0.12396214844638109,NONE,101.68534677616653,0.007385678752254046,0
2026-08-11 12:08:00,100.90541815639595,101.4497808205496,100.79306788111656,100.9976591748458,246320,9055,100.96878969185576,101.05212303287004,1107769,583905,0.30967195807229997,2315.0,0.057821612221516716,-5459.0,101.26140224420547,101.15531034686643,0.10609189733904145,-0.012556414411932337,-1931.0,0.05728324278870822,0.08333334101428136,NONE,101.77935169632497,0.0077397092949047135,0
2026-08-11 12:09:00,101.19702116780851,101.22284458411528,100.87079396421056,101.0354835988616,171309,1901,100.9458628502158,101.05045318526912,653305,1625546,-0.4266364935662753,-7154.0,0.037824424015809655,-75011.0,101.25010631193828,101.15431179063306,0.0957945213052227,-0.01029737603381875,-9469.0,0.037450792745929995,0.10459033505331661,NONE,101.66100268648692,0.006191083224867831,0
2026-08-11 12:10:00,101.20557291841028,101.51273924671952,100.891116196072,101.23780496533142,309394,1672,101.1723447826868,101.33372234153384,1871028,563805,0.5368840491319117,-229.0,0.20232136646981758,138085.0,101.24949124460794,101.15500756708887,0.09448367751906517,-0.001310843786157534,6925.0,0.20024783300200966,0.16137755884703608,NONE,101.8233284244963,0.005783644354649787,0
2026-08-11 12:11:00,101.3169451432297,101.22051584305927,100.81210655476696,101.19522929114716,246109,9630,101.14664402838952,101.21680124461888,1749374,619779,0.476792760957186,7958.0,-0.042575674184263335,-63285.0,101.2467781469349,101.15534274812268,0.09143539881222296,-0.0030482787068422112,8187.0,-0.042055113896277696,0.07015721622936155,NONE,101.912870299961,0.007091648626528916,0
2026-08-11 12:12:00,101.7363105175802,101.79723953136408,101.4321315944023,101.58417891238796,167421,1444,101.55776874586591,101.65695042643836,956435,909852,0.024960255309070898,-8186.0,0.3889496212407977,-78688.0,101.26364818520754,101.15891638282488,0.10473180238265911,0.013296403570436155,-16144.0,0.38435568945820453,0.09918168057244259,NONE,101.83804654565348,0.0024990863339504725,0
2026-08-11 12:13:00,101.55687637643804,101.87322705645374,101.0512317794008,101.45704528662324,336436,9655,101.36223820221214,101.51260607987142,1025418,1081755,-0.026735820931646333,8211.0,-0.12713362576471354,169015.0,101.27331804027833,101.16140079035654,0.1119172499217882,0.007185447539129086,16397.0,-0.1251510098579045,0.15036787765927784,NONE,101.53049711134123,0.0007239696810653762,0
2026-08-11 12:14:00,102.18157995335102,102.6275663873045,102.07778360437035,102.22474198462282,402756,3198,102.14678584625098,102.23704888711242,1038359,991135,0.023268854207009235,-6457.0,0.7676966979995825,66320.0,101.32088923749555,101.17026196697542,0.15062727052013258,0.038710020598344386,-14668.0,0.756671649396834,0.09026304086144421,NONE,101.02200491234144,-0.011765616121215565,0
2026-08-11 12:15:00,102.40385227744608,102.4756385478392,102.14031608841915,102.36347926841243,113450,3287,102.33475705776644,102.45670654124022,872384,648079,0.14752414231717575,89.0,0.13873728378960948,-289306.0,101.37301873904138,101.18020544448738,0.19281329455399998,0.0421860240338674,6546.0,0.13571791045505766,0.12194948347378443,NONE,100.83349530186524,-0.014946580337850223,0
2026-08-11 12:16:00,102.05434936775352,102.16980846389792,101.69325966488556,102.05676892839264,109491,5008,102.01637495866744,102.14343424118633,1026406,863604,0.08613816858111861,1721.0,-0.3067103400197908,-3959.0,101.40720624850894,101.18751014018659,0.21969610832235276,0.026882813768352776,1632.0,-0.2996286783253477,0.12705928251888565,NONE,101.03535243353345,-0.010008316994396176,0
2026-08-11 12:17:00,101.5949765900935,102.09399943227314,101.33888666155411,101.68534677616653,217026,1496,101.6024760929386,101.74252998967786,1610984,988963,0.23924372304512362,-3512.0,-0.37142215222611696,107535.0,101.42111327489184,101.19165877881976,0.2294544960720799,0.009758387749727149,-5233.0,-0.36393681293861446,0.1400538967392606,NONE,101.04402047018056,-0.006306968765103205,0
2026-08-11 12:18:00,101.81178762449711,102.24455090640964,101.28566746016888,101.77935169632497,174804,2463,101.7067407066356,101.80995650657752,1600362,1232224,0.12996533909297017,967.0,0.09400492015844009,-42222.0,101.4390251959635,101.19655621979896,0.2424689761645311,0.013014480092451208,4479.0,0.09244686981828565,0.1032157999419212,NONE,100.61425106039684,-0.011447318306805409,0
2026-08-11 12:19:00,101.54309870737094,101.70868314712342,101.54842217437896,101.66100268648692,455437,7828,101.58208210014251,101.68194874664812,1105559,896605,0.10436407806753094,5365.0,-0.11834900983804175,280633.0,101.45012407048966,101.20042660702137,0.24969746346829425,0.007228487303763131,4398.0,-0.11627998004070106,0.09986664650560328,NONE,100.60967984960372,-0.01034145649856891,0
2026-08-11 12:20:00,101.94209636334246,102.0483577442094,101.4921694677265,101.8233284244963,219498,5253,101.77362032529712,101.8660337476452,519158,1666681,-0.5249805681022253,-2575.0,0.1623257380093719,-235939.0,101.46878428819,101.20561745550032,0.2631668326896772,0.013469369221382976,-7940.0,0.15967355595534194,0.09241342234808769,NONE,100.66828192483402,-0.011343633306180545,0
2026-08-11 12:21:00,101.86640857023114,102.0815974394431,101.6080293458231,101.912870299961,338515,1493,101.8383874363232,101.94585884525512,588114,1673111,-0.4798270848765603,-3760.0,0.08954187546470393,119017.0,101.49098858877855,101.21151122920416,0.27947735957438624,0.01631052688470902,-1185.0,0.08793846837475972,0.10747140893191443,NONE,100.34567405063152,-0.015377805028125913,0
2026-08-11 12:22:00,101.85816251124076,102.2733907733822,101.38049731840846,101.83804654565348,467619,6065,101.79326211059572,101.89364875374405,1208481,1820178,-0.20196958455871064,4572.0,-0.07482375430751631,129104.0,101.5083414866223,101.21673235684125,0.291609129781051,0.012131770206664783,8332.0,-0.07341933760406372,0.10038664314832602,NONE,100.33389366134678,-0.014770048477239804,0
2026-08-11 12:23:00,101.55882589849588,101.57225956868126,101.4523160405188,101.53049711134123,390458,6430,101.5014834488168,101.62747394799236,1021358,1099176,-0.036697360193234344,365.0,-0.30754943431225,-77161.0,101.50944926785824,101.21934706312875,0.290102204729493,-0.001506925051558028,-4207.0,-0.3019985602084163,0.1259904991755576,NONE,100.29302138463444,-0.012188216958592643,0
2026-08-11 12:24:00,100.99611441497105,101.12756788362046,100.64610583054798,101.02200491234144,414027,2426,100.95506397920572,101.0837507267321,1044162,1100310,-0.026182668740836905,-4004.0,-0.5084921989997895,23569.0,101.4850770500824,101.21770254520553,0.2673745048768694,-0.022727699852623573,-4369.0,-0.5008270553843119,0.12868674752638753,NONE,99.89136881619623,-0.011191978392492632,0
2026-08-11 12:25:00,100.89216468201276,101.20972947065847,100.54936099373084,100.83349530186524,449230,2793,100.73565404856132,100.92358909689534,739139,1721048,-0.3991196604160578,367.0,-0.18850961047620274,35203.0,101.45249796267153,101.21450081817768,0.23799714449384624,-0.029377360383023188,4371.0,-0.18660252351928586,0.18793504833402608,NONE,99.9395274186414,-0.008865782947894104,0
2026-08-11 12:26:00,100.9878620678712,101.06099935802403,100.8980194986395,101.03535243353345,296701,3723,100.99739834610789,101.10393152890806,1369875,1207217,0.06311687747274836,930.0,0.20185713166820562,-152529.0,101.43164068621464,101.21300791497232,0.21863277124231217,-0.01936437325153406,563.0,0.20018856934782558,0.10653318280017743,NONE,100.04817957867051,-0.009770568727538705,0
2026-08-11 12:27:00,101.13115019992628,101.2902881605377,100.80680301310696,101.04402047018056,463435,1658,100.99253320688145,101.0967926575734,1871302,1716175,0.043241252835906685,-2065.0,0.008668036647108579,166734.0,101.41225967541293,101.21159968626573,0.20065998914719785,-0.017972782095114326,-2995.0,0.008579211571335676,0.10425945069195564,NONE,100.31311676806848,-0.007233517616490453,0
2026-08-11 12:28:00,100.47965309237216,100.8353045777367,100.44736276186194,100.61425106039684,342223,5761,100.54359093700056,100.70116574104284,622603,1303369,-0.35346619784711303,4103.0,-0.4297694097837166,-121212.0,101.37235924466212,101.20662178105016,0.1657374636119613,-0.03492252553523656,6168.0,-0.4253288891157614,0.15757480404228374,NONE,100.56889489131208,-0.000450792691957013,0
2026-08-11 12:29:00,100.62231780755836,100.77688043909808,100.32002314820949,100.60967984960372,109967,8630,100.55094428421268,100.66210297951928,1482207,1193032,0.10809314607031371,2869.0,-0.00457121079311662,-232256.0,101.3342252749092,101.20164726495477,0.13257800995442892,-0.03315945365753237,-1234.0,-0.004543303503168339,0.1111586953065995,NONE,100.09485802501868,-0.00511702080112592,0
2026-08-11 12:30:00,100.86217482473984,100.86556808249348,100.22378161942667,100.66828192483402,312826,9741,100.5823734232202,100.75645846017996,1963497,1025400,0.3138605980734699,1111.0,0.058602075230297146,202859.0,101.30092810740544,101.1972025537871,0.10372555361834657,-0.028852456336082355,-1758.0,0.05824695528093837,0.17408503695975241,NONE,99.75241170537024,-0.009097902556314975,0
2026-08-11 12:31:00,100.24564091817098,100.61064434409664,100.06102155842542,100.34567405063152,405364,9834,100.26711720704928,100.38191595989336,997821,990492,0.0036860393710648172,93.0,-0.3226078742025038,92538.0,101.25316540456674,101.19010648292746,0.06305892163928206,-0.040666631979064505,-1018.0,-0.32046625613754154,0.11479875284408081,NONE,99.8454716024374,-0.004984793344870339,0
2026-08-11 12:32:00,100.2661191642943,100.41457734054096,100.01803245218348,100.33389366134678,305235,5350,100.31864691299916,100.35548683798544,1941525,575561,0.5426767301554257,-4484.0,-0.01178038928473768,-100129.0,101.20720181740575,101.18297137608096,0.024230441324789354,-0.03882848031449271,-4577.0,-0.011739807815525083,0.03683992498628186,NONE,99.93781576817833,-0.003947598151680626,0
2026-08-11 12:33:00,100.34441216960032,100.57901932377624,100.0336474610771,100.29302138463444,498163,1207,100.19316347358132,100.37999968642713,1724301,1713730,0.003074725038837637,-4143.0,-0.040872276712335065,192928.0,101.16149279576717,101.17555512615223,-0.014062330385058885,-0.03829277170984824,341.0,-0.04073626091926075,0.18683621284580454,SELL,100.03020851777532,-0.0026204501891632743,1
2026-08-11 12:34:00,99.9093269943902,100.29408498084624,99.86578606297353,99.89136881619623,270491,5190,99.81365259536148,99.95423618093758,1368450,1142469,0.0899993189744472,3983.0,-0.40165256843820885,-227672.0,101.09798659678863,101.16485357356926,-0.0668669767806307,-0.05280464639557181,8126.0,-0.40047907909547265,0.14058358557610973,NONE,101.12358753032284,0.012335587435926824,0
2026-08-11 12:35:00,99.97459042856876,100.31960788353648,99.82309814020336,99.9395274186414,418275,2883,99.85177612017492,100.0295457344838,1387024,1084770,0.12228122570084723,-2307.0,0.04815860244517012,147784.0,101.04006363788127,101.1546425222782,-0.11457888439691999,-0.047711907616289295,-6290.0,0.0482109745975956,0.17776961430888605,NONE,101.2321064857002,0.012933611959602834,0
2026-08-11 12:36:00,100.0970982916853,100.12512953101742,99.80217871395448,100.04817957867051,128876,3886,99.97957178458196,100.14258402729985,1378058,904520,0.20745753266701072,1003.0,0.10865216002910927,-289399.0,100.99046943492074,101.14542199774813,-0.15495256282738978,-0.040373678430469795,3310.0,0.10871790455238006,0.16301224271788328,NONE,101.50973138670004,0.014608479776288878,0
2026-08-11 12:37:00,100.37658891492464,100.3877415029392,100.15799912619612,100.31311676806848,319516,1477,100.22605110654426,100.3279433232019,1278873,1409410,-0.04855775972990939,-2409.0,0.26493718939796906,190640.0,100.95660180157813,101.13848612083413,-0.18188431925599957,-0.026931756428609788,-3412.0,0.2648096052458859,0.1018922166576317,NONE,101.73260175422524,0.014150542141350439,0
2026-08-11 12:38:00,100.6798648755077,100.70298207518454,100.47801309243148,100.56889489131208,463592,9953,100.5487804235685,100.62398212847938,1449756,556625,0.445145264035096,8476.0,0.2557781232436014,144076.0,100.93721645606483,101.13373952725479,-0.19652307118995793,-0.01463875193395836,10885.0,0.25497973892585346,0.07520170491088152,NONE,101.8644148711805,0.012881915240975103,0
2026-08-11 12:39:00,100.13583989071154,100.2753953881892,99.84279160405946,100.09485802501868,251043,9381,100.05356161981834,100.13860483443538,966548,1490055,-0.21310199490923035,-572.0,-0.47403686629340314,-212549.0,100.89509853451253,101.12508218140282,-0.2299836468902896,-0.033460575700331674,-9048.0,-0.471355349788527,0.08504321461704478,NONE,101.70596706478568,0.016095822218602927,0
2026-08-11 12:40:00,99.7282859399084,99.95663949607447,99.59100680864633,99.75241170537024,329192,7854,99.66353382044583,99.81873896110656,834943,1935079,-0.39715785650799884,-1527.0,-0.3424463196484453,78149.0,100.8379641930554,101.11364326076922,-0.2756790677138241,-0.045695420823534505,-955.0,-0.3421217896755979,0.15520514066072622,NONE,101.86953939248916,0.021223824576513436,0
2026-08-11 12:41:00,99.91272897255766,100.18532021085406,99.71641778085068,99.8454716024374,411372,1755,99.81732263342336,99.9268948101856,824329,833390,-0.005465944469478844,-6099.0,0.09305989706716389,82180.0,100.78833956352449,101.10307516361645,-0.31473560009196433,-0.03905653237814022,-4572.0,0.09329087435201444,0.10957217676224218,NONE,101.57333339811952,0.017305359651783512,0
2026-08-11 12:42:00,100.12780396166784,99.96615598426123,99.70582305945814,99.93781576817833,354767,5931,99.92077397930612,99.97306888761602,803682,1823308,-0.38813470930608795,4176.0,0.09234416574092563,-56605.0,100.74581337375717,101.09336466865447,-0.3475512948973005,-0.03281569480533619,10275.0,0.09248708455062982,0.052294908309903576,NONE,101.4377008511246,0.015008183553115674,0
2026-08-11 12:43:00,100.01694514313706,100.04754486988836,99.96356638873424,100.03020851777532,436639,6724,99.94927781318025,100.09032037236892,998905,1402342,-0.1680114540486672,793.0,0.09239274959699628,81872.0,100.71003313095807,101.08450503406381,-0.37447190310574285,-0.02692060820844233,-3383.0,0.0924502390679871,0.14104255918867636,NONE,101.22728778411972,0.011967177556484675,0
2026-08-11 12:44:00,101.02613459985578,101.3195428117948,100.65971466378517,101.12358753032284,352313,5150,101.03839377631496,101.19737310251428,1760046,628658,0.473640936675285,-1574.0,1.0933790125475156,-84326.0,100.7307108509263,101.08483072153264,-0.35411987060633976,0.020352032499403094,-2367.0,1.0930488187008258,0.1589793261993151,NONE,101.18684052151303,0.000625501851101059,0
2026-08-11 12:45:00,101.3428145526289,101.5806883317692,100.79825543674058,101.2321064857002,128261,5060,101.2074677860631,101.2542052831554,1983024,1045255,0.30967060828939474,-90.0,0.10851895537736311,-224052.0,100.755780632665,101.08605801956737,-0.33027738690238095,0.023842483703958806,1484.0,0.10731319766994485,0.04673749709229469,NONE,101.81603465782472,0.0057682112167348806,0
2026-08-11 12:46:00,101.49769327030468,101.60644905817828,101.15592109382978,101.50973138670004,206601,5765,101.4228402482496,101.59299740823565,620026,892297,-0.18003495285068072,705.0,0.2776249009998395,78340.0,100.79347817036674,101.08958863096015,-0.29611046059341106,0.03416692630896989,795.0,0.2742458994855035,0.1701571599860472,NONE,101.1904693441095,-0.003145137300918596,0
2026-08-11 12:47:00,101.51533479962384,102.05335399485335,101.679494840431,101.73260175422524,161260,4612,101.66079265262148,101.797151618212,734257,1504944,-0.34417946401417293,-1153.0,0.2228703675252035,-45341.0,100.84043434955967,101.09494707365404,-0.25451272409436854,0.041597736499042526,-1858.0,0.21955566671354454,0.1363589655905173,NONE,101.3307909625129,-0.003949675765523687,0
2026-08-11 12:48:00,101.94915703889556,101.99432894015064,101.47647624394564,101.8644148711805,496562,7553,101.807607429691,101.95987324052074,1601682,1834976,-0.06788397332524795,2941.0,0.13181311695525721,335302.0,100.89163337564072,101.1013593053001,-0.20972592965937054,0.044786794434998,4094.0,0.12956821577581046,0.15226581082973212,NONE,100.78126074953552,-0.010633292529238558,0
2026-08-11 12:49:00,101.65243424619028,102.14901011919244,101.30198840073116,101.70596706478568,156176,8378,101.62124454743534,101.74652466750744,1629803,1213708,0.1463314191504798,825.0,-0.15844780639481826,-340386.0,100.93235006009797,101.10639770329581,-0.17404764319783794,0.03567828646153259,-2116.0,-0.15554775099351215,0.1252801200721052,NONE,100.5738184234327,-0.01113158523562159,0
2026-08-11 12:50:00,101.86048606425877,102.31738436462248,101.485657083632,101.86953939248916,414444,2689,101.82180696005048,101.88927252729952,946295,1414553,-0.1983431377200057,-5689.0,0.16357232770347707,258268.0,100.97920952671753,101.11275721737243,-0.13354769065490757,0.04049995254293037,-6514.0,0.16082864400599473,0.06746556724904451,NONE,100.83450524580122,-0.010160388992239297,0
2026-08-11 12:51:00,101.60653143117644,101.7219770002602,101.51635045455993,101.57333339811952,242412,2316,101.54587394205944,101.62891850621286,1180388,1213839,-0.01397152400336309,-373.0,-0.2962059943696431,-172032.0,101.00891572028762,101.11659535221199,-0.1076796319243698,0.02586805873053777,5316.0,-0.29076993587691113,0.08304456415341122,NONE,100.78766705297916,-0.0077349666379552115,0
2026-08-11 12:52:00,101.45675081910252,101.55269772810622,101.11574687259072,101.4377008511246,395156,8130,101.40206411022965,101.45542382057845,1186426,1238985,-0.02167014167908037,5814.0,-0.13563254699491267,152744.0,101.03035497682947,101.11927123136958,-0.08891625454010921,0.018763377384260593,6187.0,-0.13353164896469094,0.053359710348800604,NONE,100.3981093497926,-0.010248571217695065,0
2026-08-11 12:53:00,101.29823296583363,101.43293977015284,100.81012538624502,101.22728778411972,266465,4186,101.17182302247332,101.32454517121889,1143887,976356,0.07901499969578958,-3944.0,-0.21041306700487894,-128691.0,101.04020161719397,101.12017136930918,-0.07996975211520407,0.008946502424905134,-9758.0,-0.20743083216534508,0.15272214874556767,NONE,100.11718368647188,-0.010966451062240146,0
2026-08-11 12:54:00,101.14329188445606,101.30710631410312,100.89816382090322,101.18684052151303,202153,6789,101.12902075017246,101.2003221677562,1254077,1154433,0.04137163640591071,2603.0,-0.040447262606690515,-64312.0,101.04753356240992,101.12072694557756,-0.07319338316763435,0.006776368947569722,6547.0,-0.03995687673955528,0.07130141758374009,NONE,100.2546399882479,-0.009212665683211437,0
2026-08-11 12:55:00,101.86734523764234,102.15222657947058,101.49283097021068,101.81603465782472,435417,2145,101.73353238344502,101.8938500089244,1632046,1944298,-0.08731039295996135,-4644.0,0.629194136311682,233264.0,101.08595861718067,101.12652117651295,-0.040562559332286696,0.032630823835347655,-7247.0,0.621814193494763,0.16031762547937944,NONE,99.96903032758918,-0.018140603652880425,0
2026-08-11 12:56:00,101.1645146763511,101.60350168638364,100.96128760439636,101.1904693441095,474472,5394,101.1092475989808,101.2477285599423,1268378,598120,0.3590992328949723,3249.0,-0.6255653137152137,39055.0,101.09118415352711,101.12705407790959,-0.0358699243824816,0.004692634949805097,7893.0,-0.6144074612781436,0.13848096096150186,NONE,99.9674034228478,-0.01208676992200258,0
2026-08-11 12:57:00,101.40467201060166,101.66733702796851,101.06643730257088,101.3307909625129,472448,8942,101.26846797236448,101.37396682123776,1686789,1213895,0.16302844432554528,3548.0,0.14032161840340507,-2024.0,101.10316449397641,101.12875188528128,-0.025587391304867424,0.010282533077614175,299.0,0.13867078521616616,0.10549884887328176,NONE,99.91445753203448,-0.013977325322590255,0
2026-08-11 12:58:00,100.84279749793684,101.1934359731602,100.76407232035966,100.78126074953552,468781,8548,100.70099005603262,100.7971865443413,1594526,1855560,-0.07566014296455219,-394.0,-0.5495302129773876,-3667.0,101.08706930675436,101.12585612581672,-0.03878681906236636,-0.013199427757498938,-3942.0,-0.5423131584758711,0.09619648830867789,NONE,99.65231888253138,-0.011201902601812285,0
2026-08-11 12:59:00,100.48027455322824,100.77231450453644,100.25433691244604,100.5738184234327,248348,1560,100.54655881218626,100.63981344660831,778369,1794088,-0.3948439177020257,-6988.0,-0.20744232610282154,-220433.0,101.06140676258828,101.12125581163019,-0.05984904904191524,-0.021062229979548874,-6594.0,-0.20583422410080932,0.09325463442205262,NONE,100.22881432771912,-0.0034303569370415237,0
2026-08-11 13:00:00,100.94310345741872,100.91266373115566,100.79378163935564,100.83450524580122,416783,2912,100.81999943836284,100.8971750754464,993466,1399079,-0.1695320255209411,1352.0,0.2606868223685268,168435.0,101.05006168674893,101.1188662235816,-0.06880453683267262,-0.008955487790757388,8340.0,0.25919948795321,0.07717563708355613,NONE,100.35228488766896,-0.004782295078026841,0
2026-08-11 13:01:00,100.73407070846774,101.15664252667794,100.57015975580904,100.78766705297916,484083,2864,100.69904000894202,100.82294654755523,1504627,1740235,-0.07260955935876472,-48.0,-0.04683819282206514,67300.0,101.03694195506044,101.11610623049324,-0.07916427543280236,-0.010359738600129731,-1400.0,-0.04645056045833318,0.12390653861321255,NONE,99.67803147413444,-0.01100963650901291,0
2026-08-11 13:02:00,100.4789151296207,100.57834660236335,100.25178180095888,100.3981093497926,107310,1296,100.38130944535392,100.49002930291952,1843679,559321,0.534481065334998,-1568.0,-0.38955770318655425,-376773.0,101.00500032479705,101.11012292315407,-0.10512259835701343,-0.025958322924211075,-1520.0,-0.38651326553851284,0.1087198575656032,NONE,99.66726351555778,-0.007279478059576997,0
2026-08-11 13:03:00,100.153912417812,100.45281909908644,99.84446971136602,100.11718368647188,266239,3409,100.08498172779493,100.15455358713272,1335624,1783431,-0.1435713701746202,2113.0,-0.28092566332072977,158929.0,100.96060949288079,101.10184842951504,-0.14123893663425235,-0.036116338277238924,3681.0,-0.2798117067543293,0.06957185933779897,NONE,99.40204158183448,-0.007143050556405395,0
2026-08-11 13:04:00,100.4384583559274,100.3899619592388,100.1879318204863,100.2546399882479,465088,8630,100.1820612827817,100.3051152752012,579711,1591778,-0.4660705165902291,5221.0,0.13745630177602663,198849.0,100.92531101764914,101.09478835917116,-0.16947734152202543,-0.028238404887773072,3108.0,0.13729541394860156,0.12305399241949999,NONE,99.59111571762986,-0.00661838963957998,0
2026-08-11 13:05:00,99.946683729352,100.00964514499252,99.62320862660252,99.96903032758918,241463,2461,99.92218001320272,100.02796894862186,641123,1736236,-0.46064267113212604,-6169.0,-0.2856096606587215,-223625.0,100.87749698314614,101.08540704224131,-0.20791005909516969,-0.03843271757314426,-11390.0,-0.28488423148514963,0.1057889354191417,NONE,99.28674562667707,-0.0068249606770849226,0
2026-08-11 13:06:00,99.932471743236,100.46369432059169,99.56989765438357,99.9674034228478,222013,5292,99.87853516555542,99.98642429188368,702500,1869951,-0.45382827505752293,2831.0,-0.0016269047413857152,-19450.0,100.83199230513124,101.07609034541305,-0.2440980402818127,-0.036187981186643015,9000.0,-0.001627408744542258,0.10788912632825998,NONE,99.18576467813013,-0.007818936152732187,0
2026-08-11 13:07:00,99.91251557144572,99.9925582859998,99.8327803071629,99.91445753203448,281693,3268,99.87763935051488,100.00835208676372,765593,725743,0.026721007204278578,-2024.0,-0.05294589081331935,59680.0,100.7861155664764,101.06641007196824,-0.2802945054918382,-0.03619646521002551,-4855.0,-0.05296315498899418,0.13071273624883872,NONE,99.27076654754237,-0.00644242085071353,0
2026-08-11 13:08:00,99.62200090424795,100.14652937951313,99.60016233885544,99.65231888253138,241964,1994,99.64125046133114,99.69602713625196,1458599,1759875,-0.0936083373673362,-1274.0,-0.2621386495031004,-39729.0,100.72942573227914,101.05462597872294,-0.3252002464437993,-0.04490574095196109,750.0,-0.2623630813579192,0.054776674920816504,NONE,99.46407633014972,-0.0018889931964709186,0
2026-08-11 13:09:00,100.30880851791332,100.71745429400237,100.15605658632543,100.22881432771912,438877,7554,100.19175532006864,100.2460844569678,1914933,1522801,0.11406699878466454,5560.0,0.5764954451877458,196913.0,100.70439516205114,101.04774421496457,-0.34334905291342466,-0.018148806469625356,6834.0,0.5785068041089136,0.05432913689915608,NONE,99.03765999403792,-0.01188435024070492,0
2026-08-11 13:10:00,100.1906538268253,100.74919393962298,99.9137211067197,100.35228488766896,309658,1007,100.29025813324232,100.39714109329974,1124533,1832381,-0.23938741539321062,-6547.0,0.12347055994983691,-129219.0,100.68678964833204,101.04194872057043,-0.3551590722383935,-0.011810019324968835,-12107.0,0.12318868658480753,0.10688296005741904,NONE,98.87108337804209,-0.01476001778419773,0
2026-08-11 13:11:00,99.5726632322198,100.00774295517544,99.41393684325628,99.67803147413444,272687,3515,99.63419702034814,99.74204970337276,1645645,1720673,-0.022287852781585103,2508.0,-0.6742534135345153,-36971.0,100.63635173962216,101.03058274351679,-0.3942310038946317,-0.039071931656238235,9055.0,-0.671886459076898,0.10785268302461759,NONE,98.6624864972954,-0.01018825273553444,0
2026-08-11 13:12:00,99.56048322339986,99.95616704068333,99.43363301755404,99.66726351555778,278625,2417,99.60912496753949,99.7234922560217,733597,899308,-0.10148232750833637,-1098.0,-0.010767958576664682,5938.0,100.58789732841895,101.01922174995046,-0.43132442153151374,-0.03709341763688201,-3606.0,-0.01080273999939374,0.11436728848221378,NONE,98.40049916695568,-0.012709934073833147,0
2026-08-11 13:13:00,99.49707234103182,99.83509235452338,99.3486856722833,99.40204158183448,209264,3316,99.31314775113933,99.47455035949784,1048196,1155930,-0.04887833091211664,899.0,-0.2652219337232964,-69361.0,100.52860454108972,101.0057452485495,-0.47714070745978177,-0.04581628592826803,1997.0,-0.2661073700311767,0.1614026083585145,NONE,98.864283352086,-0.005409931437934879,0
2026-08-11 13:14:00,99.76217705488806,99.7358354784396,99.26633771425138,99.59111571762986,179071,8358,99.49899206274912,99.60610927241598,866991,1429588,-0.2449717601702358,5042.0,0.18907413579538002,-30193.0,100.48173009991673,100.99395666912518,-0.5122265692084511,-0.035085861748669345,4143.0,0.19021152160112464,0.10711720966685334,NONE,98.92007397452272,-0.006737967922859104,0
2026-08-11 13:15:00,99.27630070482334,99.52058623291953,98.85274583072956,99.28674562667707,272074,4932,99.25280796085822,99.32235428160158,1407342,1352275,0.019954580653764636,-3426.0,-0.3043700909527871,93003.0,100.42198087625475,100.97972991043812,-0.5577490341833737,-0.04552246497492263,-8468.0,-0.30561972195970455,0.0695463207433562,NONE,98.47626478958104,-0.00816303155048997,0
2026-08-11 13:16:00,99.16888250581113,99.49545966281336,98.7716717434684,99.18576467813013,484755,7204,99.13417203553584,99.26949543004572,1278628,1879998,-0.19038974541462014,2272.0,-0.1009809485469475,212681.0,100.36017006634852,100.96478020016889,-0.6046101338203727,-0.046861099636998915,5698.0,-0.10170637370534585,0.13532339450988218,NONE,98.68625093491202,-0.005036143491347628,0
2026-08-11 13:17:00,99.27777176385368,99.47636178547712,98.95773919305196,99.27076654754237,170658,2287,99.21134358617064,99.2879569794436,1449826,1262638,0.06901031681895133,-4917.0,0.0850018694122383,-314097.0,100.3056998904082,100.95066341973033,-0.6449635293221263,-0.04035339550175365,-7189.0,0.08569966636651216,0.07661339327296446,NONE,99.2577085521915,-0.00013153918122118312,0
2026-08-11 13:18:00,99.58026416041054,99.67781955719484,99.42643697182388,99.46407633014972,109852,2118,99.36865620902978,99.55107006607236,1300444,594328,0.3726654183194601,-169.0,0.19330978260735776,-60806.0,100.26361871239529,100.93827519398383,-0.6746564815885421,-0.029692952266415773,4748.0,0.1947298175790646,0.18241385704257596,NONE,99.5024536899878,0.0003858414138456828,0
2026-08-11 13:19:00,98.94492468061888,99.20280232778896,98.98146148044992,99.03765999403792,367531,9744,98.93778443531312,99.05593064232488,517412,1786916,-0.5509215701931323,7626.0,-0.4264163361117994,257679.0,100.20232077647742,100.92243673398427,-0.7201159575068488,-0.04545947591830668,7795.0,-0.4287139154606989,0.11814620701176182,NONE,98.98185463110492,-0.0005634761860928451,0
2026-08-11 13:20:00,98.89492027631556,99.15319928638436,98.84642888448718,98.87108337804209,489715,8637,98.83989672564635,98.95618425738232,1513654,1834918,-0.0959405979623553,-1107.0,-0.16657661599583662,122184.0,100.13575890655565,100.90534212268476,-0.7695832161291065,-0.04946725862225776,-8733.0,-0.1681952259432018,0.11628753173596351,NONE,98.77201424450104,-0.0010020031151297387,0
2026-08-11 13:21:00,98.76000626027364,99.08777376130294,98.53374688904916,98.6624864972954,459439,1660,98.58705830887426,98.70495745339248,1920750,561201,0.5477743114187186,-6977.0,-0.2085968807466827,-30276.0,100.06209528609264,100.88665165913984,-0.8245563730472014,-0.0549731569180949,-5870.0,-0.2109786538386449,0.11789914451821915,NONE,99.08774682315652,0.004310253480919264,0
2026-08-11 13:22:00,98.45060858394966,98.50126335595884,98.33266843337547,98.40049916695568,230381,9907,98.35647637135467,98.46559798264882,767800,835415,-0.04217463035213618,8247.0,-0.2619873303397213,-229058.0,99.97901548013579,100.86593372170498,-0.886918241569191,-0.06236186852198955,15224.0,-0.2655389496461824,0.10912161129414244,NONE,98.81134606946873,0.004175252219157559,0
2026-08-11 13:23:00,98.88324151374589,99.33149987146273,98.7342593319598,98.864283352086,402138,7922,98.85355361436623,98.88804319249432,1688615,712810,0.40634414982770645,-1985.0,0.46378418513032216,171757.0,99.9232788737333,100.84925330195816,-0.9259744282248619,-0.0390561866556709,-10232.0,0.47132300044883113,0.03448957812808828,NONE,98.88064424658909,0.00016548842461957717,0
2026-08-11 13:24:00,99.02017858377944,99.26461780139682,98.72754494666324,98.92007397452272,334484,9104,98.90924124750347,98.93602915947795,978174,1953169,-0.332610342767803,1182.0,0.055790622436717285,-67654.0,99.87311862877276,100.83317680756286,-0.9600581787901064,-0.034083750565244486,3167.0,0.05643152465690804,0.026787911974480494,NONE,99.04945043964734,0.0013078888836854645,0
2026-08-11 13:25:00,98.20594156028112,98.88790139592106,98.00477339754548,98.47626478958104,479056,7337,98.42481384890044,98.50569922794288,1957556,873722,0.38280734000688027,-1767.0,-0.443809184941685,144572.0,99.80327593681318,100.81353587407968,-1.0102599372664969,-0.05020175847639052,-2949.0,-0.4486543197046,0.0808853790424422,NONE,98.70806222230163,0.002353840625615625,0
2026-08-11 13:26:00,98.75403846686513,98.96434628122704,98.38106290502118,98.68625093491202,303754,3529,98.63230079274165,98.7077577785238,1302305,1235193,0.02644809966352683,-3808.0,0.20998614533098703,-175302.0,99.74742468671812,100.79580849958661,-1.0483838128684937,-0.038123875601996815,-2041.0,0.21323528647199108,0.07545698578215365,NONE,98.62718175651032,-0.0005985552986571395,0
2026-08-11 13:27:00,99.19230098387877,99.64746690290352,98.84022165935002,99.2577085521915,231632,4970,99.24567727949989,99.29582508298267,1992822,901252,0.3771741842122904,1441.0,0.5714576172794779,-72122.0,99.72293887999179,100.78299100002499,-1.0600521200332054,-0.011668307164711678,5249.0,0.579065079345642,0.05014780348278691,NONE,97.5920761312674,-0.016780887300539265,0
2026-08-11 13:28:00,99.31939040030215,99.51055388865754,99.14727793963164,99.5024536899878,486354,4407,99.43063022247811,99.5587481821738,1747455,1851084,-0.028797520326999376,-563.0,0.24474513779630058,254722.0,99.71191462049158,100.77231985577468,-1.060405235283099,-0.00035311524989367626,-2004.0,0.24657544624617778,0.12811795969568607,NONE,97.22234301729937,-0.022915120061183656,0
2026-08-11 13:29:00,99.0329748910574,99.39104484349468,98.9256030658416,98.98185463110492,418709,8416,98.94539432613136,99.04484298282576,650595,1401659,-0.36597029412538606,4009.0,-0.5205990588828797,-67645.0,99.67541162102225,100.75739931223578,-1.0819876912135271,-0.02158245593042807,4572.0,-0.5232022322835039,0.09944865669439196,NONE,97.08447546293696,-0.01916895955566092,0
2026-08-11 13:30:00,98.90938009901734,98.79208367404374,98.40405404131408,98.77201424450104,363456,5760,98.7116238653628,98.85310237416525,1072735,983121,0.04358962884560008,-2656.0,-0.2098403866038865,-55253.0,99.63024175219618,100.74085443667131,-1.1106126844751287,-0.028624993261601617,-6665.0,-0.21199884300606708,0.14147850880245016,NONE,96.64837416608252,-0.021500422914952834,0
2026-08-11 13:31:00,99.07400197169372,99.53270351133794,98.95019738237694,99.08774682315652,488026,2897,99.05066410657162,99.15680841354886,549757,1648929,-0.499922226275148,-2863.0,0.315732578655485,124570.0,99.60311700574421,100.72707853989202,-1.12396153414781,-0.01334884967268124,-207.0,0.31965793253332375,0.10614430697724231,NONE,97.076672976852,-0.02029588834928018,0
2026-08-11 13:32:00,98.90663352418902,99.30732744308804,98.49179214597136,98.81134606946873,187566,7364,98.78630398113047,98.87613431873038,1284402,1943455,-0.20417664103459354,4467.0,-0.2764007536877955,-300460.0,99.56352845893043,100.71111410263849,-1.1475856437080552,-0.023624109560245188,7330.0,-0.27894544234726704,0.08983033759990633,NONE,96.58655867924642,-0.022515505341443077,0
2026-08-11 13:33:00,99.04187207238792,99.02767797767746,98.71016325976758,98.88064424658909,383473,9464,98.83399861011516,98.9277046290628,1799071,670316,0.4570992720055625,2100.0,0.06929817712035913,195907.0,99.52938424831336,100.6958601871714,-1.1664759388580421,-0.01889029514998697,-2367.0,0.07013180153587761,0.09370601894764263,NONE,96.39383701676594,-0.025149585631961794,0
2026-08-11 13:34:00,99.18094188500577,99.15460971779024,98.550614308015,99.04945043964734,334750,5087,99.0185458368162,99.10209319879375,1939485,1475895,0.13573599423783006,-4377.0,0.16880619305825917,-48723.0,99.50538755788007,100.68214010594203,-1.1767525480619554,-0.010276609203913267,-6477.0,0.1707171250192152,0.0835473619775513,NONE,96.3727252480602,-0.027024129661558458,0
2026-08-11 13:35:00,98.87205867523878,99.09074390423064,98.57628648255324,98.70806222230163,430331,5374,98.6499301343789,98.75536909694677,1761492,1363996,0.12717885974926155,287.0,-0.3413882173457097,95581.0,99.46552129110114,100.6656894569117,-1.2001681658105525,-0.02341561774859713,4664.0,-0.3446644235080565,0.10543896256785956,NONE,96.74515840765874,-0.019885952276342128,0
2026-08-11 13:36:00,98.7013945056175,98.75369492697044,98.48761652112316,98.62718175651032,175542,8607,98.59928718878452,98.71297669921584,1488892,1502863,-0.004669834261161091,3233.0,-0.08088046579131003,-254789.0,99.4236043143716,100.64870189274168,-1.2250975783700824,-0.02492941255952985,2946.0,-0.08193906755981084,0.11368951043132824,NONE,96.25484672158916,-0.024053562037065587,0
2026-08-11 13:37:00,97.59961949515755,98.0248573228535,97.1267400034862,97.5920761312674,208237,5019,97.53631959336938,97.62277617199676,1291894,1694725,-0.13487860353128403,-3588.0,-1.0351056252429203,32695.0,99.33202790521639,100.62323001139607,-1.2912021061796821,-0.06610452780959974,-6821.0,-1.0495135385682808,0.08645657862737721,NONE,96.54464919410589,-0.010732704730583492,0
2026-08-11 13:38:00,97.06214643610964,97.2737643133781,97.2100208149812,97.22234301729937,476620,1815,97.19817895096116,97.23285790113812,878976,1213209,-0.15975308110898415,-3204.0,-0.36973311396803865,268383.0,99.22654366082054,100.59488928644528,-1.368345625624741,-0.07714351944505893,384.0,-0.3788556700758394,0.03467895017695355,NONE,96.48898937570624,-0.007543056655841304,0
2026-08-11 13:39:00,97.05986921412396,97.14745306112664,96.73613096900036,97.08447546293696,397789,8255,97.01408773908324,97.15309425368731,1711443,1830351,-0.03357281648791545,6440.0,-0.13786755436240128,-78831.0,99.11944025092637,100.56563583791603,-1.4461955869896599,-0.07784996136491884,9644.0,-0.1418064511548245,0.13900651460407687,NONE,96.13623441473264,-0.00976717486171437,0
2026-08-11 13:40:00,96.5640495065509,97.13794994363283,96.28571097071458,96.64837416608252,187502,1922,96.5705197744828,96.67659576261002,1225166,960662,0.12100860634963044,-6333.0,-0.43610129685444576,-210287.0,98.99588694668418,100.53299199065076,-1.5371050439665765,-0.09090945697691666,-12773.0,-0.4491977680004422,0.10607598812721619,NONE,96.21700084094344,-0.004463327281613621,0
2026-08-11 13:41:00,97.29376724860178,97.413592425987,96.6584836881468,97.076672976852,449454,5867,97.0567374957695,97.16678333911987,810609,1319932,-0.2390580608399463,3945.0,0.4282988107694763,261952.0,98.89992624819257,100.50418933220243,-1.6042630840098582,-0.06715804004328163,10278.0,0.4431515940800823,0.11004584335037748,NONE,96.21930218375816,-0.008831893047037945,0
2026-08-11 13:42:00,96.5689700980032,97.01000229146088,96.0993390239272,96.58655867924642,431763,2264,96.53445646216306,96.67387284892004,954325,913113,0.02206873802503751,-3603.0,-0.49011429760557235,-17691.0,98.78425786974526,100.47154241009447,-1.6872845403492107,-0.08302145633935254,-7548.0,-0.50487339808446,0.13941638675697732,NONE,95.9822788258254,-0.006256355560070917,0
2026-08-11 13:43:00,96.4061574974444,96.5560017054417,95.90603605718762,96.39383701676594,395657,4724,96.377458563707,96.41074248023948,590027,821059,-0.16372637812294927,2460.0,-0.19272166248047995,-36106.0,98.66473682709629,100.43756153181673,-1.7728247047204349,-0.08554016437122414,6063.0,-0.1995325903684897,0.03328391653248275,NONE,95.94672956689288,-0.004638340621250429,0
2026-08-11 13:44:00,96.42787378566425,96.71096712282048,96.34008686927696,96.3727252480602,108749,3722,96.3088888279614,96.39230020454744,550528,1454881,-0.4509568870988412,-1002.0,-0.021111768705736722,-286908.0,98.5501362481445,100.40368789611875,-1.8535516479742569,-0.08072694325382201,-3462.0,-0.021901575203464585,0.08341137658604225,NONE,95.77512406966092,-0.006200936798882482,0
2026-08-11 13:45:00,96.74951865229598,97.04227932131305,96.33423874628228,96.74515840765874,261855,6355,96.71136202084509,96.79972385096092,1846950,1389192,0.14145176571361825,2633.0,0.3724331595985291,153106.0,98.4598873561202,100.37320015038158,-1.9133127942613726,-0.05976114628711571,3635.0,0.3864507915905646,0.08836183011582932,NONE,95.75365629204664,-0.010248596745628995,0
2026-08-11 13:46:00,96.42435182563224,96.55642178165064,95.93169175476048,96.25484672158916,160645,3550,96.1973605204737,96.3196767612384,548242,789041,-0.180065849936027,-2805.0,-0.49031168606957465,-101210.0,98.34963532439365,100.33888053847498,-1.9892452140813361,-0.07593241981996357,-5438.0,-0.5068074662749833,0.12231624076470382,NONE,95.8972708339768,-0.0037148870918325876,0
2026-08-11 13:47:00,96.48238425793242,96.88591542387474,96.22097812691932,96.54464919410589,313933,6319,96.48807770326128,96.57939094447929,959099,1202640,-0.1126597614235576,2769.0,0.2898024725167261,153288.0,98.25938601787927,100.30726194393857,-2.047875926059305,-0.058630711977968986,5574.0,0.3010783169755227,0.09131324121800333,NONE,96.31855933423024,-0.0023418165767124213,0
2026-08-11 13:48:00,96.50845012122996,96.77666896227078,96.42481441239887,96.48898937570624,153175,7686,96.39579748454878,96.56350117020916,1663264,1400281,0.08584270836563523,1367.0,-0.055659818399647065,-160758.0,98.17086618577062,100.27544300586996,-2.1045768200993393,-0.0567008940400342,-1402.0,-0.05765189356868872,0.16770368566038485,NONE,95.89321596044957,-0.006174522286028578,0
2026-08-11 13:49:00,96.06198735616285,96.35076559938398,95.81114083150982,96.13623441473264,248395,2673,96.07681692470146,96.19977685661534,1026071,1659694,-0.2359190025933021,-5013.0,-0.3527549609735985,95220.0,98.06913459721872,100.24094960094382,-2.1718150037251007,-0.0672381836257614,-6380.0,-0.3655908961799237,0.12295993191388277,NONE,96.47965468161443,0.003572225071769244,0
2026-08-11 13:50:00,96.08499858982135,96.35496218813373,95.72575955064282,96.21700084094344,150762,5587,96.1545309777688,96.25623501082082,528390,1868040,-0.5590190408232245,2914.0,0.08076642621080055,-97633.0,97.97652790940495,100.20741669461047,-2.230888785205522,-0.05907378148042142,7927.0,0.08401247115876753,0.10170403305201603,NONE,95.8410940019798,-0.003906865062080416,0
2026-08-11 13:51:00,96.15812527466764,96.60359284921476,95.76339289898844,96.21930218375816,164222,6353,96.17315340243935,96.23158561768196,1620678,987702,0.24267016308973385,766.0,0.002301342814718055,13460.0,97.8886666231226,100.17418240702003,-2.2855157838974236,-0.05462699869190146,-2148.0,0.0023918255553700973,0.058432215242604,NONE,95.74317050811489,-0.004948400838887444,0
2026-08-11 13:52:00,95.97857514612056,96.095415040827,95.76271349542296,95.9822788258254,289400,7857,95.88686166153894,96.05979235114226,1828146,1354721,0.14874168477664948,1504.0,-0.23702335793275608,125178.0,97.79334723325775,100.13924987717675,-2.345902643919004,-0.060386860021580446,738.0,-0.24633660040487282,0.17293068960331937,NONE,95.86783340483758,-0.0011923599063062393,0
2026-08-11 13:53:00,95.90379934444114,96.29290671997008,95.92675558024982,95.94672956689288,355539,2666,95.86678283504332,95.97605739681713,1579326,1056229,0.19847698112921186,-5191.0,-0.03554925893251948,66139.0,97.70101634993951,100.10431220792438,-2.4032958579848724,-0.05739321406586839,-6695.0,-0.03703731497877172,0.10927456177380179,NONE,95.9008636268536,-0.0004780354707900742,0
2026-08-11 13:54:00,95.70588197167356,95.8917904809856,95.59397732466084,95.77512406966092,112213,5511,95.73943759353368,95.86022670657258,1082476,1255036,-0.07382208091338141,2845.0,-0.1716054972319654,-243326.0,97.60472173592558,100.06823564010553,-2.4635139041799476,-0.0602180461950752,8036.0,-0.17885497296947772,0.12078911303889583,NONE,95.66336048574354,-0.0011669375007657534,0
2026-08-11 13:55:00,95.61302454567948,96.06632137702388,95.34046113624636,95.75365629204664,197367,7172,95.6676774293268,95.80148241545152,773016,645306,0.09004302267045142,1661.0,-0.02146777761427643,85154.0,97.51216846373163,100.03228081220504,-2.5201123484734183,-0.05659844429347061,-1184.0,-0.022414774006096483,0.1338049861247157,NONE,95.55081360264708,-0.0021183806159933375,0
2026-08-11 13:56:00,95.88896027671392,96.27080996754133,95.54652128324422,95.8972708339768,278002,2384,95.84835516156016,95.95920780381368,1940580,1551952,0.11127399834847612,-4788.0,0.14361454193016243,80635.0,97.43142358224388,99.99782239571981,-2.566398813475928,-0.04628646500250966,-6449.0,0.14998335049696276,0.1108526422535192,NONE,95.35339511167366,-0.0056714410907973845,0
2026-08-11 13:57:00,96.16808729682712,96.4279162786835,96.08888750643324,96.31855933423024,258785,5403,96.2339792913122,96.40712471996704,1203446,1841503,-0.20954603837371333,3019.0,0.4212885002534392,-19217.0,97.3757803698432,99.96716187020738,-2.5913815003641787,-0.024982686888250782,7807.0,0.43931229386371395,0.1731454286548484,NONE,95.12766828628426,-0.012364087006467052,0
2026-08-11 13:58:00,95.96922155681852,95.9231876108802,95.86566519287014,95.89321596044957,207157,4954,95.80915603430314,95.98094203053236,731360,934465,-0.12192457190881395,-449.0,-0.4253433737806773,-51628.0,97.30165214937352,99.9332123209594,-2.6315601715858747,-0.04017867122169605,-3468.0,-0.4416006392960248,0.17178599622921809,NONE,95.33424103725804,-0.005829139398370712,0
2026-08-11 13:59:00,96.4878986569079,96.54514155311152,96.2662073177028,96.47965468161443,329408,7305,96.4526563648058,96.52309144338636,1774016,805169,0.37564075473453823,2351.0,0.5864387211648676,122251.0,97.26055227598557,99.90443267396486,-2.643880397979288,-0.012320226393413236,2800.0,0.6115539199422981,0.07043507858055875,NONE,95.39365592449056,-0.01125624631128398,0
2026-08-11 14:00:00,95.69533885203332,96.14409248561532,95.60658153212088,95.8410940019798,132583,9252,95.76799130015527,95.86989400232414,1369946,1040735,0.1365634855876825,1947.0,-0.6385606796346366,-196825.0,97.18957936228529,99.870571518365,-2.6809921560797108,-0.037111758100422776,-404.0,-0.6618604531099415,0.10190270216887143,NONE,95.13871989629976,-0.007328527632056528,0
2026-08-11 14:01:00,95.71224960040988,96.16789371122772,95.2788927416678,95.74317050811489,228792,8238,95.70701264087728,95.82293365511045,1243537,1765513,-0.17346870274671408,-1014.0,-0.09792349386491139,96209.0,97.11725891957676,99.83617650994624,-2.718917590369486,-0.03792543428977524,-2961.0,-0.10217276303512435,0.11592101423316592,NONE,95.36217169608628,-0.003979383699188399,0
2026-08-11 14:02:00,95.79261776427852,95.8903318154553,95.5472903530465,95.86783340483758,179944,7981,95.83105906453824,95.91681062316178,592663,1415301,-0.40968762388170304,-257.0,0.12466289672269681,-48848.0,97.05478764383979,99.80310698407034,-2.7483193402305517,-0.029401749861065696,757.0,0.1302055238625366,0.08575155862354222,NONE,95.4085766410642,-0.004790519900809687,0
2026-08-11 14:03:00,95.93278107789553,96.26793925637442,95.74503716852628,95.9008636268536,122369,7026,95.86419229993434,95.92814740627392,1173439,1206475,-0.013881173857542752,-955.0,0.03303022201602346,-57575.0,96.99709144299048,99.77058828942685,-2.773496846436373,-0.025177506205821487,-698.0,0.03445391519023566,0.06395510633957713,NONE,95.60730176727168,-0.0030610971421922246,0
2026-08-11 14:04:00,95.79740553034586,95.83401980871857,95.40070135351816,95.66336048574354,279000,7609,95.58805934346314,95.75475876655209,1753732,1502512,0.07715023812711824,583.0,-0.23750314111006787,156631.0,96.93040489512813,99.73636139106283,-2.8059564959346943,-0.03245964949832114,1538.0,-0.24765485119527808,0.16669942308894292,NONE,95.75171634657023,0.0009236123462322094,0
2026-08-11 14:05:00,95.3632963556825,95.79007778760683,95.517785948736,95.55081360264708,477988,9664,95.52012925888576,95.57864298012876,1661384,559834,0.49592160697419163,2055.0,-0.11254688309645644,198988.0,96.86142533050409,99.70148182615937,-2.8400564956552756,-0.03409999972058131,1472.0,-0.11764889140940538,0.05851372124300269,NONE,95.45921112311778,-0.0009586781742145426,0
2026-08-11 14:06:00,95.3648977195884,95.81782488659644,94.8671109938488,95.35339511167366,119510,1958,95.34331358650152,95.36571775681088,610091,1422043,-0.399556328470465,-7706.0,-0.19741849097341913,-358478.0,96.78602381956257,99.66524777020531,-2.8792239506427393,-0.03916745498746366,-9761.0,-0.20661099945668004,0.022404170309357596,NONE,95.2480252421255,-0.001105045808015178,0
2026-08-11 14:07:00,95.1116550067276,95.29365403865218,94.9476383353189,95.12766828628426,112120,9724,95.05329696947082,95.13949348392332,1385704,957199,0.1828948957767351,7766.0,-0.22572682538940114,-7390.0,96.70310604289865,99.6274346078393,-2.9243285649406516,-0.04510461429791235,15472.0,-0.23672657394635532,0.08619651445249588,NONE,95.42976458392644,0.0031756932876040745,0
2026-08-11 14:08:00,95.4013750449031,95.5669095042278,95.09530735980148,95.33424103725804,199847,1493,95.3088344103129,95.40024941933892,1073681,912073,0.08138369606708586,-8231.0,0.20657275097377692,87727.0,96.63466279261664,99.59165799475113,-2.956995202134493,-0.03266663719384155,-15997.0,0.21715317393473654,0.09141500902602218,NONE,95.57111730942016,0.002484692483884632,0
2026-08-11 14:09:00,95.41497558731432,95.40049713187088,95.21601393737208,95.39365592449056,198575,8042,95.37425250891285,95.46320667995512,1618346,1745633,-0.03783822669523205,6549.0,0.05941488723252064,-1272.0,96.57261244921033,99.55667464416562,-2.9840621949552997,-0.02706699282080649,14780.0,0.06232271488824104,0.08895417104227477,NONE,95.5237862961996,0.0013641407329230458,0
2026-08-11 14:10:00,95.06352296312588,95.1795192563022,94.79746403124166,95.13871989629976,491413,1081,95.10734344544628,95.17671364975487,1524146,1634942,-0.03507214740456739,-6961.0,-0.25493602819079797,292838.0,96.5009178215648,99.51985835460007,-3.018940533035277,-0.03487833807997731,-13510.0,-0.2672463128917002,0.06937020430859775,NONE,95.5186291045508,0.003993213369542209,0
2026-08-11 14:11:00,95.33026630251965,95.49146749165368,95.03105561692148,95.36217169608628,367439,7999,95.31798064907726,95.40097268511852,1523157,1700726,-0.05507923209372052,6918.0,0.22345179978651686,-123974.0,96.44398051529087,99.48521096577912,-3.041230450488243,-0.022289917452965824,13879.0,0.23486946222324168,0.08299203604126149,NONE,95.862285478799,0.0052443623484849985,0
2026-08-11 14:12:00,95.32897405538384,95.42250276147472,95.05091548579964,95.4085766410642,120460,3970,95.3557450715916,95.4491310934196,1299800,1455078,-0.05636474646064182,-4029.0,0.04640494497792247,-246979.0,96.39221032157954,99.45123901307315,-3.0590286914936087,-0.017798241005365867,-10947.0,0.048661795502957794,0.09338602182799605,NONE,95.64589033677588,0.0024873413278606272,0
2026-08-11 14:13:00,95.71490248113156,95.9229894302958,95.47323015246572,95.60730176727168,114963,1011,95.59329046360754,95.67851603647998,685385,1287301,-0.3051250934005716,-2959.0,0.19872512620747784,-5497.0,96.35296489386414,99.41920620269147,-3.0662413088273297,-0.0072126173337210275,1070.0,0.20828853464096575,0.0852255728724316,NONE,95.77182212377672,0.0017207927999632687,0
2026-08-11 14:14:00,95.75384751143744,95.96491552497103,95.5938821059882,95.75171634657023,439260,8824,95.65436474663376,95.76694838776264,548838,1873344,-0.5468234839495959,7813.0,0.14441457929855517,324297.0,96.32290246649944,99.3886437872238,-3.0657413207243565,0.0004999881029732478,10772.0,0.15104973849182635,0.11258364112887875,NONE,95.67369999833464,-0.0008147775435503994,0
2026-08-11 14:15:00,95.64933019169308,95.7332837244818,95.39658550756968,95.45921112311778,127328,1761,95.38476544831002,95.55283159486,1033022,671147,0.21234689752014033,-7063.0,-0.29250522345245145,-311932.0,96.27971789933035,99.35589851502291,-3.0761806156925644,-0.010439294968207946,-14876.0,-0.30548300815176344,0.16806614654997531,NONE,95.57167107440858,0.0011780942872632546,0
2026-08-11 14:16:00,95.24195916074405,95.33534883507366,94.92027025620244,95.2480252421255,446773,4185,95.2089377762463,95.27805213610146,1131475,1642252,-0.1841482597241906,2424.0,-0.2111858809922893,319445.0,96.22813326647011,99.32166623774876,-3.0935329712786483,-0.017352355586083945,9487.0,-0.22123153806489215,0.06911435985516334,NONE,95.86532587122882,0.006480980865840686,0
2026-08-11 14:17:00,95.3589239072354,95.57773059864476,95.40986602025862,95.42976458392644,224034,1025,95.39108183077076,95.52973517239823,599329,1978162,-0.5349516254372955,-3160.0,0.18173934180094875,-222739.0,96.18821483234294,99.2892337239669,-3.1010188916239656,-0.007485920345317254,-5584.0,0.1908064144521271,0.13865334162747445,NONE,96.07772522590793,0.006789921832109628,0
2026-08-11 14:18:00,95.41974587015888,95.90302954684653,95.27227614165842,95.57111730942016,121605,2806,95.520748479977,95.596554351861,1020146,1393320,-0.15462161057997087,1781.0,0.1413527254937179,-102429.0,96.1573599561968,99.25824942051234,-3.100889464315543,0.00012942730842269157,4941.0,0.1481222615501654,0.07580587188400045,NONE,96.28731154603446,0.007493835551755199,0
2026-08-11 14:19:00,95.343472328574,96.0064376580148,95.08893835377378,95.5237862961996,473045,7651,95.45742426215094,95.60322547735773,1953989,973137,0.33509046074545473,4845.0,-0.04733101322055688,351440.0,96.12568127319693,99.22712889447641,-3.101447621279476,-0.0005581569639332429,3064.0,-0.049524390373423266,0.14580121520678802,NONE,96.64525373232816,0.01174019037154908,0
2026-08-11 14:20:00,95.36021551025024,95.54383749135192,95.07321303040598,95.5186291045508,275885,6664,95.49545552855778,95.54873623359448,1355327,1723399,-0.11955334771590587,-987.0,-0.005157191648805792,-197160.0,96.09532866476464,99.19622472956036,-3.1008960647957196,0.0005515564837565989,-5832.0,-0.005398855980032202,0.05328070503669835,NONE,96.61862454306385,0.0115160304207155,0
2026-08-11 14:21:00,95.88899814390015,96.30747763922663,95.63776659861402,95.862285478799,277443,6154,95.83528179556016,95.8795616909469,1258921,636203,0.32858958041795683,-510.0,0.34365637424819795,1558.0,96.08367650546636,99.16844190247068,-3.0847653970043183,0.016130667791401265,477.0,0.35977942467331214,0.04427989538673671,NONE,96.7910570688062,0.009688602617476814,0
2026-08-11 14:22:00,95.69676283909888,95.9343309374315,95.41623849266936,95.64589033677588,208241,6824,95.55854122432088,95.73463433596746,1669000,1681006,-0.0035838741781358003,670.0,-0.21639514202311716,-69202.0,96.06178719703183,99.1390873060899,-3.077300109058072,0.007465287946246235,1180.0,-0.22573542967633253,0.17609311164657981,NONE,96.66660637598818,0.010671823280836115,0
2026-08-11 14:23:00,95.6137030535735,96.05378190715452,95.73333753227271,95.77182212377672,409742,4659,95.7387591806267,95.85910973710388,1474335,1115438,0.1385824162967179,-2165.0,0.1259317870008374,201501.0,96.04728894336907,99.11102676290396,-3.063737819534893,0.01356228952317906,-2835.0,0.13166460843996308,0.1203505564771774,NONE,96.73327390006877,0.0100389838573757,0
2026-08-11 14:24:00,95.76320382974228,95.92383926593854,95.33831748561312,95.67369999833464,291848,2525,95.6294824485169,95.72002133365513,820217,1999163,-0.4181578928700636,-2134.0,-0.09812212544207455,-117894.0,96.02860949611734,99.08238237319921,-3.053772877081869,0.00996494245302415,31.0,-0.10245406557605197,0.09053888513822983,NONE,96.66444233031,0.010355430301039891,0
2026-08-11 14:25:00,95.52336496924023,95.60636811736067,95.16104136422216,95.57167107440858,354289,1760,95.48325660782308,95.64488672723722,744042,1237667,-0.2490905576954033,-765.0,-0.10202892392605634,62441.0,96.00576257503191,99.0531264457093,-3.047363870677387,0.006409006404481943,1369.0,-0.10664260285515592,0.1616301194141414,NONE,96.66455149732695,0.011435192150898913,0
2026-08-11 14:26:00,95.88000517242736,95.9102642970969,95.74299834392646,95.86532587122882,434402,1594,95.79564256658284,95.92546180517036,725683,1433750,-0.3278948686993299,-166.0,0.29365479682023476,80113.0,95.99874073984175,99.02656144092197,-3.0278207010802163,0.019543169597170618,599.0,0.30726133959884105,0.12981923858751543,NONE,96.81491317395732,0.009905430290864882,0
2026-08-11 14:27:00,96.23894728873346,96.37818122873746,95.86707478509123,96.07772522590793,403113,8192,96.03697115676717,96.16449127613856,1764123,1827936,-0.017765020006631296,6598.0,0.21239935467910698,-31289.0,96.00268996414505,99.00198780579686,-2.99929784165181,0.028522859428406377,6764.0,0.22156014466003793,0.12752011937139685,NONE,96.54207074682324,0.00483301951439315,0
2026-08-11 14:28:00,96.376995477621,96.45779083175223,95.86789187765184,96.28731154603446,267984,2055,96.21577858691924,96.32566658327312,1792179,805131,0.3800270279635469,-6137.0,0.2095863201265331,-135129.0,96.01692104323952,98.97936550363218,-2.9624444603926605,0.03685338125914939,-12735.0,0.21814246708458107,0.10988799635387636,NONE,97.14322478950884,0.008889159222865707,0
2026-08-11 14:29:00,96.61840066753756,97.103887765617,96.20669349849702,96.64525373232816,269446,4083,96.63348224294384,96.70238424832807,1302056,1132312,0.06972815942371902,2028.0,0.35794218629369823,1462.0,96.04833767769395,98.95991457220465,-2.911576894510702,0.0508675658819584,8165.0,0.37174387834326694,0.0689020053842313,NONE,96.81567624557351,0.0017633821285974744,0
2026-08-11 14:30:00,96.52950532052232,96.82191981174358,96.49703455293174,96.61862454306385,303374,4675,96.54241670366282,96.67230805647226,1746919,1438081,0.09696640502354788,592.0,-0.02662918926431246,33928.0,96.07685202096243,98.94040382196181,-2.8635518009993746,0.048025093511327555,-1436.0,-0.02755354064056803,0.12989135280943742,NONE,96.42649972541854,-0.0019884863664114344,0
2026-08-11 14:31:00,96.57587552867328,96.86269779815753,96.51577175153552,96.7910570688062,162784,6957,96.73722562515977,96.83290859316932,1835035,1009742,0.29010815258981637,2282.0,0.17243252574235157,-140590.0,96.11256227335461,98.92249259901884,-2.809930325664226,0.053621475335148716,1690.0,0.17846717085636676,0.09568296800955522,NONE,96.74984088037462,-0.00042582641082509294,0
2026-08-11 14:32:00,96.59469104406394,97.0239657927392,96.57035980067026,96.66660637598818,121274,6255,96.58341998273258,96.75683733179824,1828142,1066608,0.2630741860264271,-702.0,-0.1244506928180158,-41510.0,96.1402644784863,98.90369354716024,-2.7634290686739433,0.046501256990282513,-2984.0,-0.1285766439450553,0.17341734906565875,NONE,96.96407969938836,0.0030773121613802204,0
2026-08-11 14:33:00,96.71216087618598,96.87995061078924,96.68233451799895,96.73327390006877,229994,5228,96.63735651138818,96.7582029132884,1194497,773445,0.21395549259073693,-1027.0,0.06666752408058585,108720.0,96.16991494956542,98.88560671676781,-2.7156917672023866,0.04773730147155675,-325.0,0.06896644723544121,0.12084640190022355,NONE,97.12889191381444,0.00408978211731335,0
2026-08-11 14:34:00,96.56572437759488,96.92717748398796,96.20888207961404,96.66444233031,396560,5181,96.5711213608555,96.68789810786689,572663,706123,-0.1043646083081923,-47.0,-0.06883156975877114,166566.0,96.19464131860266,98.86709701354734,-2.6724556949446736,0.043236072257712976,980.0,-0.0711560427799407,0.11677674701138585,NONE,97.29581208609204,0.00653156156039887,0
2026-08-11 14:35:00,96.65142580061772,97.01346789007954,96.2542977452109,96.66455149732695,317220,2830,96.57271764341596,96.726473355506,601216,723410,-0.09224792507470032,-2351.0,0.0001091670169586223,-79340.0,96.21813682753887,98.84874246757883,-2.63060564003996,0.04185005490471383,-2304.0,0.00011293399551082217,0.1537557120900459,NONE,97.2713986660516,0.006277866698025517,0
2026-08-11 14:36:00,96.8225983622532,97.26504522955834,96.43489572305572,96.81491317395732,292070,4395,96.75881787792326,96.88408765465596,1274888,626560,0.3409654116231419,1565.0,0.15036167663036792,-25150.0,96.24797564485979,98.83179389013199,-2.583818245272198,0.046787394767761725,3916.0,0.15554996562987533,0.12526977673269357,NONE,96.98233075060335,0.0017292540080598375,0
2026-08-11 14:37:00,96.51958514864242,96.93816634422409,96.51768758741666,96.54207074682324,462578,2203,96.49965795655072,96.56958647971244,1805068,1811611,-0.0018091182546197768,-2192.0,-0.2728424271340799,170508.0,96.26268039995796,98.81271286393776,-2.5500324639798038,0.03378578129239429,-3757.0,-0.2818185940463902,0.06992852316172105,NONE,96.9860318391952,0.004598628234691898,0
2026-08-11 14:38:00,97.0782245314265,97.48140532344522,96.72136039315372,97.14322478950884,343768,3810,97.09137161028308,97.18838935931176,794887,812601,-0.011019677907393399,1607.0,0.601154042685593,-118810.0,96.30670761943551,98.79880046331752,-2.4920928438820056,0.05793962009779818,3799.0,0.622686087044988,0.0970177490286801,NONE,96.76469776141748,-0.003896587012748982,0
2026-08-11 14:39:00,96.83254171277018,97.15549283677107,96.59665420762082,96.81567624557351,268206,4092,96.74358560527531,96.9108669914416,1957428,1137677,0.26485401949206894,282.0,-0.32754854393532185,-75562.0,96.33215605074241,98.78227442816964,-2.4501183774272306,0.041974466454774984,-1325.0,-0.3371810485446214,0.1672813861662803,NONE,97.03990606891702,0.002316048723088462,0
2026-08-11 14:40:00,96.47069379037548,96.89946204743458,96.2553021637706,96.42649972541854,413454,4044,96.33693992550012,96.45869529346068,1034396,947651,0.043765359751812144,-48.0,-0.38917652015497595,145248.0,96.33687323447622,98.76264297231337,-2.4257697378371574,0.024348639590073162,-330.0,-0.4019767616639136,0.12175536796056008,NONE,96.97932227826904,0.005733097793912491,0
2026-08-11 14:41:00,96.64080097263032,96.89775292912287,96.47660269986191,96.74984088037462,442902,7071,96.7212121131046,96.8199933435652,1753282,783076,0.38251934466664406,3027.0,0.32334115495608273,29448.0,96.35752161677114,98.74586962154721,-2.388348004776077,0.03742173306108043,3075.0,0.3353239574980016,0.09878123046060239,NONE,96.71607051061729,-0.00034904832349119463,0
2026-08-11 14:42:00,97.105172937363,96.96463574648644,96.9184030780266,96.96407969938836,243435,8272,96.8714423151268,97.04069314482116,781027,766336,0.009494216935521917,1201.0,0.21423881901374386,-199467.0,96.387849520902,98.7310213721959,-2.343171851293903,0.045176153482174186,-1826.0,0.22143583603266848,0.1692508296943629,NONE,96.60491889454872,-0.0037040603690885352,0
2026-08-11 14:43:00,97.119033100586,97.26486919351352,96.75056863913822,97.12889191381444,392772,5673,97.04552569293712,97.1792234967663,1068688,1302560,-0.09862823289676997,-2599.0,0.16481221442607819,149337.0,96.42490164054762,98.71767029337606,-2.2927686528284426,0.050403198465460264,-3800.0,0.16997244230754216,0.13369780382917895,NONE,96.7149318354667,-0.004261966446760887,0
2026-08-11 14:44:00,97.29769704838652,97.4047577759054,97.00459454764788,97.29581208609204,169672,4514,97.19771504472598,97.39018942490038,1725647,522836,0.5349433373523393,-1159.0,0.16692017227759948,-223100.0,96.46844716282483,98.70582147498202,-2.2373743121571863,0.05539434067125626,1440.0,0.17185429483301817,0.19247438017440288,NONE,96.53281981087702,-0.007841984756136204,0
2026-08-11 14:45:00,97.34222010837726,97.6023159586086,97.17810361761502,97.2713986660516,146246,7192,97.18217600645626,97.3476977722213,1072239,1835557,-0.26250741111137094,2678.0,-0.024413420040446,-23426.0,96.50859473798616,98.69386795157426,-2.185273213588104,0.05210109856908218,3837.0,-0.025091953617539797,0.1655217657650354,NONE,96.27403318328535,-0.010253430056972431,0
2026-08-11 14:46:00,97.00565236372972,97.29918655048613,96.88821465071884,96.98233075060335,189110,1144,96.94713639093108,97.03354396279084,1948952,1141316,0.2613482066927529,-6048.0,-0.28906791544824273,42864.0,96.53228153861701,98.67960514156616,-2.147323602949143,0.03794961063896096,-8726.0,-0.29717668236750594,0.08640757185976611,NONE,96.33589514523898,-0.006665498760044518,0
2026-08-11 14:47:00,97.08134550258652,97.28276253054756,96.89390751340886,96.9860318391952,364954,8507,96.96649580717424,97.04727200735506,1961721,1411608,0.16307718577108843,7363.0,0.003701088591853363,175844.0,96.55496905364592,98.66549203071305,-2.1105229770671343,0.03680062588200883,13411.0,0.0038162504068628422,0.08077620018082143,NONE,96.39901922411283,-0.0060525480210970066,0
2026-08-11 14:48:00,96.79341017793764,96.7728194830222,96.7361965676415,96.76469776141748,290932,5857,96.74459606493822,96.83703297132573,1166483,625172,0.3021290371193115,-2650.0,-0.22133407777772618,-74022.0,96.56545548903449,98.64965207846892,-2.084196589434427,0.026326387632707338,-10013.0,-0.22821232457959084,0.09243690638750479,NONE,96.23745053333546,-0.005448756005852425,0
2026-08-11 14:49:00,96.97866233145298,97.40429509614236,96.74600684423118,97.03990606891702,308271,2377,97.00369597024498,97.10320318515564,1925826,1833498,0.024559734675702334,-3480.0,0.27520830749953973,17339.0,96.5891780180286,98.63623752838933,-2.047059510360725,0.037137079073701784,-830.0,0.28440982493231903,0.09950721491065906,NONE,96.08753514635576,-0.009814219336577789,0
2026-08-11 14:50:00,97.01547263078965,97.1410874845118,96.55914818947478,96.97932227826904,171688,4146,96.91404574311044,97.0684050608134,824078,1591706,-0.31775522977219817,1769.0,-0.06058379064798203,-136583.0,96.60868523104064,98.62242990130498,-2.0137446702643444,0.03331484009638075,5249.0,-0.06243183150337339,0.15435931770296918,NONE,96.14942960674082,-0.008557418757237227,0
2026-08-11 14:51:00,96.6016978898852,97.04859850512058,96.70732140362358,96.71607051061729,427692,6024,96.63368168126853,96.7581904902225,530881,778852,-0.1893294282117042,1878.0,-0.2632517676517523,256004.0,96.61405449501947,98.60654357304927,-1.9924890780297915,0.021255592234552978,109.0,-0.27145144085085615,0.12450880895397631,NONE,95.7081685322899,-0.010421246159052096,0
2026-08-11 14:52:00,96.61577486512638,96.8832081087998,96.5804165720631,96.60491889454872,293435,1793,96.5139863669204,96.64190861115377,1472920,869625,0.25753827567880233,-4231.0,-0.11115161606856816,-134257.0,96.61359771499593,98.5898633673951,-1.9762656523991637,0.01622342563062773,-6109.0,-0.11492569485271886,0.12792224423336052,NONE,95.279979593648,-0.013715029380098036,0
2026-08-11 14:53:00,96.71160883640223,96.88629729818064,96.42854669712322,96.7149318354667,373306,6756,96.64879403087347,96.74417733552129,1646747,1703880,-0.01705143544775351,4963.0,0.11001294091798286,79871.0,96.61866442101947,98.57423893796235,-1.9555745169428747,0.02069113545628909,9194.0,0.11387923324905902,0.09538330464781097,NONE,95.05938354575544,-0.017117814780945234,0
2026-08-11 14:54:00,96.51200812514976,96.60010794442908,96.123071968184,96.53281981087702,450002,5414,96.5223129927297,96.54622027800283,1801765,1736914,0.01832633024922577,-1342.0,-0.182112024589685,76696.0,96.61437219051236,98.5572271119033,-1.9428549213909463,0.012719595551928364,-6305.0,-0.1882977334870084,0.023907285273139678,NONE,94.99117454477516,-0.015970167131988667,0
2026-08-11 14:55:00,96.26117943214146,96.3212426321156,96.11066373800104,96.27403318328535,173535,2110,96.24726467339867,96.28790444007956,1448161,1456916,-0.003013689482240918,-3304.0,-0.25878662759166104,-276467.0,96.59735524015102,98.53820049583148,-1.9408452556804576,0.0020096657104886617,-1962.0,-0.26808149611569076,0.04063976668088287,NONE,95.08116062821402,-0.012390387268811684,0
2026-08-11 14:56:00,96.14771024068922,96.7516543117951,96.16108794583512,96.33589514523898,170864,6672,96.31691978689216,96.42420011261882,717815,772196,-0.03649704599496245,4562.0,0.0618619619536247,-2671.0,96.58428223540542,98.51984795124321,-1.9355657158377824,0.005279539842675263,7866.0,0.06425612380427381,0.1072803257266628,NONE,95.52137056126644,-0.00845504765118484,0
2026-08-11 14:57:00,96.34414673333872,96.8582179951536,96.10084597536444,96.39901922411283,234693,5053,96.35632002131162,96.47007460728936,811095,713827,0.06378555755638649,-1619.0,0.06312407887385518,63829.0,96.5750190848408,98.50217437851713,-1.9271552936763214,0.008410422161460929,-6181.0,0.06552498295540055,0.11375458597774468,NONE,95.77716119708636,-0.00645087504034406,0
2026-08-11 14:58:00,96.24673502344956,96.5623445567176,96.10034408877338,96.23745053333546,218371,4937,96.18232894390844,96.30689845072474,770896,1880410,-0.41847828956748107,-116.0,-0.16156869077737213,-16322.0,96.55814065726554,98.48330167980728,-1.9251610225417437,0.0019942711345777298,1503.0,-0.16760408153297934,0.12456950681630019,NONE,95.72856233615784,-0.0052878395505848675,0
2026-08-11 14:59:00,96.10352078555547,96.139252203786,96.07423096331692,96.08753514635576,189792,4963,96.07362940028368,96.15285300005988,1141627,1059834,0.03715396275473424,26.0,-0.14991538697969986,-28579.0,96.53461038172006,98.4633369586952,-1.9287265769751372,-0.0035655544333934586,142.0,-0.15577655699406945,0.0792235997761992,NONE,95.7231302309361,-0.0037924265084395355,0
2026-08-11 15:00:00,96.04666209264823,96.35044321518494,95.78181534769004,96.14942960674082,275505,5942,96.1080665889192,96.2358593297633,1955232,1234705,0.22587499376946943,979.0,0.06189446038506219,85713.0,96.5153513429711,98.44405439742891,-1.928703054457813,2.3522517324181536e-05,953.0,0.0644146613718366,0.1277927408441002,NONE,95.42353418922823,-0.007549659113752022,0
2026-08-11 15:01:00,95.83473931637636,96.07263813234248,95.39534357581918,95.7081685322899,357416,6897,95.68204236157362,95.7613925555998,1593440,657044,0.41608649517170526,955.0,-0.4412610744509209,81911.0,96.47499220243704,98.42125534855275,-1.9462631461157116,-0.017560091657898624,-24.0,-0.45893259716226487,0.07935019402617627,NONE,95.42003281966136,-0.0030105655248364115,0
2026-08-11 15:02:00,95.19336210882656,95.66989003565304,94.98960159412016,95.279979593648,166188,9974,95.2117432786847,95.36831656821823,1205051,1804204,-0.19910343257716612,3077.0,-0.42818893864190954,-191228.0,96.41524157199758,98.3950780505952,-1.979836478597619,-0.033573332481907414,2122.0,-0.44739017077465304,0.1565732895335401,NONE,95.33637723738036,0.0005919149434424028,0
2026-08-11 15:03:00,95.15632926580813,95.118492856901,94.68854148125952,95.05938354575544,286023,2116,95.00759903251628,95.10173359811184,586675,1495563,-0.43649573199605424,-7858.0,-0.22059604789255616,119835.0,96.34744867068548,98.3672805963882,-2.019831925702718,-0.03999544710509895,-10935.0,-0.2315240293221721,0.094134565595553,NONE,95.43702372932678,0.0039726765468616025,0
2026-08-11 15:04:00,95.03389398096232,94.99118990419784,94.65355912599416,94.99117454477516,443862,2750,94.93659595655112,95.08457822016568,1497807,1570606,-0.02372529382452753,634.0,-0.06820900098027494,157839.0,96.27963496438997,98.33914637929142,-2.0595114149014506,-0.039679489198732654,8492.0,-0.07175409563585644,0.14798226361456557,NONE,95.19357360260412,0.0021307143405575276,0
2026-08-11 15:05:00,95.01653789722964,95.43722915115433,94.97821963412486,95.08116062821402,338188,5027,95.032668367291,95.15403975642133,784487,1241001,-0.22538469741612885,2277.0,0.08998608343885905,-105674.0,96.21971124758117,98.31199649803243,-2.092285250451255,-0.032773835549804176,1643.0,0.0947309935581897,0.12137138913033141,NONE,95.35498410564912,0.0028798920377697624,0
2026-08-11 15:06:00,95.6989016505274,95.69966864925956,95.34513003779476,95.52137056126644,136558,6745,95.42532878732266,95.55451650350864,724320,1638407,-0.386877959239472,1718.0,0.4402099330524152,-201630.0,96.18479421326543,98.28874128189271,-2.103947068627278,-0.011661818176023075,-559.0,0.46298333985816953,0.12918771618598157,NONE,95.82129872271685,0.003139906386268181,0
2026-08-11 15:07:00,95.65779751391072,95.9044018628955,95.71410612624706,95.77716119708636,228938,6064,95.74783503582545,95.83792884003834,1043961,577400,0.2877588643121427,-681.0,0.25579063581992045,92380.0,96.16441256245648,98.26781144785265,-2.1033988853961745,0.0005481832311033941,-2399.0,0.2677836742887463,0.09009380421289848,NONE,95.79604885991664,0.00019720424571171506,0
2026-08-11 15:08:00,95.82047775351884,95.7350110710526,95.66363382944893,95.72856233615784,246731,6938,95.6720625527719,95.7865350866918,1739602,780199,0.3807455430012132,874.0,-0.0485988609285215,17793.0,96.14262005114155,98.24665103858852,-2.1040309874469756,-0.0006321020508011088,1555.0,-0.050741596765968566,0.1144725339198942,NONE,95.92482448344514,0.0020501942419035896,0
2026-08-11 15:09:00,95.8231884627404,95.99327993431686,95.38503235775784,95.7231302309361,396557,4397,95.64688866778324,95.74554112489184,1734346,992436,0.27208262340003714,-2541.0,-0.005432105221728989,149826.0,96.12164556013127,98.22562169852475,-2.1039761383934774,5.4849053498173816e-05,-3415.0,-0.005674487414375484,0.09865245710859938,NONE,96.14101224226164,0.004365528063252562,0
2026-08-11 15:10:00,95.35647216832058,95.84910955694124,94.994234135737,95.42353418922823,372579,9265,95.36341819204614,95.4867460507458,1905744,1242868,0.21052959208692593,4868.0,-0.299596041707872,-23978.0,96.08673999158611,98.20227096928062,-2.1155309776945046,-0.011554839301027187,7409.0,-0.3129818686299579,0.12332785869965335,NONE,96.03067148855806,0.006362553058722877,0
2026-08-11 15:11:00,95.5592793496678,95.89884864279765,94.9386665277308,95.42003281966136,350272,2359,95.32642093994684,95.45836352579587,1002857,1442997,-0.1799535049925302,-6906.0,-0.003501369566876633,-22307.0,96.05340463298988,98.17908565136713,-2.12568101837725,-0.010150040682745498,-11774.0,-0.003669293530805806,0.13194258584903196,NONE,96.10880366287884,0.007218304404896008,0
2026-08-11 15:12:00,95.31137258592044,95.619249712687,95.02220367860562,95.33637723738036,128067,5853,95.29236008537264,95.3510886263932,1269483,1099149,0.07191239500268509,3494.0,-0.08365558228099701,-222205.0,96.01755326320941,98.1553964145839,-2.137843151374497,-0.012162132997247,10400.0,-0.08767087980267041,0.0587285410205709,NONE,96.1243629136827,0.008265320113227257,0
2026-08-11 15:13:00,95.46589309225476,95.69425439319672,95.34497306764632,95.43702372932678,187794,2941,95.3852929068072,95.53240278352035,1928166,1927244,0.00023914447490668955,-2912.0,0.10064649194642072,59727.0,95.98852678651528,98.13274330887342,-2.1442165223581355,-0.006373370983638438,-6406.0,0.10556987255327943,0.14710987671315934,NONE,96.16632227734968,0.007641673215745838,0
2026-08-11 15:14:00,95.21960578648124,95.23610179534874,95.14074842987964,95.19357360260412,455967,4148,95.1756065942348,95.2613077358199,538079,878970,-0.24056401719347742,1207.0,-0.24345012672266364,268173.0,95.94877912731972,98.10825022798784,-2.1594711006681138,-0.015254578309978228,4119.0,-0.2550898144237257,0.08570114158510478,NONE,95.9479486268082,0.007924642343539914,0
2026-08-11 15:15:00,95.34155323150206,95.6294205064204,94.94855861988071,95.35498410564912,431368,8933,95.29017418565444,95.44390680951749,1592796,1468561,0.040581676687821776,4785.0,0.16141050304500482,-24599.0,95.91908937623619,98.08530634363501,-2.1662169673988245,-0.006745866730710759,3578.0,0.16956029376398174,0.15373262386304987,NONE,95.96970130583333,0.006446618453662818,0
2026-08-11 15:16:00,95.90237955003282,96.01128826219954,95.53192048453684,95.82129872271685,101379,2285,95.78535964555653,95.89214376316804,651563,1896629,-0.48860760884580123,-6648.0,0.4663146170677237,-329989.0,95.91419984356023,98.06643961346069,-2.1522397699004614,0.013977197498363125,-11433.0,0.48903014503265396,0.10678411761151096,NONE,96.1343681987744,0.0032672222170928313,0
2026-08-11 15:17:00,95.87539773197189,96.09961650035844,95.4869063494098,95.79604885991664,464691,7474,95.77162104636024,95.83817739220926,612878,717789,-0.07884091211399998,5189.0,-0.02524986280020869,363312.0,95.90829229437806,98.04751969051449,-2.139227396136434,0.01301237376402753,11837.0,-0.02635099204121305,0.06655634584902259,NONE,96.58584374771264,0.008244545544367177,0
2026-08-11 15:18:00,95.74997128612132,96.1191876573834,95.53409343906776,95.92482448344514,208541,1770,95.86581666708372,95.98096640995472,1665159,756072,0.37546479456111376,-5704.0,0.12877562352849736,-256150.0,95.9091189038314,98.02983056378892,-2.1207116599575215,0.018515736178912334,-10893.0,0.13442686317555186,0.11514974287099733,NONE,96.890619651391,0.010068250561277274,0
2026-08-11 15:19:00,96.27144626654946,96.26116180398684,95.78937362839542,96.14101224226164,319499,2843,96.08310431855746,96.2118294506929,548720,1539906,-0.47456366051174315,1073.0,0.21618775881650265,110958.0,95.92071357075291,98.01409041110952,-2.093376840356612,0.027334819600909555,6777.0,0.22537206607431415,0.12872513213544323,NONE,97.5544282084906,0.014701488295831138,0
2026-08-11 15:20:00,95.86442228975449,96.07815412617224,95.61344236213,96.03067148855806,214634,1073,96.01384304084787,96.12709419782618,1780452,576497,0.5108107981971608,-1770.0,-0.1103407537035821,-104865.0,95.92621146664317,97.99756192008824,-2.0713504534450777,0.022026386911534246,-2843.0,-0.11476970247155105,0.11325115697830768,NONE,97.34293374526216,0.013665032602218725,0
2026-08-11 15:21:00,96.212058283313,96.26626288517328,96.0806967101489,96.10880366287884,353579,2660,96.03596427206432,96.1416339141998,1977389,1304137,0.20516430465582172,1587.0,0.07813217432078545,138945.0,95.93534107645496,97.98182226794484,-2.0464811914898746,0.024869261955203115,3357.0,0.08136168695862533,0.10566964213548147,NONE,97.62419239713056,0.01576742896069385,0
2026-08-11 15:22:00,96.23703342736546,96.17268533082658,95.75060259530945,96.1243629136827,490845,5349,96.05822341652411,96.21311084895888,991567,675748,0.18941771650827827,2689.0,0.015559250803860891,137266.0,95.94479216831635,97.96634343999266,-2.0215512716763016,0.024929919813573065,1102.0,0.016189204537853108,0.15488743243476222,NONE,97.69960663255767,0.016387559523172102,0
2026-08-11 15:23:00,96.05722563432816,96.25477075276169,95.74089589868863,96.16632227734968,419889,8102,96.13931072190248,96.25948927982616,862812,1781306,-0.34737254540077256,2753.0,0.041959363666975946,-70956.0,95.95586867376802,97.9513432636373,-1.995474589869275,0.026076681807026603,64.0,0.043651122769627904,0.12017855792367982,NONE,98.37780468555782,0.022996433219418414,0
2026-08-11 15:24:00,95.90686719801276,96.441616706098,95.80488110557906,95.9479486268082,203915,9000,95.89569948921437,96.01828602312752,1182192,853784,0.1613024907955693,898.0,-0.21837365054147995,-215974.0,95.95547267142004,97.9346483083304,-1.9791756369103553,0.0162989529589197,-1855.0,-0.22707913266317714,0.12258653391315022,NONE,98.15741412827478,0.02302775132859119,0
2026-08-11 15:25:00,95.85913083898473,96.19175308428665,95.6494776688367,95.96970130583333,310494,4818,95.89487224335024,96.06351530229944,1472322,710117,0.3492445836974138,-4182.0,0.02175267902512701,106579.0,95.9561841031407,97.91827374997625,-1.962089646835551,0.017085990074804158,-5080.0,0.022671333088886136,0.1686430589492005,NONE,97.92843432534916,0.020409910553684043,0
2026-08-11 15:26:00,96.11287609574552,96.40030408202692,95.97728716685592,96.1343681987744,316915,1331,96.0767189821257,96.18017727164738,906080,1555677,-0.2638753540662218,-3487.0,0.16466689294107084,6421.0,95.96509330792239,97.90340787038289,-1.938314562460505,0.023775084375046163,695.0,0.1715821667677364,0.1034582895216829,NONE,97.77238701982355,0.017038847310696124,0
2026-08-11 15:27:00,96.55504031929406,97.02265301208124,96.10685821447142,96.58584374771264,229560,2421,96.54024973085612,96.68161520355628,1112666,824639,0.1486740600989519,1090.0,0.45147554893824804,-87355.0,95.9961308299119,97.89242816936063,-1.8962973394487221,0.04201722301178279,4577.0,0.4696297041290709,0.14136547270015853,NONE,97.1598182975753,0.005942636390503631,0
2026-08-11 15:28:00,96.96858570461792,97.38840410163634,96.87390786517324,96.890619651391,255915,8512,96.85160919016371,96.96387011033592,1541137,1946535,-0.11623742140889395,6091.0,0.3047759036783617,26355.0,96.04085527098587,97.8840797650442,-1.843224494058333,0.053072845390389034,5001.0,0.31554924806005413,0.11226092017220424,NONE,97.0275169139484,0.0014129052229199161,0
2026-08-11 15:29:00,97.68545908310256,97.84578543316292,97.26453178657412,97.5544282084906,236984,7890,97.48949276049262,97.56820872755829,508177,1033239,-0.3406361423522268,-622.0,0.6638085570995997,-18931.0,96.11653391786112,97.88133266873959,-1.7647987508784695,0.07842574317986362,-6713.0,0.6851112723687436,0.07871596706566208,NONE,96.82602284020486,-0.00746665611866456,0
2026-08-11 15:30:00,97.48250212634116,97.74917065578424,97.2596819717374,97.34293374526216,252586,5931,97.24841396241423,97.43455230012589,1201475,747117,0.23317246504142478,-1959.0,-0.21149446322844767,15602.0,96.17785390923117,97.87684601104394,-1.6989921018127632,0.06580664906570632,-1337.0,-0.21679637420092268,0.1861383377116539,NONE,96.89820263065072,-0.004568704655802392,0
2026-08-11 15:31:00,97.56797559447271,97.78766290929887,97.26808229454198,97.62419239713056,318431,7025,97.55373536148758,97.67779494994356,1933038,690606,0.4735520520314494,1094.0,0.2812586518683986,65845.0,96.25017083362614,97.87474056426133,-1.6245697306351872,0.074422371177576,3053.0,0.2889358693507482,0.12405958845597809,NONE,97.028602190357,-0.006100846441327967,0
2026-08-11 15:32:00,97.67868444518322,97.85247861128131,97.61166149084836,97.69960663255767,288104,5408,97.6828795012304,97.75103606118768,1998002,1022283,0.3230552745850143,-1617.0,0.07541423542711811,-30327.0,96.3226426235727,97.87328111483046,-1.5506384912577573,0.07393123937742985,-2711.0,0.07724953577115112,0.06815655995727354,NONE,97.62013235986652,-0.000813455401003362,0
2026-08-11 15:33:00,98.20946086633572,98.5791565460551,98.26011305460864,98.37780468555782,237521,6113,98.32634303794444,98.438786680096,945170,1919295,-0.34007222989284214,705.0,0.6781980530001448,-50583.0,96.42540072667195,97.87748547791986,-1.4520847512479094,0.09855374000984796,2322.0,0.6941666157887383,0.11244364215156111,NONE,97.93473947463544,-0.0045037110996585155,0
2026-08-11 15:34:00,98.07682712162516,98.4936677596116,97.9102287227519,98.15741412827478,232797,9419,98.06723995643884,98.1808587374842,1714502,1337350,0.12358135322420616,3306.0,-0.22039055728303936,-4724.0,96.51200139675208,97.87981821667282,-1.3678168199207335,0.08426793132717592,2601.0,-0.22402467506513757,0.1136187810453606,NONE,97.79194413901884,-0.0037233049841587716,0
2026-08-11 15:35:00,98.02491948865892,98.2695301699767,97.47101685035072,97.92843432534916,443550,3881,97.90993270702708,97.98065926972022,1506148,1686811,-0.0565816848885313,-5538.0,-0.2289798029256218,210753.0,96.58282304318195,97.88022335091179,-1.2974003077298448,0.07041651219088862,-8844.0,-0.2332781532186523,0.07072656269313882,NONE,97.5534859070042,-0.0038288002961352346,0
2026-08-11 15:36:00,97.93394530217836,97.93000673714828,97.66652983374956,97.77238701982355,109304,3865,97.67338820573116,97.85718846932816,1493459,1682118,-0.059409360881502796,-16.0,-0.15604730552560397,-334246.0,96.64230124201403,97.87932471481939,-1.2370234728053617,0.06037683492448309,5522.0,-0.15934831042755393,0.18380026359700707,NONE,97.73291270599,-0.00040373683242026073,0
2026-08-11 15:37:00,97.0363834103873,97.2264232596436,97.08769828701624,97.1598182975753,225555,3575,97.06440205214722,97.17121171889768,1112363,1526538,-0.1569498059987851,-290.0,-0.6125687222482554,116251.0,96.6681770947921,97.87332882800904,-1.2051517332169368,0.03187173958842493,-274.0,-0.6265252807257871,0.10680966675046477,NONE,97.36947299967996,0.0021578334107474305,0
2026-08-11 15:38:00,96.96827048803311,97.34371504218116,96.6480284980214,97.0275169139484,432464,7185,97.01047221068272,97.0620794583776,1461454,909759,0.2326636198435147,3610.0,-0.13230138362689559,206909.0,96.68614408574992,97.86628039539185,-1.180136309641938,0.025015423574998863,3900.0,-0.1361688256988014,0.051607247694875014,NONE,97.95231428490412,0.009531289683275091,0
2026-08-11 15:39:00,96.82338226450896,96.89018577129924,96.57571307403788,96.82602284020486,194488,9656,96.7320156413644,96.8362437529848,827371,650348,0.11979476476921526,2471.0,-0.20149407374354666,-237976.0,96.69313802347266,97.85761158243196,-1.1644735589593012,0.015662750682636783,-1139.0,-0.2076669383616725,0.10422811162040091,NONE,98.34031742999488,0.015639334812802504,0
2026-08-11 15:40:00,96.92621874653268,97.1874488847654,96.44231007445984,96.89820263065072,358490,6741,96.85552069752738,96.9456166484742,906051,1668590,-0.29617294216941314,-2915.0,0.07217979044585832,164002.0,96.70339125383155,97.84961650783379,-1.146225254002232,0.018248304957069195,-5386.0,0.0745458589835657,0.090095950946818,NONE,98.23449721376282,0.013790705573824665,0
2026-08-11 15:41:00,96.94764183836485,97.37531325438516,96.95529491177707,97.028602190357,437735,1277,96.94257836532016,97.10415058630144,1828253,1192241,0.2105655564950634,-5464.0,0.1303995597062908,79245.0,96.71965180065783,97.84277472185481,-1.1231229211969804,0.023102332805251535,-2549.0,0.13457376521557318,0.16157222098128443,NONE,97.756244486545,0.007499255680922401,0
2026-08-11 15:42:00,97.66253846431296,97.97043810806376,97.297168413355,97.62013235986652,457188,1065,97.57247785947234,97.70202182448683,1387889,1889670,-0.15309594731933124,-212.0,0.591530169509511,19453.0,96.76467582861827,97.84091936883824,-1.076243540219977,0.04687938097700339,5252.0,0.6096451522088486,0.1295439650144914,NONE,98.19884262957288,0.005928185669458095,0
2026-08-11 15:43:00,97.88735553992836,98.31147552996524,97.81829990155954,97.93473947463544,243748,5262,97.88506251449222,98.02980655313688,1918224,507749,0.5814058936352549,4197.0,0.31460711476891845,-213440.0,96.82317901091912,97.8417012030532,-1.0185221921340855,0.05772134808589158,4409.0,0.3222768778976315,0.14474403864466012,NONE,98.2016594199072,0.00272548787798529,0
2026-08-11 15:44:00,97.790498911931,98.22837384980168,97.71356392469302,97.79194413901884,387336,6704,97.72486226083086,97.8567095541862,718930,1310614,-0.2915354385024419,1442.0,-0.14279533561659719,143588.0,96.87161726732411,97.84128656085292,-0.9696692935288098,0.04885289860527564,-2755.0,-0.1458066222288612,0.13184729335533518,NONE,98.61091875226332,0.008374663378000156,0
2026-08-11 15:45:00,97.60811433180456,97.80346540298656,97.21177119942556,97.5534859070042,361602,9594,97.47378293926936,97.58640232500296,1952015,839594,0.39848739562023194,2890.0,-0.23845823201463645,-25734.0,96.90571069930812,97.83888822207085,-0.9331775227627332,0.03649177076607657,1448.0,-0.2438424086094959,0.11261938573360908,NONE,98.17123383900248,0.006332402438055034,0
2026-08-11 15:46:00,97.7335549329711,98.09803730075478,97.43607039603565,97.73291270599,238518,8989,97.71987168240466,97.82608602141232,1034561,1920947,-0.2999098632113329,-605.0,0.17942679898580138,-123084.0,96.9470707996422,97.83800509277016,-0.8909342931279554,0.04224322963477789,-3495.0,0.18392658890411528,0.1062143390076642,NONE,98.03078678310511,0.003047837917316613,0
2026-08-11 15:47:00,97.3258344106273,97.67905936736288,96.9920592704988,97.36947299967996,481448,7255,97.30608896008252,97.4492514175292,1179520,729216,0.23591738197424894,-1734.0,-0.3634397063100465,242930.0,96.96819090964411,97.83410065866109,-0.8659097490169785,0.025024544110976876,-1129.0,-0.3718703313420946,0.1431624574466781,NONE,98.0724404030818,0.007219587225291374,0
2026-08-11 15:48:00,97.94135330451154,98.04563425480296,97.79758299668104,97.95231428490412,497941,8441,97.92550831543537,98.0140128483744,1413456,1018567,0.16237058613343705,1186.0,0.5828412852241627,16493.0,97.01739707840711,97.8350857722131,-0.8176886938059909,0.04822105521098763,2920.0,0.5985872853867535,0.08850453293904081,NONE,98.12732301551668,0.001786672748777842,0
2026-08-11 15:49:00,98.33148113407434,98.35316225242956,98.11633160180378,98.34031742999488,316669,5692,98.29918197338718,98.41292504940958,967601,914599,0.028159600467537987,-2749.0,0.3880031450907637,-181272.0,97.0835430959865,97.83929603602795,-0.7557529400414467,0.06193575376454419,-3935.0,0.3961143214668894,0.11374307602240208,NONE,98.03379247177502,-0.0031169815822292024,0
2026-08-11 15:50:00,98.1974961107746,98.37676790660127,98.0317613755976,98.23449721376282,188207,5419,98.19318003380886,98.32768568571348,1008604,1140546,-0.06139264360328502,-273.0,-0.10582021623206117,-128462.0,97.14109080187532,97.84258937917573,-0.7014985773004128,0.0542543627410339,2476.0,-0.10760613652420759,0.13450565190461816,NONE,98.26282982700371,0.000288418163114721,0
2026-08-11 15:51:00,97.7303648802783,97.97776133971382,97.26419975456176,97.756244486545,288704,8960,97.7040290559251,97.83035994910756,1728636,1561757,0.050717042006836265,3541.0,-0.4782527272178214,100497.0,97.17184848610881,97.84186983840382,-0.6700213522950094,0.0314772250054034,3814.0,-0.4868480429814026,0.12633089318245538,NONE,97.9854118425494,0.002344273321955799,0
2026-08-11 15:52:00,98.35870734662336,98.5073956017872,98.05271815120318,98.19884262957288,298017,7078,98.15877035250402,98.24199633525552,1952140,1593474,0.10115765562748794,-1882.0,0.4425981430278796,9313.0,97.22319819328202,97.84484461166356,-0.6216464183815447,0.0483749339134647,-5423.0,0.4527569009556087,0.08322598275150028,NONE,97.98624427917764,-0.0021649781677896794,0
2026-08-11 15:53:00,98.2577513647013,98.6266390851588,98.0542508007338,98.2016594199072,173741,2437,98.18199691924664,98.2758319581132,1107748,989620,0.05632201883503515,-4641.0,0.002816790334321695,-124276.0,97.27212125461327,97.84781806839892,-0.5756968137856546,0.04594960459589004,-2759.0,0.0028684557362268492,0.0938350388665583,NONE,98.06654963682143,-0.0013758401220904184,0
2026-08-11 15:54:00,98.5813707204604,98.7090416106164,98.43364464784902,98.61091875226332,116365,9620,98.58781216579604,98.62454378690953,748792,773006,-0.01591144159737363,7183.0,0.40925933235611467,-57376.0,97.33906112949578,97.85417724076447,-0.5151161112686964,0.06058070251695824,11824.0,0.4167539884495586,0.036731621113489155,NONE,98.26576047004907,-0.0035002034924892195,0
2026-08-11 15:55:00,98.24092927945355,98.23400873395173,97.88893679835732,98.17123383900248,427936,8032,98.15822442030198,98.21601123956724,1128759,1734327,-0.21150884046095716,-1588.0,-0.4396849132608338,311571.0,97.38066976497112,97.85681937908312,-0.4761496141120034,0.03896649715669298,-8771.0,-0.44587852828492647,0.05778681926526019,NONE,98.524778642314,0.0036013075265135526,0
2026-08-11 15:56:00,97.99740483412953,98.51252675684228,97.90462541097324,98.03078678310511,295929,6731,97.97846436542552,98.07735585597122,1128956,790832,0.17612569721240054,-1301.0,-0.1404470558973685,-132007.0,97.41317561587782,97.85826910744997,-0.44509349157215183,0.03105612253985157,287.0,-0.14306335003153592,0.09889149054569657,NONE,98.23356614386384,0.002068527320987218,0
2026-08-11 15:57:00,98.18975286684046,98.12646268277,97.61479543289217,98.0724404030818,347481,4378,97.97654011054505,98.09745584417968,1901146,989697,0.315288308635232,-2353.0,0.04165361997668526,51552.0,97.44613885523802,97.86005386824691,-0.41391501300888933,0.0311784785632625,-1052.0,0.04249034547569863,0.12091573363463226,NONE,97.82015022137114,-0.0025724880575393023,0
2026-08-11 15:58:00,98.16428723473648,98.36656855057026,97.99448023308354,98.12732301551668,246776,9584,98.10691224538832,98.13940070876632,1563205,1823659,-0.0769012278024745,5206.0,0.054882612434880684,-100705.0,97.48019806325195,97.86228111114083,-0.3820830478888837,0.031831965120005634,7559.0,0.055961299840512346,0.0324884633780016,NONE,98.25090146205189,0.0012593683669090232,0
2026-08-11 15:59:00,98.0230622573746,98.32657433617166,97.58588460599492,98.03379247177502,412719,7347,97.93862866740474,98.0557967830724,1335488,1267631,0.026067575089728897,-2237.0,-0.09353054374166447,165943.0,97.5078777836781,97.86371037247946,-0.3558325888013627,0.026250459087520994,-7443.0,-0.09531549508068338,0.11716811566765273,NONE,98.39866527877273,0.0037219085154005485,0
2026-08-11 16:00:00,98.30760151958476,98.53351703745744,98.21109229518044,98.26282982700371,260974,7401,98.18682729067784,98.33174576162546,1669060,1511971,0.049383045936993386,54.0,0.22903735522869795,-151745.0,97.54562538584437,97.86703636793382,-0.3214109820894464,0.0344216067119163,2291.0,0.23363102605118424,0.14491847094761567,NONE,98.22280179296074,-0.00040735682163283067,0
2026-08-11 16:01:00,97.82832422734256,98.02842792106588,97.65713049134958,97.9854118425494,481785,7629,97.91803695028533,98.06761783602212,1645851,866296,0.3103142451456861,228.0,-0.277417984454317,220811.0,97.56761470867963,97.86802283022229,-0.3004081215426595,0.021002860546786906,174.0,-0.28232240506682604,0.14958088573679618,NONE,98.7374340567157,0.007674838529787583,0
2026-08-11 16:02:00,97.87356753228669,98.01475773617946,97.53275151995854,97.98624427917764,332366,5541,97.91816928119852,98.08518259352309,1982208,801729,0.4240322248671576,-2088.0,0.0008324366282437268,-149419.0,97.58854618720451,97.86900800896359,-0.28046182175907575,0.019946299783583754,-2316.0,0.000849551594050979,0.1670133123245705,NONE,98.82201854040584,0.008529506027876199,0
2026-08-11 16:03:00,97.94715713618152,98.11929135055196,97.98217491762232,98.06654963682143,494411,8876,97.98214414846576,98.1077223521012,638966,878459,-0.15782855824834835,3335.0,0.08030535764379465,162045.0,97.61244635968536,97.87065418919573,-0.25820782951036847,0.022253992248707277,5423.0,0.08195574617084755,0.1255782036354418,NONE,99.22627633169958,0.011825915148162796,0
2026-08-11 16:04:00,98.28005477952544,98.55855431198538,97.78159698999944,98.26576047004907,350319,9533,98.24613768225488,98.32970460005258,1594649,1653023,-0.017974105759448616,657.0,0.19921083322763877,-144092.0,97.64511206520356,97.87394674153617,-0.22883467633261034,0.029373153177758127,-2678.0,0.20313841362360474,0.08356691779769676,NONE,99.29757807082596,0.010500275943942679,0
2026-08-11 16:05:00,98.69803014226252,98.79695108613116,98.29833696210623,98.524778642314,415661,9324,98.46935075319313,98.61912168932736,1067383,1268173,-0.08597096365918865,-209.0,0.2590181722649305,65342.0,97.68909539405908,97.87937034070931,-0.19027494665023426,0.03855972968237609,-866.0,0.263589444610135,0.14977093613423165,NONE,99.9674171147664,0.01464239242485162,0
2026-08-11 16:06:00,98.45669615848308,98.3504365398822,97.76070858964331,98.23356614386384,134012,1264,98.16082794142037,98.25859990418428,1710822,1788010,-0.022061076382061215,-8060.0,-0.2912124984501645,-281649.0,97.71631893154931,97.88232197240227,-0.16600304085295647,0.024271905797277782,-7851.0,-0.2955728522947343,0.09777196276391464,NONE,100.54619331769652,0.023542127855216206,0
2026-08-11 16:07:00,97.8839553315152,98.13903729229392,97.48174019955611,97.82015022137114,242487,2434,97.75733638131452,97.89473832414198,1468305,1524204,-0.01867964306874265,1170.0,-0.4134159224927032,108475.0,97.7215104960404,97.88180387447701,-0.16029337843662006,0.005709662416336414,9230.0,-0.4208499586457526,0.13740194282746643,NONE,100.52422801946057,0.027643361740602387,0
2026-08-11 16:08:00,98.30098590954633,98.66093521307972,98.10010802711513,98.25090146205189,121686,6327,98.1659513456598,98.32884954803532,622388,1178302,-0.30872276738361404,3893.0,0.430751240680749,-120801.0,97.74798004434096,97.88487968770681,-0.13689964336585092,0.02339373507076914,2723.0,0.4403502138423887,0.16289820237551567,NONE,100.8689638616484,0.02664670105452114,0
2026-08-11 16:09:00,98.21855950535743,98.419454758696,98.30451401631416,98.39866527877273,308270,6097,98.38216082496167,98.41667307700097,1789363,741147,0.4142311233703878,-230.0,0.1477638167208397,186584.0,97.78051430606256,97.88916123429904,-0.1086469282364817,0.02825271512936922,-4123.0,0.1503943623132109,0.03451225203929198,NONE,101.11637233226708,0.02761934875635589,0
2026-08-11 16:10:00,98.16853441298734,98.47186676473476,98.0709342698482,98.22280179296074,259815,2660,98.15063869940582,98.3103142376272,703508,898488,-0.12171066594423456,-3437.0,-0.17586348581198763,-48455.0,97.80262868040748,97.89194157228788,-0.0893128918803967,0.019334036356084994,-3207.0,-0.17872547896229385,0.1596755382213786,NONE,101.58127903781175,0.03419243987694623,0
2026-08-11 16:11:00,98.65865568152488,99.08208926276704,98.69092535208436,98.7374340567157,132161,6692,98.67937156098108,98.82061351095568,1663017,1985926,-0.08849384602609578,4032.0,0.5146322637549616,-127654.0,97.84936894922289,97.89898734299143,-0.04961839376854016,0.039694498111856547,7469.0,0.5239437832772698,0.14124194997459938,NONE,101.34663112132198,0.026425611416107195,0
2026-08-11 16:12:00,98.75993378058072,98.94817450394068,98.75008455723416,98.82201854040584,347066,3354,98.77789406264765,98.8350248109978,1125070,1703913,-0.20461169261179724,-3338.0,0.08458448369013638,214905.0,97.89800142878204,97.90667926963656,-0.008677840854517171,0.04094055291402299,-7370.0,0.08566607437008322,0.05713074835014709,NONE,101.60777780414088,0.028189661624813078,0
2026-08-11 16:13:00,99.2094619498411,99.38016178434616,99.17394611152632,99.22627633169958,339689,9457,99.18565158329852,99.2444739290388,1787919,754743,0.4063363514301154,6103.0,0.4042577912937446,-7377.0,97.96441517392792,97.91767591182041,0.046739262107507784,0.055417102962024956,9441.0,0.40907663824782947,0.05882234574028189,BUY,101.98112866850194,0.02776333486095227,1
2026-08-11 16:14:00,99.25036901305624,99.60439702232064,99.08610629895516,99.29757807082596,364546,7461,99.23170313387628,99.3119994912762,1984718,1203552,0.24501249894143218,-1996.0,0.07130173912638327,24857.0,98.03107331877281,97.92917509647879,0.10189822229402523,0.05515896018651745,-8099.0,0.07185771930817708,0.08029635739991647,NONE,101.50981267708887,0.02227883750281392,0
2026-08-11 16:15:00,99.76948713372884,100.41638476148827,99.5696279266376,99.9674171147664,163190,8044,99.87722753104842,100.00754403262836,932043,1105848,-0.08528670080980778,583.0,0.669839043940442,-201356.0,98.1278905085725,97.9461604466312,0.18173006194130892,0.07983183964728369,2579.0,0.674577423693723,0.1303165015799408,NONE,101.21161329086982,0.012446017032479996,0
2026-08-11 16:16:00,100.62098434330828,100.95115552784796,100.47550154058835,100.54619331769652,346256,6497,100.49153748434742,100.60202932685772,1132551,1908155,-0.25507365723618136,-1547.0,0.5787762029301149,183066.0,98.24880564902871,97.96782738722341,0.28097826180530205,0.09924819986399314,-2130.0,0.5789648463815578,0.11049184251029942,NONE,100.65708401097072,0.0011028830591708041,0
2026-08-11 16:17:00,100.41695371688655,100.81579312901034,100.4590678028744,100.52422801946057,375419,5549,100.44000293469362,100.58213931497647,1986567,509297,0.591887218213813,-948.0,-0.021965298235954833,29163.0,98.36257676755031,97.98913072582538,0.37344604172493234,0.09246777991963029,599.0,-0.021845976969558922,0.14213638028284947,NONE,100.63395435041764,0.0010915411450444714,0
2026-08-11 16:18:00,100.89288854805952,101.23407472052702,100.54724938688972,100.8689638616484,259254,7334,100.82276978728244,100.90305387002763,1982993,1612581,0.10301887820971005,1785.0,0.3447358421878306,-116165.0,98.48789612225521,98.01312933529057,0.47476678696463637,0.10132074523970402,2733.0,0.3429380647629543,0.0802840827451945,NONE,100.90735116332664,0.000380566035464522,0
2026-08-11 16:19:00,101.32378059924208,101.29878356737098,101.01778084128304,101.11637233226708,114915,7010,101.09715683061567,101.2084160520575,1315805,1415265,-0.03641796072601581,-324.0,0.2474084706186801,-144339.0,98.6193199327558,98.03898969359872,0.5803302391570782,0.10556345219244179,-2109.0,0.24527710124793156,0.1112592214418271,NONE,101.41662381291786,0.0029693656301688085,0
2026-08-11 16:20:00,101.48934057865311,101.90176180186111,101.53247401875726,101.58127903781175,363053,5926,101.56574352153048,101.62442268890022,1838245,689506,0.4544510119865446,-1084.0,0.46490670554467783,248138.0,98.7674178880086,98.06850877146717,0.6989091165414294,0.11857887738435124,-760.0,0.4597739167471415,0.05867916736974621,NONE,101.49783875340648,-0.0008214139967090915,0
2026-08-11 16:21:00,101.09360236904736,101.57972191688576,101.26320683221918,101.34663112132198,476254,7065,101.33201102790284,101.36073063535886,889860,1943399,-0.371847049634361,1139.0,-0.23464791648977723,113201.0,98.89637854967427,98.09582645771594,0.8005520919583233,0.10164297541689393,2223.0,-0.23099523722519555,0.028719607456025642,NONE,102.04582039551056,0.0068989888114937385,0
2026-08-11 16:22:00,101.57917738195287,101.70274587236966,101.14591210620247,101.60777780414088,165908,3179,101.56356429136468,101.6447982441796,1915233,1154942,0.24763767537681078,-3886.0,0.26114668281890374,-310346.0,99.03194851239759,98.12509271893616,0.9068557934614319,0.10630370150310853,-5025.0,0.257676727809808,0.08123395281491241,NONE,101.69158683514948,0.0008248288942028541,0
2026-08-11 16:23:00,102.0912246320018,102.33199780544057,101.57039304211384,101.98112866850194,227337,5967,101.94077727092672,102.03892851653092,1153689,1738831,-0.20229488473718418,2788.0,0.3733508643610577,61429.0,99.17940752020282,98.1572263518492,1.0221811683536117,0.11532537489217987,6674.0,0.36744319424122374,0.09815124560419974,NONE,101.2407582345307,-0.007259876838369492,0
2026-08-11 16:24:00,101.70564742251096,101.7880449957633,101.33278039591134,101.50981267708887,384764,1634,101.43519834496286,101.55655264112184,1645219,1111282,0.19370099992708148,-4333.0,-0.47131599141306424,157427.0,99.29592777804712,98.18516457122618,1.110763206820934,0.08858203846732238,-7121.0,-0.4621600070196519,0.12135429615898374,NONE,101.28465859625555,-0.002218052372429788,0
2026-08-11 16:25:00,101.08865833142458,101.39092408184662,100.88370290720611,101.21161329086982,134112,4631,101.13475935572718,101.24625911758876,1185846,556305,0.3613584585951505,2997.0,-0.2981993862190535,-250652.0,99.39171205368825,98.21038497722321,1.1813270764650383,0.07056386964410422,7330.0,-0.2937640986173884,0.11149976186158028,NONE,101.46081066127404,0.0024621420635599915,0
2026-08-11 16:26:00,100.70675393329438,101.11275360601005,100.3884461741367,100.65708401097072,305123,5677,100.64250715377568,100.67890310344951,649712,713058,-0.04648326570147567,1046.0,-0.5545292798991,171011.0,99.45498065155238,98.23077413583778,1.2242065157145987,0.04287943924956039,-1951.0,-0.5478909602057769,0.03639594967383175,NONE,101.5122915793965,0.008496248195830638,0
2026-08-11 16:27:00,100.58742330473964,100.644421409331,100.29539221867635,100.63395435041764,102431,3218,100.60405325675762,100.7176791554263,859838,1236431,-0.179649176703944,-2459.0,-0.02312966055308152,-202692.0,99.51392933649564,98.25080063762594,1.2631286988696928,0.0389221831550941,-3505.0,-0.02297867137752707,0.11362589866867268,NONE,100.95369429388562,0.0031772570752274386,0
2026-08-11 16:28:00,100.89675632789624,101.0652377389514,100.56601558709528,100.90735116332664,186590,2389,100.87266759681236,101.00700423511783,692527,1774539,-0.43858251056112807,-829.0,0.27339681290899875,84159.0,99.58360042783718,98.27293855867346,1.3106618691637237,0.047533170294030924,1630.0,0.27167452046752416,0.13433663830547005,NONE,100.9889286566269,0.0008084395473647796,0
2026-08-11 16:29:00,101.68105814761957,101.44506451180668,101.10225680538788,101.41662381291786,424319,5276,101.357338734345,101.456282604935,1479929,1093982,0.14994574404476302,2887.0,0.5092726495912245,237729.0,99.6752515970912,98.29913593579217,1.376115661299039,0.06545379213531533,3716.0,0.5046933089809524,0.09894387058999143,NONE,100.6598821796688,-0.007461711944237236,0
2026-08-11 16:30:00,101.34754172056697,101.88110241151728,101.36478806913782,101.49783875340648,217472,2249,101.47483238325484,101.54218464738236,556539,1197133,-0.3652872372940892,-3027.0,0.08121494048862132,-206847.0,99.76638095490696,98.32579179260561,1.4405891623013503,0.0644735010023112,-5914.0,0.08008050104135744,0.06735226412752127,NONE,100.92339122693784,-0.005659702053994386,0
2026-08-11 16:31:00,102.07119436166002,102.39687412256744,102.02631718512914,102.04582039551056,394768,8640,102.02376568576456,102.11144377273148,712736,1827506,-0.43884401564890274,6391.0,0.5479816421040766,177296.0,99.88035292693715,98.35679203096316,1.5235608959739864,0.0829717336726361,9418.0,0.539894887255099,0.08767808696691759,NONE,101.09627974794029,-0.009305042028081417,0
2026-08-11 16:32:00,101.73835615232602,101.85726294451764,101.46380344415442,101.69158683514948,307193,6712,101.59664583512075,101.76624656787568,918158,540693,0.25874129708928467,-1928.0,-0.3542335603610809,-87575.0,99.97091462234776,98.38458198766472,1.5863326346830462,0.06277173870905983,-8319.0,-0.34713186585020317,0.1696007327549296,NONE,100.87751542517758,-0.008005297540410884,0
2026-08-11 16:33:00,101.34933686702465,101.57858968563424,100.79527129218536,101.2407582345307,161264,2245,101.1583799728739,101.28604089266302,1616939,919794,0.2748200145620371,-4467.0,-0.4508286006187774,-145929.0,100.03440680295691,98.40838345638859,1.6260233465683172,0.03969071188527096,-2539.0,-0.4433293005345784,0.12766091978912186,NONE,100.78683427875868,-0.00448360881217901,0
2026-08-11 16:34:00,101.29445691160264,101.48262720935352,100.99990996699628,101.28465859625555,475910,9245,101.25839965506736,101.37610225278392,689668,1463912,-0.35951485433557145,7000.0,0.04390036172485168,314646.0,100.09691939262184,98.43235241588748,1.6645669767343634,0.03854363016604623,11467.0,0.04336233992159322,0.11770259771655844,NONE,100.53281716658356,-0.007423053403072767,0
2026-08-11 16:35:00,101.49161571522446,101.83893755698526,101.04461514042308,101.46081066127404,263030,1442,101.41421955856256,101.52121102030463,1105814,1093990,0.00537502432034854,-7803.0,0.1761520650184849,-212880.0,100.16511395605446,98.45758956793237,1.7075243881220814,0.042957411387718025,-14803.0,0.17391781485947,0.1069914617420693,NONE,100.57801704965532,-0.008700833414055023,0
2026-08-11 16:36:00,101.47312672265431,101.73938341076486,101.0164794079159,101.5122915793965,494911,7976,101.47028559946332,101.56282668627304,1845975,1895565,-0.013253900800205264,6534.0,0.051480918122464914,231881.0,100.23247283722156,98.4830454180279,1.7494274191936654,0.041903031071583996,14337.0,0.050739707072056106,0.0925410868097174,NONE,100.92880863248422,-0.005747904394966005,0
2026-08-11 16:37:00,100.98060698801012,101.15983415780146,100.87188619181649,100.95369429388562,462355,5675,100.87250392721973,101.02189484167,1741777,958024,0.29030028509508665,-2301.0,-0.5585972855108849,-32556.0,100.26853391005476,98.50363415866005,1.764899751394708,0.015472332201042605,-8835.0,-0.5502755152305694,0.1493909144502794,NONE,100.69757354258763,-0.002537012172654063,0
2026-08-11 16:38:00,100.95460942907717,101.45629361437103,100.64303983705592,100.9889286566269,219502,8953,100.93300949414386,101.08468100296932,978739,1020436,-0.020857103555216527,3278.0,0.03523436274127789,-242853.0,100.30455364738336,98.5243449461431,1.7802087012402552,0.015308949845547204,5579.0,0.03490150904106315,0.15167150882545855,NONE,100.91349257984744,-0.0007469737305159899,0
2026-08-11 16:39:00,100.72203936865442,100.78532172961415,100.3227353928188,100.6598821796688,330395,5377,100.6383757033394,100.74139188616677,742723,1938088,-0.4458967827273165,-3576.0,-0.32904647695809786,110893.0,100.32232007399763,98.54214108975582,1.7801789842418145,-2.9716998440676434e-05,-6854.0,-0.32582430701576515,0.10301618282736058,NONE,100.81933121723276,0.0015840375938385991,0
2026-08-11 16:40:00,100.8864301933335,100.98361489693612,100.43341350325872,100.92339122693784,406369,8058,100.84688194125378,100.936992408686,1110725,1057827,0.02439323567062261,2681.0,0.26350904726903934,75974.0,100.35237363164464,98.56198484089899,1.7903887907456522,0.010209806503837626,6257.0,0.26178159715972704,0.0901104674322113,NONE,100.64658457490374,-0.0027427402970602232,0
2026-08-11 16:41:00,101.13398978733048,101.38855130457,100.60347938096388,101.09627974794029,232475,1822,101.05055982990002,101.13618763990686,1695925,642512,0.45047739152262817,-6236.0,0.17288852100244867,-173894.0,100.38956893745942,98.58310396512434,1.8064649723350783,0.01607618158942614,-8917.0,0.1713066900553173,0.08562781000684083,NONE,100.67977836740462,-0.004119848737996211,0
2026-08-11 16:42:00,100.87458914380908,101.36217633131967,100.53417611931552,100.87751542517758,305463,3939,100.84385224289068,100.9298644468232,1157003,788389,0.18948057769333893,2117.0,-0.21876432276270918,72988.0,100.41396626184533,98.60222406062479,1.8117422012205395,0.005277228885461227,8353.0,-0.21639206042808334,0.08601220393252618,NONE,100.43468463957684,-0.004389786799707494,0
2026-08-11 16:43:00,100.8994393038359,100.97575388562228,100.6650268827676,100.78683427875868,269708,8096,100.74303940277684,100.8251408602575,1310161,1439601,-0.04707316487754213,4157.0,-0.0906811464189019,-35755.0,100.43260966269101,98.62042914577592,1.8121805169150917,0.000438315694552216,2040.0,-0.08989232738009223,0.08210145748066111,NONE,100.33423322921234,-0.0044906763148698185,0
2026-08-11 16:44:00,100.52767779422472,100.56383554839796,100.13353924751829,100.53281716658356,372983,6765,100.47801907585897,100.60583404705832,1504127,1353524,0.05270167700674435,-1331.0,-0.25401711217512,103275.0,100.43762003788564,98.63636571261598,1.8012543252696531,-0.010926191645438621,-5488.0,-0.2520340220951378,0.12781497119935636,NONE,100.0406659696804,-0.004895428286741965,0
2026-08-11 16:45:00,100.40071380283464,100.7476696833101,100.5245024825498,100.57801704965532,335706,2031,100.53713665317778,100.66238127314294,1308250,871598,0.20031304935022992,-4734.0,0.04519988307175993,-37277.0,100.44463988847411,98.65254614042463,1.7920937480494814,-0.009160577220171717,-3403.0,0.044960326732779166,0.12524461996515868,NONE,100.6960206322812,0.001173254216849696,0
2026-08-11 16:46:00,101.05500078255562,101.181774459644,100.5384589803984,100.92880863248422,278901,1562,100.89703711295095,101.0046296910509,1614131,1177058,0.15659025598051582,-469.0,0.3507915828289043,-56805.0,100.46884832567461,98.67151499452513,1.7973333311494883,0.005239583100006939,4265.0,0.34877560039359157,0.10759257809993983,NONE,100.77266609745358,-0.0015470561591508219,0
2026-08-11 16:47:00,100.60700031250136,100.77853504590374,100.24247548051528,100.69757354258763,240302,1340,100.65170835999528,100.79661353840218,1602205,657879,0.41782783294780196,-222.0,-0.23123508989658603,-38599.0,100.48028458652027,98.68839881575899,1.791885770761283,-0.005447560388205375,247.0,-0.2291071231590447,0.1449051784069013,NONE,100.62893236085252,-0.0006816567601411665,0
2026-08-11 16:48:00,100.84811594598254,101.24254368887568,100.72207588246322,100.91349257984744,151977,5567,100.90176701787992,100.9480218681578,1866158,1200662,0.21699871528162723,4227.0,0.215919037259809,-88325.0,100.50194498618663,98.70694126379307,1.7950037223935595,0.003117951632276572,4449.0,0.2144232772088417,0.0462548502778759,NONE,100.75941598452692,-0.0015268185787802907,0
2026-08-11 16:49:00,100.7597650878284,101.31820591173786,100.50401356974122,100.81933121723276,475194,8862,100.73980641108407,100.90808027178495,771601,1765512,-0.39174881055751165,3295.0,-0.09416136261468466,323217.0,100.51781429773894,98.72454451340508,1.7932697843338588,-0.0017339380597007903,-932.0,-0.0933089918973673,0.16827386070087869,NONE,100.79210115435072,-0.000270087715850529,0
2026-08-11 16:50:00,100.78402838422082,100.87245431289446,100.43151320885532,100.64658457490374,325864,3296,100.62119953448266,100.72558061476944,690701,1163399,-0.25494741383959874,-5566.0,-0.1727466423290167,-149330.0,100.52425281159718,98.74056151391757,1.78369129767961,-0.009578486654248763,-8861.0,-0.171342777464778,0.10438108028678528,NONE,100.79227597639672,0.0014475543517778785,0
2026-08-11 16:51:00,100.46621094600675,100.85714264576973,100.46089583991056,100.67977836740462,125651,1234,100.66582695217788,100.72237445558486,1844642,1009946,0.29240506861235316,-2062.0,0.033193792500881614,-200213.0,100.53202908938755,98.75672165436329,1.77530743502426,-0.008383862655350072,3504.0,0.03298054538172224,0.0565475034069749,NONE,101.04306197377078,0.0036083075693754906,0
2026-08-11 16:52:00,100.74845949294284,100.63503672299406,100.27949919502277,100.43468463957684,197919,6202,100.36585175721537,100.51075584850597,1951612,1858147,0.024533047890955832,4968.0,-0.24509372782777916,72268.0,100.527161866897,98.77070467924007,1.7564571876569346,-0.018850247367325323,7030.0,-0.24343888296354255,0.14490409129059856,NONE,101.33690871536947,0.008983192201283668,0
2026-08-11 16:53:00,100.43983891011897,100.39180631840996,99.95316841898718,100.33423322921234,402107,2291,100.2545789776182,100.35360006528998,1974542,912269,0.3679745573922228,-3911.0,-0.10045141036449934,204188.0,100.51751543501277,98.78373408382318,1.7337813511895916,-0.022675836467342947,-8879.0,-0.10001665333543297,0.09902108767178674,NONE,101.24439938625954,0.009071342130735547,0
2026-08-11 16:54:00,100.0629898610933,100.4823027703935,99.57257768759712,100.0406659696804,286944,5727,99.95742134783704,100.12170598309103,1918842,1776828,0.038427132292656,3436.0,-0.2935672595319403,-115163.0,100.49367296174616,98.79420851620532,1.6994644455408405,-0.03431690564875112,7347.0,-0.2925893287700654,0.16428463525399195,NONE,101.13832965290024,0.010972174890883944,0
2026-08-11 16:55:00,100.69053123221956,100.90343346004188,100.22564520266396,100.6960206322812,217776,9720,100.64160480584174,100.75393038651404,602020,1927521,-0.5240085058909897,3993.0,0.6553546626008,-69168.0,100.5037903452729,98.81005695050595,1.6937333947669515,-0.005731050773889024,557.0,0.655088264605741,0.11232558067230514,NONE,101.12251273714072,0.004235441501873954,0
2026-08-11 16:56:00,100.80122150493936,100.966303303166,100.68527545501613,100.77266609745358,441342,3939,100.74418296083148,100.80897221299742,734618,1637723,-0.3806809392073062,-5781.0,0.07664546517237625,223566.0,100.51723413288194,98.82641202673052,1.6908221061514155,-0.002911288615536023,-9774.0,0.07611568430521132,0.06478925216593723,NONE,100.4986459624804,-0.002719191082115361,0
2026-08-11 16:57:00,100.68104460369044,100.95877749731775,100.19156053602424,100.62893236085252,244811,6435,100.55258186990004,100.6979523180131,1402562,1079701,0.13006720077606604,2496.0,-0.1437337366010638,-196531.0,100.52281904428047,98.84143302951487,1.681386014765593,-0.009436091385822465,8277.0,-0.14263167004241462,0.14537044811305577,NONE,100.11079732482334,-0.005148966841575554,0
2026-08-11 16:58:00,100.82393754312191,100.98043269499249,100.39070026381336,100.75941598452692,230697,7981,100.68644180758304,100.82716178441122,665493,1090246,-0.24192263200851608,1546.0,0.13048362367440802,-14114.0,100.53464889129279,98.85741622080664,1.6772326704861484,-0.004153344279444582,-950.0,0.1296680990378496,0.14071997682817994,NONE,100.58755551732816,-0.0017056516804857306,0
2026-08-11 16:59:00,100.84766160095108,101.11621788875466,100.6656824540056,100.79210115435072,425438,6392,100.75993678828144,100.8209549143955,1273317,526597,0.41486426573714075,-1589.0,0.0326851698237931,194741.0,100.5475215044457,98.87353859525284,1.6739829091928584,-0.003249761293290021,-3135.0,0.03243882420755906,0.061018126114063875,NONE,101.14771710221888,0.00352821246700252,0
2026-08-11 17:00:00,100.80123404452225,100.82299912146212,100.75863366993596,100.79227597639672,279428,8972,100.70096927836909,100.80501174372976,713273,1888241,-0.4516477712593513,2580.0,0.00017482204600582918,-146010.0,100.55975922804325,98.88952807342905,1.6702311546142,-0.003751754578658506,4169.0,0.00017344816112263572,0.10404246536067774,NONE,101.1396410514474,0.0034463461776775436,0
2026-08-11 17:01:00,101.02332813174004,101.44992364563188,100.9090633403286,101.04306197377078,101789,2233,101.02366854254332,101.09208800659192,787744,1118531,-0.17352533081533356,-6739.0,0.25078599737405227,-177639.0,100.58392436532964,98.90747418926523,1.6764501760644066,0.0062190214502066965,-9319.0,0.24881469829372005,0.06841946404860266,NONE,101.3791945299002,0.003326626782318639,0
2026-08-11 17:02:00,101.32178138700414,101.8071606918092,100.88080459697872,101.33690871536947,451441,3800,101.23846677380628,101.39816478361048,710694,568908,0.11080476585688362,1567.0,0.29384674159869917,349652.0,100.62157358283163,98.92771947698276,1.693854105848871,0.017403929784464367,8306.0,0.29081337783980477,0.15969800980420246,NONE,101.53909574103622,0.00199519630339859,0
2026-08-11 17:03:00,101.22490855822429,101.56878207933924,100.92781004881166,101.24439938625954,336974,3775,101.15697708327156,101.3332938613129,762051,817332,-0.03500164304668342,-25.0,-0.09250932910993015,-114467.0,100.65271487300302,98.9470251428934,1.7056897301096257,0.011835624260754685,-1592.0,-0.09128888011550318,0.17631677804133972,NONE,102.5292140810996,0.012690229806572596,0
2026-08-11 17:04:00,101.25170666258695,101.61561261732966,100.77780232245132,101.13832965290024,361413,7044,101.06641877480712,101.23186916450854,1977963,796854,0.4256529349503048,3269.0,-0.10606973335930547,24439.0,100.67699561199788,98.96528601381011,1.7117095981877668,0.006019868078141144,3294.0,-0.10476602557998316,0.16545038970141945,NONE,102.93145675515652,0.01772945141975517,0
2026-08-11 17:05:00,101.1818684093688,101.1982288943257,100.99393656158615,101.12251273714072,268678,4487,101.02802524719552,101.1801052067748,1872246,722424,0.4431476835204477,-2557.0,-0.015816915759515382,-92735.0,100.69927146825503,98.9832629031712,1.7160085650838397,0.004298966896072898,-5826.0,-0.015638893596325865,0.15207995957928233,NONE,102.95935596671912,0.01816453309811543,0
2026-08-11 17:06:00,100.20460709901396,100.73735405722056,100.138951884693,100.4986459624804,480485,8383,100.42363795733128,100.57648827601956,1561725,1204410,0.1291748233546085,3896.0,-0.6238667746603284,211807.0,100.68924019296631,98.9958910953321,1.6933490976342114,-0.022659467449628323,6453.0,-0.6169415274341672,0.15285031868828014,NONE,102.73886081424448,0.02229099536923541,0
2026-08-11 17:07:00,100.17638740247632,100.41170069179606,100.09673657168436,100.11079732482334,144135,4850,100.08365619509064,100.16033461933286,661466,1335681,-0.3375890708095098,-3533.0,-0.3878486376570578,-336350.0,100.66031804955915,99.00518198057786,1.6551360689812924,-0.03821302865291898,-7429.0,-0.3859242420060638,0.0766784242422176,NONE,102.32297461002776,0.02209728964625767,0
2026-08-11 17:08:00,100.60702913680004,100.87842384103875,100.39989484444166,100.58755551732816,137067,5997,100.537761464898,100.66470291141972,1694044,1058535,0.23087766055034206,1147.0,0.47675819250481766,-7068.0,100.6566799229476,99.01836842671744,1.638311496230159,-0.01682457275113336,4680.0,0.476230541804501,0.12694144652172668,NONE,102.4499303474947,0.01851496261727639,0
2026-08-11 17:09:00,101.14584622657428,101.3484479917634,100.83434042794772,101.14771710221888,379501,1890,101.13128183002902,101.1761492394634,1965116,963378,0.3420659219380337,-4107.0,0.5601615848907215,242434.0,100.68123178191117,99.0361129990133,1.6451187828978675,0.006807286667708468,-5254.0,0.5568895496165238,0.044867409434374395,NONE,102.28879899148112,0.01128134101246272,0
2026-08-11 17:10:00,101.10078920613851,101.30868325613056,101.06659276867676,101.1396410514474,270923,6920,101.09457188344147,101.18303687757972,1726846,576313,0.4995456240754546,5030.0,-0.008076050771478549,-108578.0,100.70415224538797,99.05364239945025,1.6505098459377194,0.005391063039851929,9137.0,-0.007984412305928057,0.08846499413824915,NONE,101.92774225847371,0.007792208859288184,0
2026-08-11 17:11:00,101.4916058018988,101.4426065411754,100.96769274267672,101.3791945299002,400406,2188,101.30245025812386,101.44627504979344,1500209,1226043,0.1005651715248627,-4732.0,0.23955347845280528,129483.0,100.73790435961358,99.07302200053734,1.6648823590762447,0.014372513138525278,-9762.0,0.23685419086167947,0.14382479166958717,NONE,101.79922360430902,0.0041431486643438995,0
2026-08-11 17:12:00,101.6338483872485,101.73496696631736,101.42158009163026,101.53909574103622,307925,6644,101.49431583945244,101.55072995794086,612168,1797983,-0.49200859199278385,4456.0,0.15990121113601674,-92481.0,100.77796392868471,99.0935726150415,1.6843913136432178,0.019508954566973102,9188.0,0.15772586463869143,0.05641411848841926,NONE,101.54003459408496,9.246222274142798e-06,0
2026-08-11 17:13:00,102.45192631431723,102.61054448865237,102.20307352469038,102.5292140810996,420787,1740,102.48948760530747,102.60423559903012,1134101,767587,0.19273087909267977,-4904.0,0.9901183400633755,112862.0,100.86552643630546,99.12220296059198,1.7433234757134812,0.058932162070263416,-9360.0,0.9751104565561164,0.11474799372264499,NONE,102.11126303538953,-0.004076409338117757,0
2026-08-11 17:14:00,102.972161983869,103.29863959340264,102.72885818386888,102.93145675515652,453414,2369,102.8678747401306,103.01665495027066,1902499,1416702,0.14635962088466473,629.0,0.4022426740569216,32627.0,100.968822952248,99.15394674221335,1.8148762100346545,0.07155273432117326,5533.0,0.392320059859963,0.14878021014006038,NONE,102.44063988707256,-0.004768385521361675,0
2026-08-11 17:15:00,102.862190293265,103.06377143446642,102.66133416898028,102.95935596671912,263944,3000,102.8708575591092,103.00527871621756,756960,1383250,-0.2926301624606931,631.0,0.027899211562598225,-189470.0,101.06834960297155,99.1856584857509,1.882691117220645,0.06781490718599059,2.0,0.02710465045585586,0.13442115710836333,NONE,102.50292044276937,-0.004433162189721639,0
2026-08-11 17:16:00,102.6008989977656,102.76814346688676,102.68513553793004,102.73886081424448,169103,2471,102.72457832691532,102.78917563179044,1448520,1980137,-0.15505108851658245,-529.0,-0.22049515247464058,-94841.0,101.1518751635352,99.21526850515502,1.936606658380171,0.053915541159526015,-1160.0,-0.21415747059054802,0.06459730487512161,NONE,103.01135194354109,0.002652269327662538,0
2026-08-11 17:17:00,102.26030288756876,102.5991576789364,102.31451821006696,102.32297461002776,448412,2536,102.2782822709048,102.40959000912726,1158554,1692549,-0.18729418053293762,65.0,-0.4158862042167186,279309.0,101.21043013585982,99.24116605602896,1.9692640798308645,0.03265742145069339,594.0,-0.40479931441780304,0.13130773822246056,NONE,103.098775133363,0.007581880084037549,0
2026-08-11 17:18:00,102.53616969473298,102.7475452138544,101.99514813380456,102.4499303474947,186310,1318,102.42568868073133,102.52973926467403,1843118,698831,0.4501612738886579,-1218.0,0.12695573746694322,-262102.0,101.27240514644157,99.26790575845784,2.004499387983728,0.035235308152863354,-1283.0,0.12407354062056175,0.10405058394270839,NONE,102.90435557825798,0.004435583598953515,0
2026-08-11 17:19:00,102.38411149601872,102.72475552212136,102.15398398709752,102.28879899148112,137412,6153,102.21621710891525,102.32473244549412,1815509,673804,0.458642605409605,4835.0,-0.16113135601358408,-48898.0,101.32322483869355,99.29307986873305,2.030144969960503,0.025645581976775134,6053.0,-0.15727815086554742,0.10851533657887558,NONE,103.4250001278087,0.011107776682588787,0
2026-08-11 17:20:00,101.97905080048344,102.21623306468256,101.51790375708347,101.92774225847371,409878,2894,101.90822704803492,101.96690010806424,978911,1234664,-0.1155384389505664,-3259.0,-0.36105673300740193,272466.0,101.35345070968256,99.31503538864756,2.0384153210350036,0.008270351074500581,-8094.0,-0.3529777811131285,0.05867306002932082,NONE,103.65011074766552,0.01689793623431917,0
2026-08-11 17:21:00,101.87173318299382,101.97196403117074,101.29954845407292,101.79922360430902,449937,8991,101.7293909060368,101.87032264522418,1875687,750278,0.428569687714802,6097.0,-0.12851865416469366,40059.0,101.37573935441388,99.3357369571114,2.0400023973024872,0.001587076267483667,9356.0,-0.12608800245843543,0.1409317391873799,NONE,103.40209349581922,0.015745403891688898,0
2026-08-11 17:22:00,101.59165242279649,101.94154053484812,101.43431896508552,101.54003459408496,301002,9592,101.50427831571317,101.60072242240533,692206,648579,0.03253840101134783,601.0,-0.2591890102240626,-148935.0,101.38395411639743,99.35410610408618,2.0298480123112483,-0.010154384991238885,-5496.0,-0.25460804222979805,0.09644410669216086,NONE,103.40785623188836,0.01839492812140729,0
2026-08-11 17:23:00,102.04711487586722,102.38140248198324,101.97867766479784,102.11126303538953,122228,6935,102.08336052215316,102.1358636967882,761041,1284370,-0.25585518020583636,-2657.0,0.5712284413045694,-178774.0,101.42031956234703,99.37708241184706,2.0432371504999765,0.013389138188728111,-3258.0,0.5625647495474118,0.05250317463504928,NONE,103.20773164977705,0.010737979159140421,0
2026-08-11 17:24:00,102.48383214153996,102.48028002938814,102.10920999325522,102.44063988707256,220627,1723,102.3463681568683,102.47853357890315,1750534,843929,0.3494384001621916,-5212.0,0.3293768516830369,98399.0,101.47133557858331,99.40261205747395,2.068723521109362,0.025486370609385745,-2555.0,0.32256662183178797,0.13216542203485915,NONE,102.85513804218624,0.004046227703874231,0
2026-08-11 17:25:00,102.58296139529212,102.78584572292596,102.02019612546904,102.50292044276937,440068,3329,102.4912532308622,102.59391893768844,860981,1675267,-0.3210592970403525,1606.0,0.0622805556968018,219441.0,101.52291482179261,99.42844796068475,2.094466861107861,0.025743339998498982,6818.0,0.060796726538869805,0.10266570682624376,NONE,103.19491195532248,0.006750944359087574,0
2026-08-11 17:26:00,103.08678107652244,103.4653612162519,102.5534447694457,103.01135194354109,111319,3770,102.961951989071,103.08328764284607,1704625,1806002,-0.02887717778049334,441.0,0.5084315007717208,-328749.0,101.59733667788004,99.45830549387523,2.139031184004807,0.044564322896945896,-1165.0,0.49601659989346736,0.12133565377507693,NONE,103.82932091087454,0.007940571130274772,0
2026-08-11 17:27:00,103.21766647051048,103.29693144611213,102.84733737333022,103.098775133363,106475,8545,103.08682870404144,103.1975128219547,601967,797535,-0.13974113648998002,4775.0,0.08742318982191932,-4844.0,101.67240860065418,99.48864274087097,2.1837658597832075,0.0447346757784004,4334.0,0.08486752981344825,0.11068411791326582,NONE,103.4709869539643,0.0036102448367579592,0
2026-08-11 17:28:00,102.97518596297807,103.05251847920788,102.5068004369946,102.90435557825798,328163,5846,102.8508322039286,102.98338670595624,893345,1993522,-0.38109722408410224,-2699.0,-0.1944195551050285,221688.0,101.73400594953436,99.51710701451586,2.2168989350185058,0.03313307523529829,-7474.0,-0.18857600864174984,0.13255450202763086,NONE,103.70075549120727,0.007739224530138003,0
2026-08-11 17:29:00,103.46014494856286,103.49673485631772,103.35712720125876,103.4250001278087,245800,1267,103.3699058638072,103.51977782670164,1870403,1401451,0.1433291338794457,-4579.0,0.5206445495507239,-82363.0,101.81855565844809,99.54967279045997,2.2688828679881254,0.05198393296961967,-1880.0,0.5059499635608589,0.14987196289443716,NONE,103.56607110070892,0.0013639929681014587,0
2026-08-11 17:30:00,103.75712577149714,103.7258335086332,103.1613916555635,103.65011074766552,341382,1569,103.61116112523996,103.67956771931384,1856051,1414060,0.13516085539604009,302.0,0.2251106198568209,95582.0,101.91013341290896,99.58384310677,2.326290306138958,0.05740743815083249,4881.0,0.2176559048379323,0.06840659407387761,NONE,103.48006170857738,-0.0016406064389272372,0
2026-08-11 17:31:00,103.3994413698943,103.61847923799012,102.91991687880122,103.40209349581922,391689,2973,103.38019893584196,103.48152713455272,748719,1774968,-0.40664670381073403,1404.0,-0.2480172518463064,50307.0,101.98473141705446,99.61566186001208,2.36906955704238,0.04277925090342194,1102.0,-0.23928315180492543,0.10132819871076038,NONE,103.36208089349331,-0.0003869612400789524,0
2026-08-11 17:32:00,103.3196687667656,103.70569614396912,103.32599175294878,103.40785623188836,458780,9737,103.36398135349226,103.41967580870164,941719,1021819,-0.04079371012936852,6764.0,0.005762736069144125,67091.0,102.05588765779616,99.6472634797777,2.4086241780184565,0.03955462097607665,5360.0,0.005573132877989551,0.05569445520937677,NONE,103.16221952997482,-0.002375416248478341,0
2026-08-11 17:33:00,103.19142495338266,103.24803935236184,103.0580200873755,103.20773164977705,329484,3822,103.13722798518312,103.27810005173107,658621,742174,-0.059646843399640916,-5915.0,-0.20012458211131445,-129296.0,102.11347985739522,99.67693404786102,2.436545809534195,0.027921631515738454,-12679.0,-0.19352937910495083,0.14087206654795636,NONE,103.2356998284207,0.0002709891807192103,0
2026-08-11 17:34:00,102.78064777770558,103.3249223366988,102.80506054343284,102.85513804218624,292828,5460,102.77472241940822,102.90737344721704,1231874,590153,0.35220169624270115,1638.0,-0.35259360759080494,-36656.0,102.15056276663476,99.70341908114708,2.4471436854876885,0.010597875953493485,7553.0,-0.3416348774986089,0.13265102780881932,NONE,103.04491605706734,0.0018450999968835941,0
2026-08-11 17:35:00,103.12739412782504,103.57247876404506,103.05905315587336,103.19491195532248,299847,1270,103.13714440110752,103.23612036179529,1207609,1586324,-0.13554906291596827,-4190.0,0.3397739131362414,7019.0,102.20278022606915,99.73251485509854,2.4702653709706084,0.02312168548291993,-5828.0,0.3303421876667878,0.09897596068776693,NONE,103.18412140792772,-0.00010456472310799758,0
2026-08-11 17:36:00,103.814869043803,104.12263287001636,103.42134301616694,103.82932091087454,392759,8641,103.76623581537496,103.91693730258092,1339096,1421382,-0.029808605611057217,7371.0,0.6344089555520611,92912.0,102.28410726030941,99.76665490556334,2.5174523547460694,0.047186983775461044,11561.0,0.6147676697730198,0.1507014872059642,NONE,103.2266749808973,-0.005804197934555928,0
2026-08-11 17:37:00,103.3917449618643,103.8852062894338,103.28182915038168,103.4709869539643,375890,9930,103.44293148056308,103.55787104630348,1520668,633021,0.41215189379710815,1289.0,-0.3583339569102435,-16869.0,102.34345124499215,99.79752433930001,2.5459269056921414,0.028474550946071986,-6082.0,-0.3451182707992828,0.11493956574039998,NONE,103.21216201735326,-0.002501425222958292,0
2026-08-11 17:38:00,103.6699593382434,103.74084886961334,103.65655700763392,103.70075549120727,253817,7680,103.6648957612168,103.71276264464817,1295265,1765028,-0.15350262213454724,-2250.0,0.2297685372429754,-122073.0,102.4113164573029,99.83005126556591,2.581265191736989,0.03533828604484768,-3539.0,0.2220608346426678,0.047866883431368024,NONE,102.99660063674054,-0.006790257709611781,0
2026-08-11 17:39:00,103.37670963401357,103.80449053957548,103.39495833831948,103.56607110070892,363389,2257,103.5415004958042,103.63092656172935,1347090,747888,0.2860182779962367,-5423.0,-0.13468439049835013,109572.0,102.4690541894732,99.8611847641921,2.6078694252810948,0.026604233544105682,-3173.0,-0.12987792601932835,0.0894260659251529,NONE,102.87980312837604,-0.006626378359622717,0
2026-08-11 17:40:00,103.50139107931469,103.7951082720082,102.98937004145674,103.48006170857738,217408,9250,103.44762512707696,103.52316660876626,1005655,1962673,-0.32240978759759703,6993.0,-0.0860093921315439,-145981.0,102.51960456542841,99.89134207206197,2.628262493366435,0.02039306808534036,12416.0,-0.08304784686473665,0.07554148168929942,NONE,103.16217054940547,-0.0030720039582809544,0
2026-08-11 17:41:00,103.36220144102954,103.77640734655246,103.04723909586372,103.36208089349331,212143,6370,103.33184108327302,103.40949038362837,730099,1730954,-0.40667754818770663,-2880.0,-0.1179808150840671,-5265.0,102.56172838183166,99.92026489557391,2.6414634862577486,0.01320099289131349,-9873.0,-0.1140130892232416,0.0776493003553469,NONE,103.3677019972488,5.4382648906609445e-05,0
2026-08-11 17:42:00,103.080510666868,103.55395430999944,102.95413905677174,103.16221952997482,389776,5858,103.1054691391996,103.24710319650453,1418241,1111438,0.12128139578183635,-512.0,-0.19986136351849382,177633.0,102.59175293923882,99.94728118419393,2.64447175504489,0.0030082687871413327,2368.0,-0.19336042946390686,0.14163405730492684,NONE,103.12918811733388,-0.0003201890458680958,0
2026-08-11 17:43:00,103.30162439526394,103.3742344532774,103.15243057167208,103.2356998284207,375000,9581,103.17505784039956,103.2735854078582,1025587,589364,0.270115316192256,3723.0,0.07348029844588666,-14776.0,102.6239502836979,99.97468467289582,2.6492656108020753,0.0047938557571853835,4235.0,0.07122791539448947,0.0985275674586461,NONE,103.2132271577969,-0.00021768313346219275,0
2026-08-11 17:44:00,103.13867307083,103.51535614184694,102.5518276584255,103.04491605706734,287965,9910,102.9498707891934,103.13979045002472,1797816,1664501,0.03850456211837333,329.0,-0.19078377135336666,-87035.0,102.64499857236638,100.00026993443059,2.644728637935785,-0.004536972866290512,-3394.0,-0.18480406649100667,0.18991966083132183,NONE,103.49235964367502,0.004342218944211446,0
2026-08-11 17:45:00,103.02336542149084,103.24629432864316,102.77369690329616,103.18412140792772,332298,7999,103.1565200496886,103.21028845230124,1876595,509958,0.5726405405620575,-1911.0,0.13920535086037944,44333.0,102.67195471414445,100.02680203004307,2.645152684101376,0.00042404616559110764,-2240.0,0.13509191543548127,0.05376840261264704,NONE,103.04472184606075,-0.001350978813066253,0
2026-08-11 17:46:00,103.15040250304068,103.66424179020788,103.08593632967184,103.2266749808973,168049,1120,103.15892416698276,103.29631999900045,1188280,1688345,-0.17383739625429107,-6879.0,0.042553572969580955,-164249.0,102.69969072748208,100.05346763796685,2.6462230895152317,0.001070405413855724,-4968.0,0.04124042768300917,0.13739583201768824,NONE,103.26037166097834,0.00032643384171069783,0
2026-08-11 17:47:00,103.13524778237452,103.69763214215556,103.17712766949268,103.21216201735326,420326,7908,103.1286086831444,103.2826514733845,948052,1635736,-0.26615341506346496,6788.0,-0.014512963544035529,252277.0,102.72531429197564,100.0797900911284,2.645524200847234,-0.0006988886679977213,13667.0,-0.014059315139924866,0.15404279024009782,NONE,103.11367489009346,-0.0009542201745879765,0
2026-08-11 17:48:00,102.90261032662966,103.08517739835185,102.96828785805177,102.99660063674054,496017,3303,102.93617890500006,103.02929820126906,673453,1722449,-0.4378292601283358,-4605.0,-0.21556138061272634,75691.0,102.73887860921388,100.10409684567519,2.6347817635386974,-0.010742437308536523,-11393.0,-0.20885269371305748,0.09311929626899484,NONE,103.3363841743356,0.003298978174954072,0
2026-08-11 17:49:00,102.9627506125692,103.24083616047793,102.81961405362324,102.87980312837604,328953,5861,102.84685279965092,102.91903068318308,876430,783343,0.056084175366149465,2558.0,-0.11679750836449898,-167064.0,102.74592483517199,100.12722773136437,2.6186971038076194,-0.016084659731077977,7163.0,-0.11339938176836428,0.07217788353216292,NONE,103.15836626497904,0.0027076561981305438,0
2026-08-11 17:50:00,103.1427879355282,103.18231330879448,102.87178625759826,103.16217054940547,310503,3911,103.12854102870368,103.24730241373769,1502475,738962,0.3406354941048979,-1950.0,0.28236742102943424,-18450.0,102.76673712088366,100.15251892151471,2.614218199368949,-0.004478904438670384,-4508.0,0.2744634150175118,0.11876138503400568,NONE,102.66728255484438,-0.0047971847812574835,0
2026-08-11 17:51:00,103.34125051311774,103.57041340981836,102.90332028664604,103.3677019972488,270821,9991,103.3541692224724,103.44626447019476,1385162,927704,0.19778837165663726,6080.0,0.20553144784332744,-39682.0,102.79678536470192,100.1793121138125,2.617473250889418,0.00325505152046901,8030.0,0.19923141084443596,0.09209524772236932,NONE,102.2288128575735,-0.01101784326893145,0
2026-08-11 17:52:00,102.9288018808932,103.38732976693272,102.88081640333088,103.12918811733388,304829,8236,103.0916981369445,103.1688067465622,818442,1859722,-0.38880367296401563,-1755.0,-0.2385138799149189,34008.0,102.81340550233351,100.20389441384185,2.609511088491658,-0.007962162397760153,-7835.0,-0.23074313862686546,0.07710860961769583,NONE,102.29243462591737,-0.008113643738419728,0
2026-08-11 17:53:00,103.27676896081782,103.5035497707517,102.7917544165688,103.2132271577969,417798,6565,103.1362128266866,103.27128324702105,1721743,523731,0.5335229889101366,-1671.0,0.08403904046301136,112969.0,102.83339658510667,100.22897218670815,2.604424398398521,-0.005086690093136781,84.0,0.0814890934343504,0.1350704203344435,NONE,102.41894215348135,-0.007695573776616854,0
2026-08-11 17:54:00,103.36843380418966,103.9603282677993,103.26941633374511,103.49235964367502,302646,7531,103.47808304552638,103.5079108703378,944740,638148,0.1936915309232239,966.0,0.27913248587812234,-115152.0,102.86634473803508,100.25616708218287,2.610177655852212,0.005753257453690708,2637.0,0.27044255234009995,0.0298278248114201,NONE,102.19562378593837,-0.012529773813268159,0
2026-08-11 17:55:00,103.0507151090874,103.38084718970786,102.69043007317686,103.04472184606075,417525,2109,103.01498527063534,103.07350897547664,1016030,1386358,-0.154149954128975,-5422.0,-0.4476377976142629,114879.0,102.87526359343637,100.27940503854852,2.5958585548878546,-0.01431910096435729,-6388.0,-0.4325322170211199,0.05852370484130631,NONE,102.4345554460668,-0.005921374613495386,0
2026-08-11 17:56:00,103.28810935477416,103.50101063658796,102.89443529233507,103.26037166097834,158601,7929,103.18681073611047,103.31409551127577,1920545,1152160,0.25006793688297446,5820.0,0.21564981491758317,-258924.0,102.89451899681349,100.30424642706878,2.5902725697447124,-0.005585985143142125,11242.0,0.20927788542119963,0.12728477516529324,NONE,101.98282222280238,-0.012372117373065136,0
2026-08-11 17:57:00,103.24974074967731,103.5185124082264,103.0266930371418,103.11367489009346,246154,2250,103.0332362494394,103.1314125262686,1664213,541410,0.5090638790038008,-5679.0,-0.14669677088487276,87553.0,102.90547679147748,100.32765833092732,2.577818460550162,-0.012454109194550256,-11499.0,-0.14206492628798806,0.09817627682920715,NONE,102.009081634308,-0.010712383754752421,0
2026-08-11 17:58:00,103.20550213442368,103.8116505848128,103.15577614484768,103.3363841743356,245720,9177,103.28540551743002,103.42228408627588,761046,1996119,-0.44795034029519454,6927.0,0.22270928424214276,-434.0,102.9270221606204,100.35273104628907,2.5742911143313307,-0.0035273462188314397,12606.0,0.21598423727942073,0.1368785688458587,NONE,101.69121247775414,-0.01592054637605621,0
2026-08-11 17:59:00,102.85641504939696,103.1693993393202,102.83971518671004,103.15836626497904,362508,2649,103.08553957451598,103.23298682388874,1484413,1381380,0.03595270139887982,-6528.0,-0.17801790935656925,116788.0,102.93858936583834,100.37611133977815,2.562478026060191,-0.011813088271139804,-13455.0,-0.1722703099967582,0.14744724937276033,NONE,101.54044161294432,-0.01568389177353598,0
2026-08-11 18:00:00,102.68566750931974,103.1585431909724,102.6319342507522,102.66728255484438,265640,8351,102.62236685966543,102.76220958520274,525532,1216432,-0.3966212849404465,5702.0,-0.4910837101346601,-96868.0,102.92502402528865,100.39520443323704,2.5298195920516093,-0.032658434008581594,12230.0,-0.4760483593480247,0.13984272553730648,NONE,101.59877747463608,-0.01040745458162396,0
2026-08-11 18:01:00,102.4088639757246,102.27187892710536,102.04804276369202,102.2288128575735,305704,6911,102.20442066552133,102.30122487911026,608197,728443,-0.08996139573856834,-1440.0,-0.43846969727087526,40064.0,102.89021346690288,100.41048450343985,2.4797289634630317,-0.0500906285885776,-7142.0,-0.4270783119604271,0.09680421358893909,NONE,101.38409816487182,-0.00826298055401028,0
2026-08-11 18:02:00,102.4163292612113,102.69962801555174,102.02503489277676,102.29243462591737,369580,3956,102.24660117150027,102.38707074942094,1679436,1589617,0.027475541081775058,-2955.0,0.06362176834386446,63876.0,102.86032452485361,100.42616742112715,2.434157103726463,-0.045571859736568854,-1515.0,0.062234673929451034,0.14046957792066905,NONE,101.3114969072521,-0.009589543178364473,0
2026-08-11 18:03:00,102.43990809500882,102.55910952975708,101.92082990695904,102.41894215348135,448857,6828,102.35674504966308,102.47884828349352,560285,1934336,-0.5508055131420765,2872.0,0.1265075275639873,79277.0,102.838255406285,100.4427738772301,2.395481529054905,-0.03867557467155791,5827.0,0.12367241822586195,0.12210323383044397,NONE,101.65546324872103,-0.007454469736820725,0
2026-08-11 18:04:00,102.14646016737515,102.26171361481528,101.95835700462712,102.19562378593837,422338,5994,102.1002989905716,102.25964346093392,1305298,1077614,0.09554863964762442,-834.0,-0.22331836754298706,-26519.0,102.80612382526768,100.45738095980265,2.3487428654650273,-0.04673866358987766,-3706.0,-0.21804400909387622,0.15934447036231347,NONE,101.523779789129,-0.006574097519250276,0
2026-08-11 18:05:00,102.51526770573054,102.65448326592372,102.02652706750963,102.4345554460668,124544,7436,102.41836786037882,102.53248284098318,771639,1980341,-0.4392117675273803,1442.0,0.23893166012842926,-297794.0,102.78754540630764,100.47385741385484,2.313687992452799,-0.03505487301222843,2276.0,0.2337983284185441,0.11411498060435576,NONE,101.81516975969012,-0.0060466478687730444,0
2026-08-11 18:06:00,101.88546760283194,102.3048005125262,101.76678858026908,101.98282222280238,163295,9676,101.92715675435632,102.05061384602016,746130,1339528,-0.284513568379859,2240.0,-0.45173322326441223,38751.0,102.74730924713238,100.48643212059606,2.2608771265363146,-0.05281086591648432,798.0,-0.4409969089993804,0.12345709166383756,NONE,101.5162310339502,-0.004575193926608675,0
2026-08-11 18:07:00,102.0567174112436,102.19955755681973,101.61088627299812,102.009081634308,296787,8614,101.96947885426904,102.02185242550546,1818557,1463894,0.10804822372062828,-1062.0,0.026259411505620278,133492.0,102.71039786649116,100.49912086654366,2.2112769999475006,-0.049600126588813964,-3302.0,0.025748857438223638,0.05237357123641573,NONE,101.71442949594892,-0.0028884892760370185,0
2026-08-11 18:08:00,101.7417594936708,101.71849518189548,101.39350507694408,101.69121247775414,169409,9994,101.63546442526923,101.76635472765088,1014938,939268,0.038721608673804093,1380.0,-0.3178691565538685,-127378.0,102.65943859705433,100.50905496330374,2.150383633750593,-0.06089336619690755,2442.0,-0.31160868371837847,0.13089030238164412,NONE,102.18543418046688,0.004860023699893097,0
2026-08-11 18:09:00,101.64646260369422,101.8401721827737,101.09714389219312,101.54044161294432,349720,2715,101.52828382268044,101.6319337952367,1472980,947803,0.21694509586361108,-7279.0,-0.1507708648098145,180311.0,102.60348874784884,100.51764985205074,2.085838895798105,-0.06454473795248816,-8659.0,-0.14826341542815147,0.10364997255626918,NONE,101.48174495889796,-0.0005780618354024886,0
2026-08-11 18:10:00,101.8747434785272,102.04997911269142,101.39330619846102,101.59877747463608,226839,9150,101.56060519271294,101.68037969711756,758750,1347724,-0.2796018370034475,6435.0,0.058335861691759305,-122881.0,102.55325318418821,100.52665924890562,2.026593935282591,-0.05924496051551387,13714.0,0.057450864665464785,0.11977450440461723,NONE,101.27974381127066,-0.0031401328962355184,0
2026-08-11 18:11:00,101.42333976158967,101.57570584784544,101.08194595496109,101.38409816487182,475903,4483,101.30031003159438,101.4466431594081,792490,837563,-0.027651248149600044,-4667.0,-0.2146793097642643,249064.0,102.49479543322238,100.53380457320533,1.9609908600170485,-0.06560307526554254,-11102.0,-0.21130107576132762,0.146333127813719,NONE,101.48918958052086,0.0010365670509604123,0
2026-08-11 18:12:00,101.26060054468137,101.41966329606753,100.99648756694268,101.3114969072521,379301,8675,101.2516421512052,101.38191422343051,608621,1010839,-0.24836550455089967,4192.0,-0.07260125761970926,-96602.0,102.43563050692387,100.54028534265572,1.89534516426815,-0.06564569574889845,8859.0,-0.07161010349142627,0.1302720722253099,NONE,101.46385033174002,0.0015038117996360116,0
2026-08-11 18:13:00,101.65290581750185,101.87675192168744,101.4467717778208,101.65546324872103,276637,2757,101.60491082436758,101.75458050975368,1543350,1261752,0.10038779338505338,-5918.0,0.3439663414689278,-102664.0,102.39662214401372,100.54957849187294,1.8470436521407834,-0.048301512127366664,-10110.0,0.33951363070257035,0.14966968538610104,NONE,101.61001236404064,-0.0004471071522165697,0
2026-08-11 18:14:00,101.34687219864009,101.5479611446534,101.45162376728526,101.523779789129,301068,2809,101.4880825326746,101.54193937709483,1834132,1008365,0.2905076065163833,52.0,-0.13168345959203975,24431.0,102.35298002626948,100.55769683601673,1.7952831902527464,-0.05176046188803696,5970.0,-0.12953898923253604,0.0538568444202383,NONE,101.46287278348802,-0.0005999284676701177,0
2026-08-11 18:15:00,101.74569844658122,102.22541355193026,101.76839005623395,101.81516975969012,165888,6539,101.7783459326389,101.88522179426712,981615,511093,0.3152136921621643,3730.0,0.29138997056112714,-135180.0,102.32608951294051,100.56817577704734,1.757913735893169,-0.0373694543595775,3678.0,0.287016471575785,0.10687586162822527,NONE,101.52213733797863,-0.0028780821404425175,0
2026-08-11 18:16:00,101.47530279013888,101.92940143942528,101.50789525865038,101.5162310339502,287167,7048,101.47175190492705,101.55173682646156,618833,1499540,-0.4157468963209029,509.0,-0.29893872573991587,121279.0,102.285596588991,100.57607623752155,1.7095203514694504,-0.048393384423718544,-3221.0,-0.29360921996740563,0.07998492153451764,NONE,101.50794750278716,-8.159809597614423e-05,0
2026-08-11 18:17:00,101.66202065615548,102.00842972766377,101.27766236382632,101.71442949594892,427091,2151,101.62922813205212,101.78203763164169,1972596,572043,0.5503935921755503,-4897.0,0.1981984619987145,139924.0,102.25703823433889,100.5855625146751,1.671475719663789,-0.03804463180566131,-5406.0,0.19523819982287804,0.1528094995895657,NONE,101.8900153861114,0.0017262633338515035,0
2026-08-11 18:18:00,102.20066966767024,102.36198562493608,102.06719672434754,102.18543418046688,433024,6492,102.08838499185414,102.25012030229644,565206,886678,-0.22141713800827062,4341.0,0.47100468451796473,5933.0,102.2534580316453,100.5988947785567,1.6545632530885968,-0.016912466575192298,9238.0,0.46306574873600237,0.16173531044229605,NONE,101.99728918441328,-0.0018412114951856162,0
2026-08-11 18:19:00,101.39950296565974,101.88163664112083,101.37599158425706,101.48174495889796,104507,7711,101.4322659745764,101.50555607378767,510934,1947622,-0.5843625282482888,1219.0,-0.7036892215689221,-328517.0,102.21487237800793,100.60625186339287,1.6086205146150547,-0.04594273847354202,-3122.0,-0.6886394594420975,0.07329009921127749,NONE,102.12872629978536,0.006375347025708249,0
2026-08-11 18:20:00,101.39184687800312,101.55708732366485,100.91172611105765,101.27974381127066,465278,7302,101.23434205578336,101.30835100938728,792867,1710256,-0.36649777098448616,-409.0,-0.20200114762729982,360771.0,102.16811594967106,100.61186429629184,1.5562516533792206,-0.052368861235834174,-1628.0,-0.19905170896412638,0.07400895360392212,NONE,102.0345229299375,0.007452419311736434,0
2026-08-11 18:21:00,101.48921028701268,101.90215573479588,101.32918152397716,101.48918958052086,143988,5747,101.40300001069708,101.55513624254476,1962197,1389297,0.17093869181923046,-1555.0,0.20944576925019476,-321290.0,102.13416963121355,100.61917534032709,1.514994290886463,-0.041257362492757466,-1146.0,0.20679926841096208,0.15213623184767755,NONE,101.9167989595494,0.0042133490354583645,0
2026-08-11 18:22:00,101.46292029962616,101.77957972803154,101.2108279855341,101.46385033174002,460565,9402,101.41542885288275,101.48539102699736,1201773,1935398,-0.23384922275515105,3655.0,-0.025339248780838375,316577.0,102.10065366623988,100.62621429858886,1.4744393676510157,-0.040554923235447404,5210.0,-0.02496743632063314,0.06996217411460748,NONE,101.81478249322194,0.003458691547132649,0
2026-08-11 18:23:00,101.57722289238934,102.00221510064704,101.52875683139192,101.61001236404064,247937,5681,101.55033072853404,101.64387864280238,1439858,1858007,-0.12679384996050475,-3721.0,0.14616203230062297,-212628.0,102.07612160112991,100.63441261580097,1.441708985328944,-0.032730382322071705,-7376.0,0.1440533074811734,0.09354791426834197,NONE,101.9600572791179,0.003444984474789237,0
2026-08-11 18:24:00,101.47839185187392,101.76215428009692,100.98299992275705,101.46287278348802,464735,3507,101.43208803367412,101.54804488278444,1491994,983263,0.20552653724441544,-2174.0,-0.14713958055261855,216798.0,102.04545916024782,100.6413164505317,1.4041427097161119,-0.0375662756128321,1547.0,-0.14480815141076908,0.11595684911031867,NONE,101.85988443571657,0.003912876122438666,0
2026-08-11 18:25:00,101.6046471644454,101.72920787208646,101.09634663797002,101.52213733797863,491758,3963,101.44522210975852,101.56157557351878,1408420,1057715,0.14220835436827262,456.0,0.05926455449061052,27023.0,102.01929306913436,100.64865662459377,1.3706364445405939,-0.033506265175518024,2630.0,0.058410089193006165,0.11635346376026234,NONE,101.97211810116308,0.0044323413098209825,0
2026-08-11 18:26:00,101.42123448121608,101.98692043275022,101.07605269130464,101.50794750278716,127213,4428,101.4500685541428,101.56187291685144,981891,1416281,-0.18113379690864542,465.0,-0.014189835191473321,-364545.0,101.99372579081701,100.65581738191204,1.3379084089049655,-0.032728035635628316,9.0,-0.013977084765492975,0.11180436270863936,NONE,102.6192137527381,0.01094757875899748,0
2026-08-11 18:27:00,101.82420373720387,102.16057229855085,101.68662851182542,101.8900153861114,157450,8494,101.80720227658978,101.98471801627454,741630,871983,-0.08078331049638296,4066.0,0.3820678833242397,30237.0,101.98854027058172,100.66610236528037,1.3224379053013564,-0.015470503603609131,3601.0,0.37639208822910497,0.17751573968476464,NONE,102.90419642242566,0.009953684200272464,0
2026-08-11 18:28:00,101.9669165815356,102.29983394368357,101.61610857755969,101.99728918441328,497693,4955,101.9170232387107,102.0277326024086,883094,1538991,-0.270798506245652,-3539.0,0.10727379830187544,340243.0,101.9889777162733,100.67719558877315,1.3117821275001518,-0.010655777801204636,-7605.0,0.10528391608870535,0.11070936369790729,NONE,102.82920025896048,0.008156207691393585,0
2026-08-11 18:29:00,101.99413920743804,102.23897011949272,102.05678822209046,102.12872629978536,162222,4705,102.09937587064104,102.17379264134756,1475197,1531510,-0.018729127913029105,-250.0,0.13143711537207992,-335471.0,101.99596514544889,100.68929167803158,1.306673467417312,-0.005108660082839833,3289.0,0.12886334178394687,0.0744167707065202,NONE,103.2115369086994,0.010602409803247694,0
2026-08-11 18:30:00,101.95259714396536,102.34734832465114,102.0302134286416,102.0345229299375,499749,5038,101.9601157303873,102.09910412973642,666804,1756123,-0.4495880395901321,333.0,-0.09420336984786104,337527.0,101.99789303467333,100.70050193846414,1.2973910962091821,-0.009282371208129803,583.0,-0.09223983619588427,0.13898839934911678,NONE,103.11024443541424,0.010542720979010206,0
2026-08-11 18:31:00,101.86917687219494,102.20260278429087,101.9068124932604,101.9167989595494,254468,1713,101.8347940628338,101.99477946320476,724310,1178731,-0.2387867628705845,-3325.0,-0.11772397038809856,-245281.0,101.99383833091713,100.71063774697319,1.2832005839439375,-0.014190512265244593,-3658.0,-0.11537660686563589,0.15998540037097086,NONE,102.51909111758688,0.005909645555847318,0
2026-08-11 18:32:00,101.9022214112932,101.90720169219546,101.52148162451968,101.81478249322194,112755,8260,101.77363284155152,101.90593129802608,1790600,1512986,0.08403413744942617,6547.0,-0.10201646632745565,-141713.0,101.98488553903236,100.71983895319194,1.2650465858404232,-0.01815399810351437,9872.0,-0.1000977928750979,0.13229845647455818,NONE,102.23609956033096,0.004138073635201877,0
2026-08-11 18:33:00,101.98631341201808,101.98985082779448,101.73235982649392,101.9600572791179,231937,8011,101.9345224589567,102.05244984799953,757476,720967,0.024694222232443185,-249.0,0.145274785895964,119182.0,101.98364412603664,100.73017410590799,1.2534700201286455,-0.011576565711777675,-6796.0,0.1426853570164477,0.11792738904281919,NONE,101.6934431537828,-0.0026148879517127765,0
2026-08-11 18:34:00,101.87924342685332,102.16206409557395,101.60087676126231,101.85988443571657,242245,9879,101.8496475417144,101.9397820424101,781260,734625,0.030764207047368368,1868.0,-0.1001728434013387,10308.0,101.97745614152063,100.73958835865639,1.2378677828642424,-0.01560223726440313,2117.0,-0.0982471431210663,0.09013450069569728,NONE,101.6057138043915,-0.0024952966786986035,0
2026-08-11 18:35:00,102.05720789737988,102.35396423583823,101.96838653095448,101.97211810116308,289977,9521,101.92153677238473,102.00266787645648,1661434,610949,0.46228342669347555,-358.0,0.11223366544651014,47732.0,101.97718923950275,100.74985943984395,1.2273297996588042,-0.010537983205438195,-2226.0,0.11018436361700523,0.08113110407175839,NONE,101.62810438481507,-0.0033736056752956467,0
2026-08-11 18:36:00,102.60547657389816,102.88091443819911,102.4078704429094,102.6192137527381,269169,2746,102.5774948068996,102.63144659244192,576620,1675471,-0.4879247774623672,-6775.0,0.6470956515750288,-20808.0,102.00929046516451,100.76543739245139,1.2438530727131223,0.01652327305431811,-6417.0,0.6345809654880963,0.05395178554232416,NONE,102.1470380138188,-0.004601241050794016,0
2026-08-11 18:37:00,102.94324290741856,103.01758273508548,102.54516234182525,102.90419642242566,395515,2207,102.84425453738136,102.94873607615766,1462275,789459,0.2987990588586396,-539.0,0.28498266968755104,126346.0,102.05403576302757,100.78326038436784,1.270775378659735,0.026922305946612823,6236.0,0.27770888049700737,0.10448153877629807,NONE,102.26025318129152,-0.006257696610259964,0
2026-08-11 18:38:00,102.81887808366724,103.162461247307,102.60785340797676,102.82920025896048,335132,1784,102.80227656062748,102.8519396555494,921972,583804,0.2245805485012379,-423.0,-0.07499616346517257,-60383.0,102.09279398782422,100.80030988332278,1.2924841045014404,0.021708725841705245,116.0,-0.07287959682160672,0.04966309492192522,NONE,102.2087918034488,-0.0060333879282272965,0
2026-08-11 18:39:00,103.23807314363935,103.25158977200418,102.84542730554328,103.2115369086994,235090,3696,103.1241670094094,103.28547179696884,582604,1200897,-0.3466737613267388,1912.0,0.38233664973891734,-100042.0,102.14873113386798,100.82040344186757,1.3283276920004141,0.03584358749897376,2335.0,0.3718171966484718,0.16130478755943045,NONE,102.4710115440401,-0.007174831291528695,0
2026-08-11 18:40:00,103.05196856965308,103.3311612878152,102.9937349532158,103.11024443541424,367336,8073,103.0770464660077,103.17974618822856,1118740,972913,0.06971854318091959,4377.0,-0.10129247328515589,132246.0,102.19680679894529,100.83948545014712,1.3573213487981661,0.02899365679775201,2465.0,-0.0981406500852322,0.1026997222208621,NONE,101.82019591798826,-0.012511351558612997,0
2026-08-11 18:41:00,102.27520940175924,102.60077449678607,102.112520115346,102.51909111758688,364159,6036,102.48871245312898,102.5330485653328,1716172,1121645,0.20950152881598777,-2037.0,-0.5911533178273629,-3177.0,102.21292101487737,100.85348216404245,1.3594388508349198,0.002117502036753649,-6414.0,-0.5733216142239317,0.04433611220382261,NONE,101.90252992288612,-0.006014111010734422,0
2026-08-11 18:42:00,102.22267164411232,102.3283290858609,101.94188394010423,102.23609956033096,470298,8127,102.18283529524736,102.32139300045274,1996398,706337,0.47731686606345053,2091.0,-0.28299155725592584,106139.0,102.21407994215005,100.86500397567819,1.3490759664718581,-0.010362884363061653,4128.0,-0.27603791076468154,0.13855770520538613,NONE,102.1445617155522,-0.0008953573656704135,0
2026-08-11 18:43:00,101.8357179673928,101.7945901283619,101.58806160406786,101.6934431537828,299988,4718,101.63854656164582,101.725830047749,1224179,1903169,-0.21711366947330454,-3409.0,-0.5426564065481614,-170310.0,102.18804810273168,100.87190763549573,1.3161404672359538,-0.03293549923590433,-5500.0,-0.5307874702593973,0.08728348610317482,NONE,101.71087875576148,0.00017145256801191615,0
2026-08-11 18:44:00,101.69833534461566,101.7990673329135,101.48735356646458,101.6057138043915,128343,6775,101.57635613380084,101.6546142411857,785356,1799752,-0.392399853313672,2057.0,-0.08772934939129584,-171645.0,102.15893138781468,100.8780226869032,1.280908700911482,-0.03523176632447189,5466.0,-0.08626844236027109,0.07825810738485472,NONE,102.0630168010486,0.004500760631803568,0
2026-08-11 18:45:00,101.7246441332742,101.65367948762528,101.3140891525303,101.62810438481507,431450,8910,101.59363691940976,101.69821842100608,802262,1701832,-0.3592397090524557,2135.0,0.022390580423575557,303107.0,102.13239003766469,100.88427336771913,1.24811666994556,-0.03279203096592198,78.0,0.022036733550900856,0.1045815015963143,NONE,102.17269486978576,0.005358660266933547,0
2026-08-11 18:46:00,102.27065108599942,102.34593473428336,101.7320682172126,102.1470380138188,105829,3693,102.12176454229484,102.19568570463552,666901,1706218,-0.4379540174765783,-5217.0,0.5189336290037261,-325621.0,102.13312243647239,100.89479640643663,1.2383260300357648,-0.009790639909795118,-7352.0,0.5106201991515791,0.07392116234068169,NONE,102.05535350917916,-0.0008975737957985744,0
2026-08-11 18:47:00,102.26911894038768,102.51610690484888,102.05243929027696,102.26025318129152,134381,1625,102.18559176524244,102.30996908354352,687381,1679098,-0.41906858248055445,-2068.0,0.11321516747271687,28552.0,102.13947897371335,100.90617521289374,1.2333037608196094,-0.0050222692161554505,3149.0,0.11083548742489846,0.12437731830108589,NONE,102.2515476599472,-8.513103648274038e-05,0
2026-08-11 18:48:00,102.22852337418936,102.45043894593196,102.079641588885,102.2087918034488,473595,4708,102.12948379063592,102.224698323029,952889,1853750,-0.3209750167371008,3083.0,-0.05146137784271332,339214.0,102.14294461520012,100.91703035114837,1.2259142640517524,-0.00738949676785694,5151.0,-0.05032392962247556,0.09521453239308642,NONE,102.93822855351104,0.007136731950270652,0
2026-08-11 18:49:00,102.40924635449666,102.6624035942416,102.0375057405848,102.4710115440401,312153,7859,102.41940197926876,102.5171414634735,1800772,1348677,0.14354733161260907,3151.0,0.2622197405912914,-161442.0,102.15934796164211,100.92998019442247,1.2293677672196424,0.0034535031678899486,68.0,0.2565530185461462,0.09773948420473744,NONE,102.99737393726907,0.005136695591247856,0
2026-08-11 18:50:00,101.78858863238555,102.23976922202364,101.48556177211285,101.82019591798826,380407,9953,101.7459280859466,101.89903222837806,936060,1210827,-0.1279839134523615,2094.0,-0.6508156260518376,68254.0,102.14239035945943,100.93739865878551,1.204991700673915,-0.024376066545727326,-1057.0,-0.6351216956340222,0.15310414243145942,NONE,103.0755372751405,0.012329001587890971,0
2026-08-11 18:51:00,101.96410703786324,101.97519326909638,101.6784871792446,101.90252992288612,334748,8692,101.82629573761176,101.99489579323291,1482212,1799266,-0.0966192672935793,-1261.0,0.08233400489785936,-45659.0,102.13039733763075,100.94544141931969,1.1849559183110614,-0.020035782362853638,-3355.0,0.08086215524882867,0.16860005562115532,NONE,102.94053716385982,0.010186275470875958,0
2026-08-11 18:52:00,102.26495015926908,102.39741008744288,101.90061161791256,102.1445617155522,420562,7398,102.1221169180612,102.1917764578879,1296184,1059421,0.10051048456765883,-1294.0,0.24203179266608288,85814.0,102.13110555652683,100.95543408845495,1.175671468071883,-0.009284450239178454,-33.0,0.23751303608383623,0.06965953982670214,NONE,102.68750250831476,0.005315415560492813,0
2026-08-11 18:53:00,101.6969341281934,101.74189946423976,101.60875052179328,101.71087875576148,321970,8252,101.61392273352638,101.7590014801806,1761196,1068286,0.24488934723740954,854.0,-0.43368295979071547,-98592.0,102.11009421648858,100.9617294606825,1.148364755806071,-0.02730671226581194,2148.0,-0.42457763047475394,0.14507874665422094,NONE,102.93763206374096,0.012061180898114976,0
2026-08-11 18:54:00,102.01799787456346,102.09859464048756,101.74961548601618,102.0630168010486,100148,2555,101.97912392580992,102.13625324061772,933886,1696886,-0.29002893447246664,-5697.0,0.3521380452871199,-221822.0,102.10774034571658,100.97090685518556,1.1368334905310178,-0.011531265275053215,-6551.0,0.34621473100504563,0.15712931480780412,NONE,102.68094569845871,0.00605438597425195,0
2026-08-11 18:55:00,102.17274766567142,102.45962779462432,101.99332361451432,102.17269486978576,494970,9867,102.14429135827814,102.26754434988524,1747251,1926323,-0.04874598960031838,7312.0,0.10967806873715347,394822.0,102.11098807192005,100.98092175530722,1.130066316612826,-0.006767173918191816,13009.0,0.1074611276197679,0.12325299160710301,NONE,102.70166429943748,0.005177209334899803,0
2026-08-11 18:56:00,102.11547418407208,102.33836272162308,101.557530920842,102.05535350917916,388889,5187,102.02859865596204,102.08938899380072,1186838,1596821,-0.14728204855551633,-4680.0,-0.11734136060660205,-106081.0,102.108206343783,100.98987535325615,1.118330990526843,-0.011735326085982933,-11992.0,-0.1148461051713956,0.06079033783868226,NONE,102.5567258762788,0.004912749305743706,0
2026-08-11 18:57:00,102.10716217833384,102.69056441636944,102.01145590231626,102.2515476599472,172914,8767,102.23023815684503,102.30116063853562,919655,1834277,-0.3321149541818752,3580.0,0.1961941507680507,-215975.0,102.1153734095912,101.00038928914525,1.1149841204459534,-0.00334687008088963,8260.0,0.19224287998806933,0.07092248169058735,NONE,102.69788900808354,0.0043651304880069275,0
2026-08-11 18:58:00,102.70861045819731,103.21716539134108,102.69528575041625,102.93822855351104,160653,1036,102.91577448288228,103.01986614543074,1452251,1881194,-0.12867858926725956,-7731.0,0.6866808935638318,-12261.0,102.15651616678718,101.01653794968162,1.1399782171055648,0.024994096659611387,-11311.0,0.6715603912886392,0.10409166254845559,NONE,102.79456764747702,-0.0013956030529448486,0
2026-08-11 18:59:00,102.94232025231992,103.47726944747151,102.71444804356376,102.99737393726907,323607,2787,102.92003937535652,103.06224635851277,1271784,727810,0.27204222457158805,1751.0,0.05914538375803602,162954.0,102.19855905531128,101.03304491624485,1.1655141390664312,0.025535921960866403,9482.0,0.057457161046148286,0.14220698315624247,NONE,103.10152107108946,0.0010111630019210172,0
2026-08-11 19:00:00,102.95346603254907,103.09988469934046,102.61715927358114,103.0755372751405,292593,7283,103.02326839201486,103.09549004609724,1971602,1745315,0.06088029407167284,4496.0,0.07816333787143037,-31014.0,102.24240796630275,101.05006568590233,1.1923422804004247,0.02682814133399347,2745.0,0.075888670636437,0.07222165408238368,NONE,102.94331979127286,-0.0012827241784315855,0
2026-08-11 19:01:00,102.88972314409509,102.9895410062502,102.54012811392994,102.94053716385982,440459,9060,102.86007308831324,103.00703311006042,1876956,1765161,0.030695060043375872,1777.0,-0.13500011128068934,147866.0,102.2773144261806,101.06581961488531,1.2114948112952817,0.019152530894857023,-2719.0,-0.13097201804569414,0.14696002174717648,NONE,102.85627407504602,-0.0008185608035022173,0
2026-08-11 19:02:00,102.67272447643302,102.70953543909997,102.46193747341584,102.68750250831476,393219,9065,102.61033956782325,102.71430967392853,564467,1613650,-0.48169267307495417,5.0,-0.25303465554505067,-47240.0,102.2978238302873,101.07933363899723,1.2184901912900727,0.006995379994791051,-1772.0,-0.245806620517508,0.10397010610527957,NONE,102.5556759320853,-0.00128376455760814,0
2026-08-11 19:03:00,102.89230722283864,103.03027048890772,102.57828243075456,102.93763206374096,109795,4880,102.87321691952548,102.993551497808,1913070,558204,0.5482459654413068,-4185.0,0.25012955542619864,-283424.0,102.32981424195998,101.0948194592034,1.2349947827565728,0.016504591466500074,-4190.0,0.24358324948641208,0.12033457828252381,NONE,102.41453437382276,-0.005081695386137213,0
2026-08-11 19:04:00,102.8261924519058,102.95158075392956,102.38782794906837,102.68094569845871,164555,6932,102.60917270386663,102.73856499254816,1452345,1253957,0.07330593555338613,2052.0,-0.2566863652822491,54760.0,102.34737081478492,101.10803717786388,1.239333636921046,0.004338854164473105,6237.0,-0.24936105497677108,0.12939228868152952,NONE,102.51898778751756,-0.001577292747349382,0
2026-08-11 19:05:00,102.73433877589773,103.0244503901512,102.45548077508684,102.70166429943748,335068,9328,102.69001228424337,102.79052260203773,1536853,1772448,-0.07119177131363995,2396.0,0.020718600978767654,170513.0,102.36508548901756,101.12131740387699,1.243768085140573,0.0044344482195270984,344.0,0.020177649161512434,0.1005103177943596,NONE,102.73646603956072,0.0003388624747284954,0
2026-08-11 19:06:00,102.58677331223988,102.57951845525314,102.46056798988664,102.5567258762788,203107,7333,102.51866588806637,102.60835036093992,1462217,1180935,0.10641915410086139,-1995.0,-0.14493842315867767,-131961.0,102.37466750838061,101.13327914114699,1.2413883672336254,-0.002379717906947576,-4391.0,-0.1411256810172956,0.0896844728735573,NONE,102.44931822280785,-0.0010472999459882407,0
2026-08-11 19:07:00,102.76010972248788,103.17087445300632,102.4659208763561,102.69788900808354,413673,6759,102.6304850119502,102.73303882608477,1991338,973479,0.34331258893887884,-574.0,0.14116313180473128,210566.0,102.39082858336576,101.14631755670479,1.2445110266609731,0.003122659427347685,1421.0,0.1376439532352336,0.10255381413456632,NONE,102.69882376160416,9.101974048862657e-06,0
2026-08-11 19:08:00,102.68068433569894,103.2156503358022,102.67165835396574,102.79456764747702,327650,7485,102.78372660166326,102.82535461881646,1280196,1755672,-0.15661945776298575,726.0,0.0966786393934882,-86023.0,102.41101553657131,101.1600529741279,1.2509625624434193,0.006451535782446172,1300.0,0.09413887697913292,0.04162801715320086,NONE,103.09326288938588,0.002905749289526689,0
2026-08-11 19:09:00,103.20543224983147,103.249827312168,102.64409999616365,103.10152107108946,267022,6067,103.08855314615803,103.19020373999103,1289480,1437573,-0.054305141850928454,-1418.0,0.30695342361244116,-60628.0,102.44554081329723,101.17623187493591,1.2693089383613199,0.01834637591790056,-2144.0,0.2986086041677938,0.1016505938329999,NONE,103.20416731891784,0.000995584223802083,0
2026-08-11 19:10:00,102.9357433626193,102.98191355638608,102.77561638452468,102.94331979127286,111009,1661,102.85664987285053,102.9687107681705,838781,1441650,-0.26436625357224136,-4406.0,-0.15820127981660903,-156013.0,102.470429762196,101.19095760757205,1.27947215462396,0.010163216262640162,-2988.0,-0.15344223651901912,0.11206089531997065,NONE,103.753208546273,0.007867326958585266,0
2026-08-11 19:11:00,102.92332213677014,102.94121761165556,102.38014206777932,102.85627407504602,278168,8973,102.78471183749372,102.9046022455255,791922,1982144,-0.42905323809887724,7312.0,-0.08704571622683943,167159.0,102.48972197783851,101.20483524480099,1.2848867330375242,0.005414578413564186,11718.0,-0.08455693521768337,0.11989040803177886,NONE,103.50620528688422,0.006318829042592044,0
2026-08-11 19:12:00,102.44849020878128,102.6191481389628,102.28914828703792,102.5556759320853,250616,7386,102.52179265610448,102.58252151242873,1707073,523694,0.5304807718600822,-1587.0,-0.3005981429607232,-27552.0,102.49301967555087,101.21609225052836,1.2769274250225067,-0.007959308015017541,-8899.0,-0.2922506630382071,0.060728856324246294,NONE,103.11707603940908,0.0054741007966790985,0
2026-08-11 19:13:00,102.25915849722114,102.47617626347224,102.09876218448468,102.41453437382276,129381,8887,102.34261771821208,102.49413173743304,1262405,1832460,-0.1841938178240408,1501.0,-0.14114155826253239,-121235.0,102.48909541046446,101.22607926822248,1.2630161422419803,-0.013911282780526335,3088.0,-0.13762432647413947,0.1515140192209543,NONE,102.56686359207224,0.001487378907504095,0
2026-08-11 19:14:00,102.60077675332006,102.77826863185042,102.2475175652729,102.51898778751756,489913,1414,102.43766668729502,102.57168132511528,1238748,1466942,-0.084338560588981,-7473.0,0.10445341369479877,360532.0,102.49059002931713,101.23685350588327,1.253736523433858,-0.009279618808122336,-8974.0,0.10199081051673886,0.13401463782025758,NONE,102.9982199310299,0.004674569597834872,0
2026-08-11 19:15:00,102.77410699217047,102.85938976080745,102.67177573107736,102.73646603956072,426754,7850,102.6988545540808,102.77806897171084,620918,1088162,-0.2733891918459054,6436.0,0.21747825204316484,-63159.0,102.5028838298293,101.24935027699726,1.2535335528320388,-0.0002029706018191746,13909.0,0.2121346071948249,0.07921441763004111,NONE,103.17621519917807,0.004280360971809322,0
2026-08-11 19:16:00,102.35911306737208,102.62838808107242,102.26140761330387,102.44931822280785,168122,9534,102.43607485883292,102.49181719046425,1999968,1646237,0.09701347016966956,1684.0,-0.2871478167528778,-258632.0,102.50020554947824,101.25935000987901,1.2408555395992238,-0.012678013232815033,-4752.0,-0.27949941030900316,0.05574233163132192,NONE,103.14037115507354,0.006745315090948504,0
2026-08-11 19:17:00,102.61185745347667,103.19357642829632,102.64925070546532,102.69882376160416,430328,3729,102.60487364038224,102.7855230402092,1954466,1215042,0.23329299058402755,-5805.0,0.24950553879631343,262206.0,102.51013646008452,101.27134562447672,1.2387908356078015,-0.002064703991422334,-7489.0,0.24354045797911894,0.1806493998269616,NONE,103.2043422983211,0.004922340083372325,0
2026-08-11 19:18:00,103.20580636782736,103.43542001384856,102.7817858672942,103.09326288938588,314709,4897,103.05219670393927,103.1531025452724,955618,1199560,-0.11318879461464436,1168.0,0.3944391277817232,-115619.0,102.5392927815496,101.28652826835098,1.2527645131986276,0.013973677590826128,6973.0,0.3840736566733671,0.1009058413331303,NONE,102.84582890137578,-0.0024000985231749437,0
2026-08-11 19:19:00,103.08522612963112,103.67865765244134,102.9807302213176,103.20416731891784,187228,3169,103.1845839602222,103.27877542551964,1769555,522970,0.5437607005376168,-1728.0,0.11090442953195634,-127481.0,102.57253650841801,101.30250859377237,1.2700279146456381,0.01726340144701055,-2896.0,0.10757679641097972,0.09419146529744182,NONE,103.55784428892616,0.0034269640383358035,0
2026-08-11 19:20:00,103.9174758415986,103.82448682378954,103.36421606048752,103.753208546273,435087,2878,103.6989414278476,103.84394201273555,1272793,1428399,-0.057606419684346766,-291.0,0.5490412273551613,247859.0,102.63157011031076,101.32293109337655,1.3086390169342081,0.03861110228857001,1437.0,0.5319952106764614,0.14500058488795275,NONE,103.57406077829135,-0.0017266720758977623,0
2026-08-11 19:21:00,103.41614321341945,103.69727502430052,103.39597004638452,103.50620528688422,180770,7454,103.42704318527446,103.59736203772788,511957,915474,-0.28268756948672125,4576.0,-0.24700325938877654,-254317.0,102.67530186913943,101.34112504498911,1.334176824150319,0.025537807216110764,4867.0,-0.23806806830327654,0.17031885245341982,NONE,103.58349370670864,0.0007467032494350984,0
2026-08-11 19:22:00,103.18091523196992,103.39444194105026,103.03479301019442,103.11707603940908,152726,5570,103.0871277810935,103.1566418542995,1471120,1605876,-0.043794662066509026,-1884.0,-0.38912924747513955,-28044.0,102.69739057765291,101.35592463660927,1.3414659410436371,0.007289116893318237,-6460.0,-0.37594774767040207,0.06951407320599401,NONE,103.77700670208824,0.006399819390019823,0
2026-08-11 19:23:00,102.53400174449736,102.6052426230166,102.36369747659036,102.56686359207224,409924,2515,102.53260948756024,102.6625842057554,517829,1809963,-0.5550899736746239,-3055.0,-0.5502124473368468,257198.0,102.69086422837388,101.36601579457147,1.3248484338024156,-0.016617507241221574,-1171.0,-0.5335803423349272,0.12997471819515738,NONE,103.8962653089186,0.012961317820282035,0
2026-08-11 19:24:00,103.05853867413812,103.00031365284389,102.5349272394207,102.9982199310299,288210,1574,102.96637558221802,103.0104587604112,1816557,561915,0.5274991675327689,-941.0,0.4313563389576558,-121714.0,102.70623201350668,101.37961749570863,1.326614517798049,0.001766083995633494,2114.0,0.4205611089691086,0.04408317819317631,NONE,103.93756364078271,0.00911999945612484,0
2026-08-11 19:25:00,103.12180379896664,103.51143236607652,102.82100429167188,103.17621519917807,321454,3867,103.07696462442324,103.22013039966951,646104,1688092,-0.44640124479692367,2293.0,0.17799526814818023,33244.0,102.72973117279025,101.39458914323754,1.3351420295527134,0.008527511754664374,3234.0,0.17281392655850158,0.14316577524627405,NONE,103.6737363206255,0.004822052451594322,0
2026-08-11 19:26:00,103.12409186446632,103.46128091347424,102.93090934267708,103.14037115507354,404647,4544,103.11260481903778,103.23099305224932,1648346,1099435,0.19976519234975423,677.0,-0.03584404410453601,83193.0,102.75026317190441,101.40913732666951,1.3411258452348989,0.005983815682185423,-1616.0,-0.034740607644256905,0.11838823321153313,NONE,103.78767848639689,0.0062759841182858265,0
2026-08-11 19:27:00,103.20843421586066,103.4097367033209,102.94570621344394,103.2043422983211,420037,5477,103.14254547879416,103.23905961750462,530215,566535,-0.033116024618190104,933.0,0.06397114324755648,15390.0,102.77296712822525,101.42409736809994,1.3488697601253108,0.007743914890411929,256.0,0.06202337894574139,0.09651413871046088,NONE,104.32397903117024,0.010848736670524365,0
2026-08-11 19:28:00,102.74561015579764,103.0906509393918,102.80372239578725,102.84582890137578,277265,1071,102.75255508362666,102.8804062319047,1998111,1192244,0.2525947739358159,-4406.0,-0.3585133969453125,-142772.0,102.77661021688277,101.43594513087723,1.3406650860055436,-0.008204674119767219,-5339.0,-0.3473820858322041,0.12785114827804023,NONE,104.69849481701036,0.018014011218784497,0
2026-08-11 19:29:00,103.63192672346815,103.7655657892222,103.06555634073813,103.55784428892616,345074,3980,103.53462359772716,103.59508029458354,1230002,1389147,-0.060762102499705054,2909.0,0.7120153875503803,67809.0,102.81567192048495,101.45362762386097,1.3620442966239779,0.021379210618434286,7315.0,0.6923133345866361,0.060456696856377334,NONE,105.1465423351404,0.015341165675308664,0
2026-08-11 19:30:00,103.5227394216442,103.5860633007138,103.24085712594388,103.57406077829135,423502,6492,103.47668390048328,103.63916898292756,1851967,685576,0.4596536886271484,2512.0,0.016216489365191933,78428.0,102.85359136337527,101.47129790014789,1.3822934632273842,0.020249166603406366,-397.0,0.015659353935504328,0.1624850824442774,NONE,104.96247624457273,0.013405050027471534,0
2026-08-11 19:31:00,103.56063371517465,103.75117950981736,103.44079167247692,103.58349370670864,180857,5759,103.48822075561304,103.63294365651392,1511806,1679568,-0.052567326800306076,-733.0,0.009432928417282938,-242645.0,102.89008648054194,101.48889953186922,1.4011869486727164,0.018893485445332203,-3245.0,0.009107423563770034,0.1447229009008737,NONE,104.63410595830835,0.0101426609009199,0
2026-08-11 19:32:00,103.6775717646274,103.86554782978688,103.48410250498064,103.77700670208824,482601,9084,103.687395223253,103.85241283736003,1153980,1984922,-0.2647237792068692,3325.0,0.19351299537960642,301744.0,102.93443249161926,101.50796709162105,1.4264653999982073,0.02527845132549089,4058.0,0.1868183708183535,0.16501761410702898,NONE,104.56409919494752,0.007584459389147468,0
2026-08-11 19:33:00,103.64003194303903,103.94547740346928,103.84152412588408,103.8962653089186,359405,1039,103.8669552219989,103.9868072667494,1198408,674953,0.2794202505550185,-8045.0,0.11925860683035694,-123196.0,102.98252413248424,101.5278695767652,1.4546545557190456,0.028189155720838244,-11370.0,0.1149181409449529,0.11985204475050182,NONE,104.54776987874196,0.0062707217423669335,0
2026-08-11 19:34:00,103.91846086452271,104.4159238577274,103.45464530637894,103.93756364078271,290128,6373,103.87049868574174,104.00824158452758,1274474,1978243,-0.2163634278666112,5334.0,0.04129833186411247,-69277.0,103.03027610789916,101.54795036063202,1.48232574726714,0.027671191548094498,13379.0,0.03974958266432793,0.1377428987858451,NONE,104.84221032456854,0.008703751099192256,0
2026-08-11 19:35:00,103.9149978627868,103.97341618314658,103.58634382668382,103.6737363206255,217928,8565,103.595256088059,103.70213832544329,1521740,944629,0.23399215608045673,2192.0,-0.263827320157219,-72200.0,103.06244911853545,101.56566524363195,1.4967838749034996,0.014458127636359563,-3142.0,-0.25383250377989386,0.10688223738428348,NONE,104.29988972596436,0.006039653122970333,0
2026-08-11 19:36:00,103.86613891518668,104.15200662851518,103.46366332736928,103.78767848639689,158706,2900,103.6889359728592,103.88161985760934,706604,1247417,-0.2767692875358044,-5665.0,0.11394216577139105,-59222.0,103.09871058692852,101.58418202065499,1.5145285662735262,0.017744691370026544,-7857.0,0.10990456196062759,0.19268388475013865,NONE,104.72341556802223,0.009015878332301188,0
2026-08-11 19:37:00,104.32205299319682,104.48166090280333,104.2012517999008,104.32397903117024,444950,3217,104.29774088718293,104.35778338977153,1091002,1872998,-0.2638313090418354,317.0,0.5363005447733542,286244.0,103.15997400914061,101.6070136624093,1.552960346731311,0.038431780457784726,5982.0,0.5167285294310098,0.06004250258860111,NONE,104.63992219140349,0.0030284807305791858,0
2026-08-11 19:38:00,104.67220573408952,104.89506838175735,104.33971412568609,104.69849481701036,155006,5796,104.61955248605362,104.72198530358988,797463,1447143,-0.28944055215035513,2579.0,0.37451578584011713,-289944.0,103.2369000495341,101.6327760053643,1.6041240441697937,0.051163697438482814,2262.0,0.35899300363937403,0.1024328175362541,NONE,104.47502153475664,-0.0021344459884003355,0
2026-08-11 19:39:00,105.1487889244216,105.26500433208876,104.75813165152027,105.1465423351404,187238,5606,105.10605022984696,105.1646393902379,1143346,1252345,-0.04549793775574563,-190.0,0.4480475181300392,32232.0,103.33238216381442,101.66205739144577,1.6703247723686445,0.06620072819885081,-2769.0,0.42794074443297525,0.05858916039093742,NONE,104.13381511522334,-0.009631578912876871,0
2026-08-11 19:40:00,105.01718815609024,105.01095908005544,104.625766380117,104.96247624457273,348018,2283,104.9366698626716,105.02318078123268,778169,1424399,-0.2933984331017249,-3323.0,-0.18406609056766854,160780.0,103.41388686785233,101.68956088188848,1.7243259859638442,0.054001213595199715,-3133.0,-0.17505672224673585,0.08651091856108906,NONE,103.5990509242511,-0.01298964514846917,0
2026-08-11 19:41:00,104.51602467677748,104.72362177702917,104.32685622818076,104.63410595830835,294227,9775,104.58618203359912,104.65434457993165,509780,1379947,-0.46047233277611,7492.0,-0.3283702862643736,-53791.0,103.47489782237513,101.71409875752532,1.760799064849806,0.03647307888596174,10815.0,-0.3128454072474751,0.06816254633253038,NONE,103.8069696467251,-0.007905035399383389,0
2026-08-11 19:42:00,104.6755313644144,104.96285621759576,104.11786464797152,104.56409919494752,407942,9650,104.48265396285416,104.58658902451766,1309138,1600718,-0.10020427127665424,-125.0,-0.070006763360837,113715.0,103.52935789100374,101.7378487611705,1.7915091298332442,0.0307100649834382,-7617.0,-0.06690625654003357,0.10393506166350619,NONE,103.78921426912598,-0.007410621157619849,0
2026-08-11 19:43:00,104.61930801028608,104.88654278133384,104.50845652324708,104.54776987874196,177271,1815,104.4959333964086,104.58477262199555,1198276,1937877,-0.235830649843933,-7835.0,-0.016329316205556665,-230671.0,103.58027849039065,101.76126477048359,1.819013719907062,0.02750459007381778,-7710.0,-0.015616560876319241,0.0888392255869519,NONE,103.36176399253698,-0.01134415289374944,0
2026-08-11 19:44:00,104.91402889713932,105.11567476256128,104.67675294167844,104.84221032456854,392321,3511,104.78383324555028,104.87755909544016,575503,1430056,-0.42609217679459943,1696.0,0.2944404458265808,215050.0,103.64337508209955,101.78693931676763,1.8564357653319234,0.037422045424861494,9531.0,0.28163245009251714,0.09372584988987853,NONE,102.93207431807956,-0.018219150479330988,0
2026-08-11 19:45:00,104.34373729984532,104.53743466239771,104.17574598614893,104.29988972596436,490166,1246,104.20032537904632,104.36427128189425,661928,1641506,-0.42526853384989544,-2265.0,-0.5423205986041779,97845.0,103.6762008142928,101.8078805701776,1.8683202441151963,0.011884478783272812,-3961.0,-0.5172731449721191,0.16394590284792798,NONE,102.78947615734906,-0.014481449334066785,0
2026-08-11 19:46:00,104.72537723379163,105.1846327098503,104.22940858698954,104.72341556802223,492300,5825,104.67749573106208,104.8069226431748,1557755,597812,0.44533201705166203,4579.0,0.42352584205787025,2134.0,103.72856155197925,101.83217669515963,1.8963848568196227,0.028064612704426395,6844.0,0.40606547444166363,0.12942691211272006,NONE,103.24763060797656,-0.0140922156906455,0
2026-08-11 19:47:00,104.70720831500016,104.6762896652928,104.44522730157004,104.63992219140349,444359,7516,104.57453612347966,104.71844366046174,1193983,664702,0.28476100038468055,1691.0,-0.08349337661874756,-47941.0,103.77412958395048,101.85557457429499,1.918555009655492,0.022170152835869317,-2888.0,-0.0797275147739196,0.14390753698208414,NONE,103.1265195143776,-0.014462956826913724,0
2026-08-11 19:48:00,104.53420294813078,104.6153219413756,104.10871518513645,104.47502153475664,143013,1416,104.43214955661126,104.50864513568114,1172947,1822967,-0.21696884490008725,-6100.0,-0.16490065664685005,-301346.0,103.80917418149079,101.87740329896549,1.9317708825252993,0.0132158728698073,-7791.0,-0.1575886651991376,0.0764955790698707,NONE,102.6316689551549,-0.017643955009748406,0
2026-08-11 19:49:00,104.09841104412924,104.3087840420087,103.79145253328284,104.13381511522334,182600,7702,104.08846440705376,104.16589306004208,1179093,1828323,-0.2158763536537679,6286.0,-0.3412064195332931,39587.0,103.82540622817741,101.89620673076764,1.929199497409769,-0.0025713851155302336,12386.0,-0.32659138473570826,0.07742865298831703,NONE,102.5133721936552,-0.01556115964612583,0
2026-08-11 19:50:00,103.5416907469614,103.99026383035748,103.4930103055124,103.5990509242511,458243,4717,103.526443256441,103.69597216196073,1281570,1650675,-0.12587795358164136,-2985.0,-0.5347641909722398,275643.0,103.81408846298112,101.91039709904666,1.9036913639344561,-0.02550813347531289,-9271.0,-0.5135355795622409,0.16952890551972644,NONE,102.38632304616748,-0.011705974787069633,0
2026-08-11 19:51:00,103.8171552762513,104.30322695680609,103.68747080661932,103.8069696467251,415594,1107,103.71255981887656,103.81771090846836,981522,1200924,-0.10053032239972948,-3610.0,0.20791872247399112,-42649.0,103.81373252216831,101.92620187027731,1.887530651890998,-0.016160712043458147,-625.0,0.20069558612656468,0.10515108959179997,NONE,101.53137479430316,-0.021921407205760992,0
2026-08-11 19:52:00,103.9441162842755,103.90954952650456,103.64857198734946,103.78921426912598,484784,5513,103.73040196358168,103.8783891171014,1671652,699530,0.4099735912300279,4406.0,-0.017755377599115718,69190.0,103.81250660951619,101.94172697360105,1.8707796359151416,-0.016751015975856376,8016.0,-0.0171042249470732,0.14798715351972191,NONE,101.46856206055902,-0.022359281018830064,0
2026-08-11 19:53:00,103.2378532849716,103.79891765960552,103.15620035340729,103.36176399253698,454547,2421,103.28260799893158,103.389739559258,635047,767993,-0.0947556733949139,-3092.0,-0.42745027658899915,-30237.0,103.78996947866725,101.95356061542552,1.8364088632417293,-0.034370772673412375,-7498.0,-0.4118446021574296,0.10713156032642246,NONE,101.35212369479888,-0.01944278251562351,0
2026-08-11 19:54:00,102.78532179150432,103.34738569829544,102.8149117852543,102.93207431807956,199290,8283,102.91404572778605,103.02732990715764,1803053,1513340,0.08735786138735668,5862.0,-0.42968967445742123,-255257.0,103.74707472063785,101.96171489628097,1.7853598243568882,-0.051049038884841025,8954.0,-0.4157143394809326,0.11328417937158974,NONE,101.5132022593471,-0.013784547412771244,0
2026-08-11 19:55:00,102.80595224147272,102.90180485616996,102.77965041597564,102.78947615734906,316110,1255,102.76047193398018,102.83028381298354,837282,1772964,-0.3584650642123386,-7028.0,-0.14259816073050047,116820.0,103.69919479247342,101.96861290678989,1.7305818856835344,-0.05477793867335379,-12890.0,-0.13853617706163224,0.06981187900335328,NONE,102.01948891076508,-0.007490915173118422,0
2026-08-11 19:56:00,103.25271937816215,103.44729689807616,102.80793407957296,103.24763060797656,231832,8248,103.19243876029378,103.29726226762692,1200823,1336746,-0.053564257760084555,6993.0,0.4581544506275037,-84278.0,103.67661658324857,101.97927138763312,1.6973451956154548,-0.03323669006807961,14021.0,0.4457211650015225,0.10482350733313694,NONE,102.30845002622615,-0.009096388713426306,0
2026-08-11 19:57:00,103.14385368081464,103.33135594902386,102.64371459868715,103.1265195143776,124142,3962,103.114718459251,103.2001603696326,673226,676796,-0.0026444013504965105,-4286.0,-0.12111109359895522,-107690.0,103.64911172980501,101.98883178868932,1.6602799411156894,-0.03706525449976539,-11279.0,-0.11730157184798307,0.0854419103816042,NONE,102.17817553342118,-0.00919592734654647,0
2026-08-11 19:58:00,102.65606427494576,103.12077928941817,102.46088376163912,102.6316689551549,472333,3282,102.59891200706626,102.69455916978748,1755324,779374,0.38503600823451156,-680.0,-0.49485055922271215,348191.0,103.5982395910725,101.99418876507654,1.6040508259959552,-0.056229115119734274,3606.0,-0.4798480173217934,0.09564716272122098,NONE,101.79601921374416,-0.008142221108923724,0
2026-08-11 19:59:00,102.49105196819173,102.60381814434464,102.34411875394248,102.5133721936552,469676,9744,102.45680607757096,102.55198673332882,1011559,834639,0.09582937474745395,6462.0,-0.1182967614996926,-2657.0,103.54399622120164,101.99851529364803,1.545480927553612,-0.05856989844234306,7142.0,-0.11526341011893759,0.09518065575785783,NONE,102.51724688221304,3.7796908587923284e-05,0
2026-08-11 20:00:00,102.53530939002768,102.78590203171989,102.3827771397803,102.38632304616748,231436,9372,102.37497653832442,102.4461678285956,616905,863534,-0.1665918014859106,-372.0,-0.12704914748772467,-238240.0,103.48611256244992,102.00174702491901,1.4843655375309055,-0.061115390022706606,-6834.0,-0.12393421928187376,0.07119129027118731,NONE,102.48365945397848,0.0009506778338656532,0
2026-08-11 20:01:00,101.37128439645552,101.69847115138973,101.19124945013796,101.53137479430316,419065,2477,101.49756562854282,101.60713841389584,1577406,1984522,-0.11429652704939572,-6895.0,-0.8549482518643146,187629.0,103.38837567404258,101.99782725633055,1.3905484177120258,-0.09381711981887975,-6523.0,-0.835021931082347,0.1095727853530235,NONE,102.43592173864464,0.008909038670795476,0
2026-08-11 20:02:00,101.385712358081,101.8339972334471,101.05584211268472,101.46856206055902,381941,9762,101.4122992868062,101.48237220569024,792753,1400155,-0.2769847161850839,7285.0,-0.06281273374413843,-37124.0,103.29238499336842,101.99341671303246,1.2989682803359557,-0.09158013737607007,14180.0,-0.061865343467859546,0.070072918884037,NONE,102.37621340691692,0.008945148407801279,0
2026-08-11 20:03:00,101.341798218784,101.56212919694671,101.27881954461888,101.35212369479888,337403,5952,101.29054026248058,101.3631316322719,1041689,765467,0.15284900694793366,-3810.0,-0.11643836576014621,-44538.0,103.19537192843993,101.98807260454717,1.2072993238927552,-0.0916689564432005,-11095.0,-0.11475314461503183,0.07259136979132563,NONE,102.38262306732018,0.010167516327772692,0
2026-08-11 20:04:00,101.34888337823168,101.80238214090537,101.43336908466352,101.5132022593471,132535,6880,101.41988460697212,101.56442828386366,920945,1942237,-0.35669824691549473,928.0,0.16107856454821956,-204868.0,103.1112634449853,101.98411535167051,1.127148093314787,-0.08015123057796814,4738.0,0.15892963923802572,0.14454367689154424,NONE,102.28576365114822,0.0076104523806408,0
2026-08-11 20:05:00,102.00190347032186,102.43579479742814,101.62444728577935,102.01948891076508,408444,6592,101.95140780467251,102.0413542063674,1389912,1165323,0.08789367709819254,-288.0,0.5062866514179802,275909.0,103.05667471827428,101.98441013132962,1.0722645869446552,-0.05488350637013184,-1216.0,0.4987397108452196,0.08994640169488832,NONE,102.0595877645164,0.0003930509178142525,0
2026-08-11 20:06:00,102.47459704279898,102.71053280871811,102.0003046520491,102.30845002622615,409320,8091,102.26112380399849,102.378241012458,1666854,1468015,0.0634281687687747,1499.0,0.2889611154610776,876.0,103.01926348367188,101.9871104637871,1.032153019884774,-0.04011156705988128,1787.0,0.2832410929972662,0.11711720845951845,NONE,101.8409364320314,-0.004569647903715789,0
2026-08-11 20:07:00,102.18026418225078,102.61138712519104,102.15574525460733,102.17817553342118,116105,1591,102.0844439274792,102.20744025448164,1200527,1540402,-0.12399992849139835,-6500.0,-0.13027449280497194,-293215.0,102.97720908615933,101.98870267270073,0.9885064134586088,-0.043646606426165135,-7999.0,-0.12733502733310864,0.1229963270024399,NONE,101.77601015365588,-0.00393592249681307,0
2026-08-11 20:08:00,101.81908930431602,101.82582787641648,101.48474571851304,101.79601921374416,239011,7277,101.71537974523926,101.84497581335576,725253,1407233,-0.3198051476070652,5686.0,-0.3821563196770228,122906.0,102.91814959253858,101.98709697720942,0.9310526153291647,-0.05745379812944407,12186.0,-0.37400973121899384,0.1295960681164985,NONE,101.55738558634394,-0.0023442333918692122,0
2026-08-11 20:09:00,102.39123040569578,102.86327215873293,102.36278802079116,102.51724688221304,179472,3260,102.48924607931288,102.54503726653172,689243,1170797,-0.2588944323777983,-4017.0,0.7212276684688845,-59539.0,102.8981044570223,101.99151489308446,0.9065895639378425,-0.02446305139132221,-9703.0,0.7085028216619271,0.05579118721884413,NONE,101.28744777388818,-0.011996021603446334,0
2026-08-11 20:10:00,102.42202331317456,102.55365314233936,102.29929687624306,102.48365945397848,273101,1347,102.46188364145708,102.54302297669592,981312,1630523,-0.24856508929545704,-1913.0,-0.033587428234568506,93629.0,102.87738220687011,101.99561609775859,0.8817661091115241,-0.024823454826318425,2104.0,-0.03276270994007069,0.08113933523884498,NONE,101.26281580652422,-0.01191256883252197,0
2026-08-11 20:11:00,102.39840210061224,102.64383102265384,102.0510560294962,102.43592173864464,246935,9357,102.3650986914278,102.45636654998926,637719,1016655,-0.2290509884705635,8010.0,-0.04773771533383808,-26166.0,102.85530918345883,101.99928531143264,0.856023872026185,-0.02574223708533907,9923.0,-0.046580806723905965,0.09126785856145148,NONE,101.12929471617385,-0.012755554890251534,0
2026-08-11 20:12:00,102.3444418972413,102.65050761444428,101.9707458105806,102.37621340691692,178097,6032,102.315823922015,102.3882930236678,1816735,775631,0.4016037858851721,-3325.0,-0.05970833172771961,-68838.0,102.83135439463175,102.00242637889501,0.8289280157367358,-0.027095856289449216,-11335.0,-0.058288470210732246,0.07246910165279985,NONE,101.5230079498504,-0.008334020459179014,0
2026-08-11 20:13:00,102.51078744682056,102.5839928096936,102.18244475390028,102.38262306732018,361674,5443,102.30155244207884,102.39722491474978,783650,1888104,-0.41338162121213257,-589.0,0.0064096604032641835,183577.0,102.80891782826616,102.00559468463189,0.8033231436342732,-0.02560487210246265,2736.0,0.006260888335241077,0.09567247267094103,NONE,100.66978583964362,-0.016729765035911497,0
2026-08-11 20:14:00,102.34153275722072,102.54556948904973,101.81218718314504,102.28576365114822,241519,9774,102.20927119664114,102.3816469108846,745221,1821975,-0.4194280452291138,4331.0,-0.09685941617196647,-120155.0,102.78276011941026,102.00792942601953,0.7748306933907259,-0.028492450243547296,4920.0,-0.09460532780868336,0.17237571424345788,NONE,100.93887053520766,-0.013167943102367798,0
2026-08-11 20:15:00,101.9484419688227,102.55785091891572,101.85635640554035,102.0595877645164,196160,7869,101.99331872646924,102.0823935241914,1572643,1145148,0.15729502378954086,-1905.0,-0.22617588663182175,-45359.0,102.74660150166555,102.00835991217367,0.7382415894918779,-0.03658910389884795,-6236.0,-0.22112157015633516,0.0890747977221622,NONE,101.25390293073492,-0.007894259142418236,0
2026-08-11 20:16:00,101.8655869098746,101.90854508888782,101.45501841441634,101.8409364320314,146940,6696,101.7421620365848,101.91469947481372,1546371,1419483,0.04278295560064656,-1173.0,-0.21865133248499546,-49220.0,102.70131824818384,102.0069647165058,0.6943535316780327,-0.043888057813845194,732.0,-0.21423889442850896,0.17253743822891465,NONE,100.57267736249372,-0.012453332755675445,0
2026-08-11 20:17:00,101.82583232850556,102.11373817632408,101.53407152137376,101.77601015365588,309019,4038,101.71798707794592,101.79212351203591,892963,887740,0.002933111248759619,-2658.0,-0.06492627837552334,162079.0,102.65505284345745,102.00504009514871,0.6500127483087397,-0.044340783369293035,-1485.0,-0.06375263292954791,0.07413643408999349,NONE,100.41025778930172,-0.013419197336309533,0
2026-08-11 20:18:00,101.67140049019606,101.75538606953675,101.1086194230829,101.55738558634394,185001,3845,101.53720606825878,101.57712001804512,754770,1963097,-0.4445865084641743,-193.0,-0.21862456731193447,-124018.0,102.60016948060176,102.00130964090867,0.5988598396930911,-0.051152908615648585,2465.0,-0.21480952827868105,0.039913949786338776,NONE,100.2388180499923,-0.012983472632136561,0
2026-08-11 20:19:00,101.445501842545,101.35395267334184,100.83356715206308,101.28744777388818,334824,8864,101.20290315305472,101.34324663651502,1053616,1098831,-0.02100632442982336,5019.0,-0.2699378124557654,149823.0,102.5345333952661,101.99536079201683,0.5391726032492699,-0.059687236443821234,5212.0,-0.2657983079194848,0.140343483460299,NONE,99.75617355959965,-0.015118104443769894,0
2026-08-11 20:20:00,101.16130638734144,101.34218418821138,101.21910740258868,101.26281580652422,250714,7609,101.2301490039131,101.3146541902381,1364144,1583670,-0.074470777328556,-1255.0,-0.024631967363959006,-84110.0,102.470947515829,101.98925625047104,0.48169126535795215,-0.05748133789131771,-6274.0,-0.024318874554862813,0.08450518632500348,NONE,99.46206481922272,-0.017782944044752492,0
2026-08-11 20:21:00,101.0482089650528,101.60393126929664,100.66104805051872,101.12929471617385,327870,2265,101.04933752284089,101.22493694402344,552832,1452602,-0.4486659745471554,-5344.0,-0.13352109035037074,77156.0,102.40386487584624,101.9820899043519,0.42177497149434373,-0.059916293863608416,-4089.0,-0.13185599204103005,0.17559942118255378,NONE,99.06776639605984,-0.020385075619283464,0
2026-08-11 20:22:00,101.39725016395894,101.96280869820627,101.1102405290902,101.5230079498504,326971,3274,101.4268683112104,101.61804314062228,1591347,1769214,-0.052927770095528695,1009.0,0.3937132336765501,-899.0,102.35982202954645,101.97826422139772,0.3815578081487274,-0.040217163345616314,6353.0,0.38931670074584535,0.19117482941187802,NONE,99.53197080526812,-0.0196116839403123,0
2026-08-11 20:23:00,100.64638385373291,101.12330681985114,100.2741304824873,100.66978583964362,298715,3470,100.59707424338684,100.74995061747244,597421,1975562,-0.5356199399685112,196.0,-0.8532221102067723,-28256.0,102.2753202200513,101.9673602348831,0.3079599851681962,-0.07359782298053119,-813.0,-0.8404224100887925,0.15287637408559362,NONE,99.75085748871776,-0.00912814449004216,0
2026-08-11 20:24:00,100.9855063726523,101.43463692312136,100.8384148653649,100.93887053520766,107928,3577,100.87522782072216,101.00305969991912,1726163,1227344,0.16889040723451815,107.0,0.2690846955640325,-190787.0,102.20849773580912,101.95878948738581,0.2497082484233033,-0.058251736744892924,-89.0,0.26729439555246426,0.12783187919696104,NONE,100.07017807620932,-0.008606124225407671,0
2026-08-11 20:25:00,101.35263638239384,101.35806062573918,100.8513433263576,101.25390293073492,148002,4660,101.20246817492416,101.30484935930028,1088826,801749,0.1518463959377438,1083.0,0.31503239552726825,40074.0,102.1607679955554,101.95291543274706,0.2078525628083412,-0.04185568561496211,976.0,0.3121021603044172,0.10238118437611377,NONE,100.22421571065236,-0.010169358318828915,0
2026-08-11 20:26:00,100.56508226012949,100.75039703117577,100.1476109951512,100.57267736249372,446997,2068,100.52988047455412,100.61473343058329,1850871,577932,0.5241013783332777,-2592.0,-0.681225568241203,298995.0,102.08136346390232,101.94141344882829,0.13995001507403515,-0.06790254773430604,-3675.0,-0.6727894417138724,0.08485295602916665,NONE,99.8227292701186,-0.007456777646199928,0
2026-08-11 20:27:00,100.37827303697622,100.74486730426416,100.26568262207464,100.41025778930172,214614,6591,100.36848736171424,100.5054956685295,1894183,1672685,0.06209873760397076,4523.0,-0.16241957319199685,-232383.0,101.9978081801723,101.92865381833222,0.06915436184007717,-0.07079565323395798,7115.0,-0.16149472943490784,0.137008306815261,NONE,99.60230653066824,-0.008046501188442957,0
2026-08-11 20:28:00,100.25399384921718,100.48071931992264,99.76268801081116,100.2388180499923,217517,6974,100.17154450647844,100.30307984302053,790299,1052169,-0.1421300125700962,383.0,-0.17143973930942025,2903.0,101.9098586736633,101.91457185359606,-0.004713179932764433,-0.0738675417728416,-4140.0,-0.17073926816238982,0.13153533654208616,SELL,99.68576771572054,-0.0055173269700360544,1
2026-08-11 20:29:00,99.67265926943662,99.9653683262888,99.73124348640005,99.75617355959965,256089,5829,99.67855897907523,99.81829008709136,1275817,694473,0.2950550426586949,-1145.0,-0.48264449039265855,38572.0,101.80217441796012,101.89658520114608,-0.09441078318596396,-0.08969760325319953,-1528.0,-0.4814945943915183,0.13973110801612165,NONE,99.25550494328412,-0.00501892362597886,0
2026-08-11 20:30:00,99.6710186913922,99.64097044389052,99.38711019259917,99.46206481922272,179064,2950,99.39099828296914,99.49293592018194,649360,611513,0.030016504437798255,-2879.0,-0.29410874037692736,-77025.0,101.68516893802324,101.87629753129673,-0.19112859327348986,-0.09671781008752589,-1734.0,-0.2948276080389278,0.10193763721279936,NONE,99.40551812205244,-0.0005685252691370586,0
2026-08-11 20:31:00,98.90700029334803,99.36465671203158,98.7989758270341,99.06776639605984,481838,9283,99.03990948695242,99.08196919966952,1861308,1533622,0.0965221668782567,6333.0,-0.3942984231628799,302774.0,101.55429881092508,101.85289310516974,-0.29859429424466555,-0.10746570097117569,9212.0,-0.3964309647899844,0.04205971271709075,NONE,99.26928360437022,0.0020341349728703745,0
2026-08-11 20:32:00,99.55044486315772,99.81976751958815,99.24407456970698,99.53197080526812,494775,4093,99.47751195905522,99.62703777744647,718023,536680,0.14453061800282616,-5190.0,0.46420440920827843,12937.0,101.45318241064223,101.8335520860039,-0.38036967536167765,-0.0817753811170121,-11523.0,0.46857260044852467,0.149525818391254,NONE,99.09246133308316,-0.004415761776131624,0
2026-08-11 20:33:00,99.95321811064072,99.83158640574987,99.4282824470673,99.75085748871776,150893,6311,99.66960988222128,99.78909366201376,1191445,583452,0.3425511452213847,2218.0,0.21888668344963946,-343882.0,101.368066164546,101.8161962976932,-0.4481301331472025,-0.06776045778552486,7408.0,0.2199159543197382,0.11948377979247482,NONE,99.24114562346678,-0.005109849459776607,0
2026-08-11 20:34:00,100.07085806066532,100.30604799496857,100.0616935115516,100.07017807620932,377311,2387,100.01736470917233,100.12001108830852,1543904,551044,0.4739306178482712,-3924.0,0.31932058749156056,226418.0,101.30317176012916,101.80164614584751,-0.4984743857183531,-0.050344252571150605,-6142.0,0.3201181378592821,0.10264637913618913,NONE,99.30960474604032,-0.00760039948754537,0
2026-08-11 20:35:00,100.20521180715222,100.5009515987573,99.74403232334132,100.22421571065236,138598,5274,100.16591961547618,100.24453330557508,1035539,1514279,-0.18775457699333833,2887.0,0.15403763444304275,-238713.0,101.24922395765532,101.78850089222088,-0.5392769345655637,-0.040802548847210574,6811.0,0.15392960960429747,0.07861369009889074,NONE,99.136290393369,-0.010854914748589385,0
2026-08-11 20:36:00,99.78698472783756,100.10787273948428,99.80043522375152,99.8227292701186,238595,3285,99.74332702578322,99.90805245981042,1650996,1199444,0.15841484121749624,-1989.0,-0.40148644053375904,99997.0,101.17789922327847,101.7721194620367,-0.5942202387582256,-0.05494330419266191,-4876.0,-0.40058825872267834,0.1647254340272042,NONE,99.4188717745679,-0.0040457468805312315,0
2026-08-11 20:37:00,99.584267362492,99.7073601271244,99.53077555430652,99.60230653066824,411921,4206,99.53279265310437,99.61479339562528,771767,1693158,-0.3738008255829285,921.0,-0.22042273945035618,173326.0,101.09911958864797,101.75403768760863,-0.654918098960664,-0.06069786020243839,2910.0,-0.22081417835601025,0.08200074252091838,NONE,99.0291537691279,-0.005754412538266516,0
2026-08-11 20:38:00,99.8230525631882,100.05690341184668,99.67876045695752,99.68576771572054,478522,3924,99.63892667284112,99.77082688430946,717544,852646,-0.08604181659544387,-282.0,0.08346118505230038,66601.0,101.02845199500159,101.73680210450955,-0.7083501095079612,-0.05343201054729718,-1203.0,0.08379443002819453,0.1319002114683343,NONE,99.1483656385364,-0.005390960911458089,0
2026-08-11 20:39:00,99.03431875215117,99.26810449069464,98.97207572663709,99.25550494328412,181060,8045,99.16491779927664,99.27813059443504,1865435,1046440,0.28126035629963514,4121.0,-0.4302627724364214,-297462.0,100.93980464241572,101.71612462816601,-0.7763199857502912,-0.06796987624232997,4403.0,-0.43161905886447416,0.11321279515840388,NONE,99.26056906979989,5.102111483545397e-05,0
2026-08-11 20:40:00,99.55886149218206,99.582934049824,98.93938468009196,99.40551812205244,375429,9471,99.38088708587271,99.49530889218924,768267,1109026,-0.1815161511815151,1426.0,0.15001317876831877,194369.0,100.86309031639755,101.69686957394839,-0.8337792575508445,-0.057459271800553324,-2695.0,0.1511383966602553,0.11442180631652832,NONE,99.10183175863855,-0.0030550252053514267,0
2026-08-11 20:41:00,99.1268878891252,99.65938992863803,98.93631002133,99.26928360437022,485114,2618,99.1696871239971,99.34496314173047,1813781,1706093,0.030594276954231885,-6853.0,-0.13623451768222594,109685.0,100.78339998079619,101.67663969086857,-0.893239710072379,-0.059460452521534535,-8279.0,-0.13704925064115248,0.1752760177333812,NONE,99.13366357898305,-0.0013661831783502323,0
2026-08-11 20:42:00,99.06579610015972,99.37440779361089,98.68113259884296,99.09246133308316,122694,9562,99.0717646010203,99.11728165670884,1654969,894411,0.29833057449262174,6944.0,-0.17682227128705108,-362420.0,100.69885304841054,101.65510487122036,-0.9562518228098185,-0.06301211273743945,13797.0,-0.17812385147429888,0.045517055688534924,NONE,98.69219846303692,-0.0040392867899489305,0
2026-08-11 20:43:00,99.1982211814369,99.3717268397222,99.23450502173748,99.24114562346678,497518,6896,99.2298001260674,99.30206924282412,1278504,1653109,-0.12778119076426528,-2666.0,0.14868429038361342,374824.0,100.62596767716335,101.63498854415575,-1.009020866992401,-0.05276904418258255,-9610.0,0.1500460159969519,0.07226911675671488,NONE,98.90316434121247,-0.0034056567982059314,0
2026-08-11 20:44:00,99.3684600730174,99.65708130571184,99.03859709680046,99.30960474604032,361401,8843,99.21950304493691,99.34774381433228,1388467,1049721,0.13893350307687513,1947.0,0.06845912257354314,-136117.0,100.56014953060719,101.61561034583812,-1.05546081523093,-0.04643994823852893,4613.0,0.06898260005310242,0.12824076939536155,NONE,98.7813520800758,-0.0053192505127312795,0
2026-08-11 20:45:00,98.97647795818062,99.41998586544705,98.90650890461625,99.136290393369,346848,8063,99.10424457761606,99.16233137227104,1849815,1422809,0.13047817286678823,-780.0,-0.17331435267132633,-14553.0,100.48895657374528,101.59494934623422,-1.105992772488932,-0.05053195725800208,-2727.0,-0.17451922511879658,0.05808679465498301,NONE,98.5581059707308,-0.005832217650509096,0
2026-08-11 20:46:00,99.4650890411761,99.8169935792961,99.1693878024575,99.4188717745679,253463,9495,99.3431988080977,99.5061981725149,690690,1543611,-0.3817395239047917,1432.0,0.2825813811989093,-93385.0,100.4354523337864,101.57681536647033,-1.1413630326839268,-0.035370260194994785,2212.0,0.28504332780421304,0.1629993644172032,NONE,98.80630377752968,-0.0061614861052459256,0
2026-08-11 20:47:00,99.2315847314566,99.39666636222282,98.99304717646032,99.0291537691279,366755,2348,98.946162385384,99.07547081811356,1445955,689932,0.35396207758181963,-7147.0,-0.38971800544000246,113292.0,100.36513740555347,101.55558485315915,-1.1904474476056777,-0.04908441492175086,-8579.0,-0.3919960048668458,0.12930843272955883,NONE,98.52843179036029,-0.005056308770798704,0
2026-08-11 20:48:00,99.01204823807711,99.45341959955452,98.80614795800174,99.1483656385364,109372,6556,99.06105686334352,99.19423457282927,1368329,1753261,-0.12331279892618825,4208.0,0.11921186940850248,-257383.0,100.30429881720262,101.5355246930373,-1.2312258758346815,-0.040778428229003794,11355.0,0.12038057972951766,0.13317770948575003,NONE,98.03927245247706,-0.011186197361061332,0
2026-08-11 20:49:00,99.27953968656092,99.5046579074553,99.00895886237056,99.26056906979989,255384,6289,99.16132558859012,99.28585887053248,880149,548648,0.2320140649791398,-267.0,0.11220343126348098,146012.0,100.25211232983249,101.51656672951032,-1.264454399677831,-0.03322852384314956,-4475.0,0.11316720204197495,0.12453328194236235,NONE,97.50562254183394,-0.017680198133176787,0
2026-08-11 20:50:00,99.0356335408589,99.16842282147232,98.71925733370792,99.10183175863855,245152,3422,99.06536818473496,99.14630766948628,585141,694162,-0.08521906069164224,-2867.0,-0.15873731116133172,-10232.0,100.19459830127279,101.49644393808639,-1.3018456368135958,-0.037391237135764754,-2600.0,-0.1599198076828512,0.08093948475131185,NONE,97.62073602555348,-0.01494519028358893,0
2026-08-11 20:51:00,99.17625229960234,99.26433008792571,98.89101826195215,99.13366357898305,442762,4628,99.05974167820958,99.22210909515265,991008,1776569,-0.28384431580404085,1206.0,0.03183182034449317,197610.0,100.14155156515831,101.47675410176052,-1.3352025366022104,-0.03335689978861467,4073.0,0.03212031481114597,0.16236741694307,NONE,97.16990124658122,-0.019809237967254523,0
2026-08-11 20:52:00,98.69411324077848,98.90174819949546,98.6175076449237,98.69219846303692,212945,3428,98.67181247579164,98.734880046981,1232228,1795178,-0.18595127313614362,-1200.0,-0.44146511594613,-229817.0,100.06908391005223,101.45354947143782,-1.3844655613855963,-0.049263024783385845,-2406.0,-0.44532311225883303,0.06306757118936446,NONE,97.62962893090508,-0.01076649977079794,0
2026-08-11 20:53:00,98.83901565030806,99.20281398471568,98.57903586417358,98.90316434121247,470541,4033,98.85655150499038,98.99880866183749,1512516,1389936,0.0422332565706513,605.0,0.210965878175557,257596.0,100.01078793161024,101.43229626201928,-1.42150833040904,-0.03704276902344361,1805.0,0.21376145375318067,0.1422571568471085,NONE,96.93834681652994,-0.01986607342414221,0
2026-08-11 20:54:00,98.83013930856292,99.03820600768346,98.69515889902324,98.7813520800758,196213,7157,98.69503462767769,98.87651988100455,1713138,795206,0.3659514006053396,3124.0,-0.1218122611366681,-274328.0,99.94931613903351,101.41020506050309,-1.460888921469575,-0.03938059106053515,2519.0,-0.12316315857844318,0.18148525332686916,NONE,97.38059958728218,-0.014180333264299998,0
2026-08-11 20:55:00,98.73854078170946,98.70219823371056,98.12190868905338,98.5581059707308,120874,9860,98.51501674658547,98.58114685006844,1594633,833777,0.3133144732561635,2703.0,-0.22324610934501266,-75339.0,99.87975563061838,101.38643756808831,-1.506681937469935,-0.0457930160003599,-421.0,-0.22600025677320668,0.066130103482962,NONE,97.37725171058794,-0.011981300254425897,0
2026-08-11 20:56:00,98.78721339835695,98.80953595642455,98.49974565799508,98.80630377752968,304986,9691,98.74310519328148,98.83226179034672,711818,1789777,-0.43090868026199286,-169.0,0.2481978067988848,184112.0,99.82608303796394,101.36493645316699,-1.5388534152030502,-0.03217147773311524,-2872.0,0.25182891285735476,0.08915659706524082,NONE,97.28162754813364,-0.015430961093625836,0
2026-08-11 20:57:00,98.6004075845751,98.77655140131068,98.4498298485818,98.52843179036029,494813,8813,98.47309218042506,98.61607245669016,1769343,1162038,0.20717368366650393,-878.0,-0.2778719871693909,189827.0,99.76120047558375,101.34129891431027,-1.5800984387265231,-0.04124502352347292,-709.0,-0.2812290072048862,0.14298027626510645,NONE,97.05159633860704,-0.014988926799276783,0
2026-08-11 20:58:00,97.90994515668994,98.18208544675818,97.55810342373644,98.03927245247706,111600,2414,97.97113681467698,98.08462093518028,1490604,532121,0.4738572964688724,-6399.0,-0.48915933788322263,-383213.0,99.6751040744284,101.31378202712833,-1.638677952699922,-0.05857951397339889,-5521.0,-0.4964651613698745,0.11348412050330126,NONE,97.10484828254012,-0.00953112101469228,0
2026-08-11 20:59:00,97.40997890415214,97.8729266921892,97.24643981016628,97.50562254183394,496963,7708,97.40806204678906,97.51601620023942,1196403,1149303,0.02007924266723963,5294.0,-0.5336499106431205,385363.0,99.56662999779869,101.28204736475088,-1.7154173669521953,-0.07673941425227326,11693.0,-0.5443225936848872,0.10795415345036474,NONE,97.0271474103992,-0.004907154264149878,0
2026-08-11 21:00:00,97.66797665334153,97.63270915818872,97.58428679961764,97.62073602555348,441559,9721,97.60571982816836,97.65538448932696,1897475,1524583,0.10896717706128885,2013.0,0.11511348371954,-55404.0,99.46933529918643,101.25153643692424,-1.7822011377378146,-0.06678377078561937,-3281.0,0.11805830342772605,0.049664661158601575,NONE,97.29181776443616,-0.0033693483014840676,0
2026-08-11 21:01:00,97.31831284943482,97.46231515223413,96.85648479437369,97.16990124658122,348430,7635,97.10824471000608,97.23368785596882,667659,1951470,-0.49016715098798114,-2086.0,-0.45083477897226487,-93129.0,99.35436359655617,101.21752281033805,-1.8631592137818842,-0.08095807604406957,-4099.0,-0.46182276156394586,0.1254431459627483,NONE,97.2598679051328,0.0009258696098010076,0
2026-08-11 21:02:00,97.66519026578364,98.10036604965812,97.50302947739868,97.62962893090508,255887,4621,97.54195634077256,97.71156286784148,1814084,1548120,0.07910406388190604,-3014.0,0.459727684323866,-92543.0,99.26812686327361,101.18762369467612,-1.9194968314025118,-0.05633761762062761,-928.0,0.47311737320514524,0.16960652706892176,NONE,97.23885412398872,-0.004002625137425543,0
2026-08-11 21:03:00,96.90704101347762,97.02555145008569,96.53650009059128,96.93834681652994,315572,6315,96.8850223724726,96.96035179206834,1013993,1717280,-0.25749421606701345,1694.0,-0.6912821143751415,59685.0,99.15163786093642,101.15221305402491,-2.000575193088494,-0.08107836168598226,4708.0,-0.7080659037067338,0.07532941959573236,NONE,97.06379176244876,0.0012940693754169147,0
2026-08-11 21:04:00,97.38052872782453,97.61642433265747,96.97168855049908,97.38059958728218,194348,1754,97.36353214054743,97.40054831007969,1487358,1594811,-0.03486278656361802,-4561.0,0.44225277075223346,-121224.0,99.06308594725371,101.12078294180205,-2.057696994548337,-0.057121801459842914,-6255.0,0.4562206652742429,0.03701616953225084,NONE,96.98086673419058,-0.0041048510153535445,0
2026-08-11 21:05:00,97.25221093719097,97.4229627064965,96.8877780326606,97.37725171058794,205736,3347,97.31680316887044,97.47024004940944,1010684,1681296,-0.24911477797011866,1593.0,-0.0033478766942351967,11388.0,98.97879423542042,101.0895868482086,-2.110792612788174,-0.053095618239836995,6154.0,-0.0034379298427200666,0.1534368805390045,NONE,97.0075150010262,-0.0037969515781839766,0
2026-08-11 21:06:00,97.34207908076915,97.5944685042643,97.03069278262136,97.28162754813364,386858,1726,97.24174089795947,97.35923090123768,1101303,1891933,-0.26413887845796324,-1621.0,-0.09562416245429972,181122.0,98.89393590105608,101.0578538540413,-2.1639179529852157,-0.05312534019704174,-3214.0,-0.09819969322866218,0.11749000327820625,NONE,96.42893299074534,-0.008765216813076059,0
2026-08-11 21:07:00,97.13982964483937,97.32686217890516,96.82411789874315,97.05159633860704,235797,5923,97.02765157792662,97.11467650267706,1687046,1007438,0.25222194676234855,4197.0,-0.23003120952660083,-151061.0,98.80181892293362,101.02446837474602,-2.2226494518124014,-0.058731498827185646,5818.0,-0.23645904712354948,0.08702492475043755,NONE,95.95911830839688,-0.011256672444609473,0
2026-08-11 21:08:00,97.0596392492568,97.30853104464651,96.72811047981688,97.10484828254012,251756,3649,97.0184351763446,97.18407509363976,1944244,981517,0.3290518261744551,-2274.0,0.05325194393307697,15959.0,98.71697039091394,100.99180487397764,-2.2748344830636995,-0.05218503125129814,-6471.0,0.054869724911355,0.16563991729516658,NONE,96.1169225523772,-0.010173804373684885,0
2026-08-11 21:09:00,96.98014319562326,97.28783592113608,96.96091208222823,97.0271474103992,211573,3815,96.97020345423,97.0757443029168,1897928,1040777,0.2916764357089262,166.0,-0.07770087214092314,-40183.0,98.6324792418882,100.95876606178116,-2.3262868198929567,-0.051452336829257206,2440.0,-0.08001750017140319,0.10554084868680036,NONE,96.1032028730354,-0.009522536341872999,0
2026-08-11 21:10:00,97.31840558740136,97.74010509367064,97.01836000753958,97.29181776443616,375236,4279,97.19782288732203,97.37007878169396,1450697,1423322,0.009524989222409455,464.0,0.2646703540369657,163663.0,98.5654461680156,100.9282081593033,-2.362761991287698,-0.036475171394741324,298.0,0.27277969217984754,0.17225589437192923,NONE,95.9832358019196,-0.013450072088126734,0
2026-08-11 21:11:00,97.21619593152874,97.35801505628834,96.9867441050674,97.2598679051328,458062,3984,97.17732641971853,97.30333017434752,1049633,1918910,-0.2928295126599143,-295.0,-0.031949859303367134,82826.0,98.50016725487146,100.89763865718523,-2.3974714023137693,-0.03470941102607128,-759.0,-0.03283920481444991,0.1260037546289965,NONE,95.92421268243172,-0.013732850470287243,0
2026-08-11 21:12:00,97.23224086252615,97.2501363798414,97.19411756258354,97.23885412398872,125457,4807,97.1664866625491,97.27082263551308,1896615,886757,0.36281819318438213,823.0,-0.02101378114407737,-332605.0,98.43710159832732,100.86714878607525,-2.430047187747931,-0.03257578543416173,1118.0,-0.021605808846636432,0.10433597296398034,NONE,95.96416415672374,-0.01310885426148303,0
2026-08-11 21:13:00,97.27376394136544,97.49462420479831,96.85479971969532,97.06379176244876,433811,8876,97.05333946714588,97.13940297036514,1229695,926365,0.14068717939203917,4069.0,-0.17506236153995758,308354.0,98.36843610653338,100.8354541442117,-2.467018037678315,-0.03697084993038402,3246.0,-0.1800333448157887,0.0860635032192647,NONE,95.73815492770446,-0.013657377387323056,0
2026-08-11 21:14:00,96.956164164116,97.26942527538452,96.554224334907,96.98086673419058,452895,7099,96.93236262309314,97.02863724048474,1476700,1444816,0.010913512025948173,-1777.0,-0.08292502825817394,19084.0,98.29905763791625,100.80333258246152,-2.5042749445452728,-0.037256906866957706,-5846.0,-0.08543353474292914,0.09627461739160026,NONE,95.44083530481844,-0.015879744956220437,0
2026-08-11 21:15:00,96.97168098582408,97.45284422875712,96.57943819002888,97.0075150010262,162894,1607,96.97974123567752,97.10583894041557,1702701,1978916,-0.07502545756389109,-5492.0,0.026648266835621826,-290001.0,98.23448050607175,100.7717007692829,-2.537220263211154,-0.03294531866588102,-3715.0,0.027477860049107683,0.1260977047380436,NONE,95.43602515795637,-0.016199671160045868,0
2026-08-11 21:16:00,96.36417881018184,96.72740560245192,96.3793141582855,96.42893299074534,161305,7169,96.33696117875094,96.47038665715309,1280912,501316,0.43742775896237746,5562.0,-0.5785820102808685,-1589.0,98.14420313030543,100.73551103779509,-2.5913079074896643,-0.05408764427851054,11054.0,-0.596430091292155,0.13342547840214536,NONE,95.07922539828598,-0.0139969151436,0
2026-08-11 21:17:00,96.03353750554687,96.36419885337672,95.91375786702297,95.95911830839688,243684,8790,95.933405749776,96.05207377624468,1517932,1488494,0.009791692860559349,1621.0,-0.46981468234845636,82379.0,98.03494888921,100.69570776505012,-2.6607588758401164,-0.06945096835045206,-3941.0,-0.48721339931609986,0.1186680264686828,NONE,95.13870036165642,-0.008549661159909515,0
2026-08-11 21:18:00,96.09880013505538,96.33175923405476,95.98557481387624,96.1169225523772,333913,6573,96.08117714772786,96.21088918174824,898231,560046,0.23190724395982382,-2217.0,0.15780424398032267,90229.0,97.93904757236837,100.65755122161117,-2.7185036492428054,-0.05774477340268902,-3838.0,0.1644494517687889,0.1297120340203861,NONE,94.56522269501872,-0.016143877853693395,0
2026-08-11 21:19:00,96.03826556920328,96.47813283867954,95.66581984175842,96.1032028730354,309699,1634,96.04668756393932,96.13496963827124,1776849,1365075,0.13105791228559316,-4939.0,-0.01371967934180418,-24214.0,97.84725533740172,100.61959831870637,-2.7723429813046465,-0.053839332061841105,-2722.0,-0.014273947789300578,0.08828207433192858,NONE,94.81157624066604,-0.013439995689589673,0
2026-08-11 21:20:00,96.1153662051469,96.43975653536452,95.91878450938285,95.9832358019196,414281,2074,95.94953307620976,96.06507570826253,813260,1487114,-0.29293236664994476,440.0,-0.11996707111579497,104582.0,97.75405436062762,100.58096196439982,-2.8269076037721987,-0.054564622467552226,5379.0,-0.12483150147897248,0.11554263205276527,NONE,94.89128288640978,-0.011376496180679745,0
2026-08-11 21:21:00,96.06617298288307,96.2102741642928,95.564214281118,95.92421268243172,100559,2914,95.8953248614766,95.97318938789472,653023,615594,0.029503782465472243,840.0,-0.05902311948788963,-313722.0,97.66256227671782,100.54215572038342,-2.8795934436655983,-0.05268583989339959,400.0,-0.061493154502201275,0.07786452641812502,NONE,94.90635080398708,-0.010611104850184017,0
2026-08-11 21:22:00,95.90412180014988,96.05455673200493,95.91358134691718,95.96416415672374,428393,1588,95.90024521746447,96.05674138217448,1908319,1523429,0.11215567110405543,-1326.0,0.039951474292024614,327834.0,97.57764237071811,100.50400579068625,-2.9263634199681405,-0.046769976302542204,-2166.0,0.041648998907395374,0.15649616471000627,NONE,95.1397596833819,-0.008590753439955653,0
2026-08-11 21:23:00,95.5515009325684,95.87255373521955,95.42658600083054,95.73815492770446,137361,4231,95.7201512706565,95.78866611224164,729351,1008566,-0.16066072200225903,2643.0,-0.226009229019283,-291032.0,97.48566799856744,100.46429036682807,-2.9786223682606305,-0.052258948292490004,3969.0,-0.23551419533043294,0.06851484158514154,NONE,95.57835711753992,-0.0016691131167631474,0
2026-08-11 21:24:00,95.54158667380214,95.54015759326715,95.26280165525888,95.44083530481844,442864,7351,95.42560020653356,95.5178226393788,816575,1152583,-0.1706353680100835,3120.0,-0.29731962288602176,305503.0,97.38342636387998,100.42242824131132,-3.039001877431346,-0.06037950917071555,477.0,-0.31055499566555733,0.09222243284524723,NONE,95.8219876212224,0.0039935978681100975,0
2026-08-11 21:25:00,95.36756217538036,95.5594536717542,95.04156817647342,95.43602515795637,377405,4838,95.3925230813896,95.48805222478109,1297163,1178462,0.04794789194647816,-2513.0,-0.004810146862070042,-65459.0,97.2860563035838,100.38087488228338,-3.0948185786995737,-0.055816701268227575,-5633.0,-0.005039925359739961,0.09552914339148799,NONE,95.20942002124264,-0.0023744192650382782,0
2026-08-11 21:26:00,95.15828795820228,95.23243312296152,94.9623801738733,95.07922539828598,382516,2973,95.00436559738029,95.10972746630014,1174104,1663006,-0.17232394937101486,-1865.0,-0.35679975967038047,5111.0,97.17571475831892,100.33669446991672,-3.160979711597804,-0.06616113289823033,648.0,-0.37386276207526103,0.10536186891985722,NONE,94.76562752098174,-0.003298279681924081,0
2026-08-11 21:27:00,94.94168997988524,95.416267255033,94.81909944696145,95.13870036165642,417499,6044,95.07876775341175,95.16664187326144,1873814,1262318,0.19498413969820147,3071.0,0.0594749633704339,34983.0,97.0738640384858,100.29337785234789,-3.2195138138620933,-0.058534102264289345,4936.0,0.06255305837978842,0.08787411984968685,NONE,94.51865912417156,-0.006517234680817119,0
2026-08-11 21:28:00,94.65448242884864,94.85921850975063,94.44738142773078,94.56522269501872,328748,7103,94.51716381285672,94.6135115025018,876756,1936502,-0.37669705373627305,1059.0,-0.5734776666377002,-88751.0,96.94843197131244,100.24564322603682,-3.297211254724374,-0.07769744086228059,-2012.0,-0.6027806396952107,0.09634768964507145,NONE,94.4673707982734,-0.0010347556316861492,0
2026-08-11 21:29:00,94.69045904773796,95.02482611428697,94.45474609910995,94.81157624066604,460704,7683,94.7506585998858,94.88957075979732,1028222,1449461,-0.17001327449879586,580.0,0.2463535456473238,131956.0,96.84158918478013,100.20035933449206,-3.3587701497119298,-0.061558894987555846,-479.0,0.2605117807862989,0.13891215991152706,NONE,94.56397056931064,-0.0026115552675433735,0
2026-08-11 21:30:00,94.96435929831644,95.1989932763202,94.4544438691294,94.89128288640978,288992,6837,94.848392252791,94.95573932007603,1625521,906088,0.28418013998212205,-846.0,0.07970664574374098,-171712.0,96.74407386986161,100.15611703075804,-3.412043160896431,-0.05327301118450123,-1426.0,0.08406847444599741,0.1073470672850334,NONE,94.28797764507988,-0.006357857360323566,0
2026-08-11 21:31:00,94.90777811077072,94.94713826679276,94.8429499044237,94.90635080398708,343950,7783,94.8120976337982,94.97832744007812,1275842,1074382,0.08571948886574215,946.0,0.015067917577297862,54958.0,96.6521877165679,100.11236897886829,-3.460181262300395,-0.04813810140396413,1792.0,0.015879137807983668,0.16622980627991524,NONE,94.28617642170124,-0.006534593070243567,0
2026-08-11 21:32:00,95.04436574144223,95.18365380191098,94.70646183908414,95.1397596833819,100037,6594,95.12481824319993,95.17516905494776,1416875,1334151,0.030070235613912772,-1189.0,0.23340887939481547,-243913.0,96.5765663149086,100.07093056807255,-3.494364253163951,-0.03418299086355603,-2135.0,0.24593599629267882,0.05035081174783329,NONE,94.00217911151714,-0.011956941825904796,0
2026-08-11 21:33:00,95.53765348624724,95.66427184771877,95.28156949033276,95.57835711753992,274104,4822,95.50775188442724,95.6316862986761,1121234,1153114,-0.014017204051446833,-1772.0,0.43859743415802654,174067.0,96.52665585504018,100.03349245598478,-3.5068366009446095,-0.01247234778065831,-583.0,0.461003302528451,0.12393441424886475,NONE,93.76180037716996,-0.01900594229858967,0
2026-08-11 21:34:00,95.89061946691808,96.08102637024255,95.75843237578889,95.8219876212224,403564,4389,95.7317721813879,95.83598319506964,639244,1336910,-0.3530423236245758,-433.0,0.24363050368248196,129460.0,96.4914224433493,99.99839658236176,-3.5069741390124705,-0.0001375380678609872,1339.0,0.2549013302068692,0.10421101368174845,NONE,93.28334782476487,-0.026493290939576374,0
2026-08-11 21:35:00,95.22000946655416,95.3164173605918,94.9956490935628,95.20942002124264,197243,6914,95.12707039745648,95.29299793867888,1221673,1253523,-0.012867667853374036,2525.0,-0.6125675999797693,-206321.0,96.42732232224395,99.95848844435244,-3.5311661221084876,-0.02419198309601711,2958.0,-0.6392766578806608,0.16592754122240194,NONE,92.95040284723248,-0.023726824231322212,0
2026-08-11 21:36:00,94.82406881902898,94.90726972272805,94.6851973742392,94.76562752098174,229380,2780,94.7390638278478,94.86471781558332,1678350,543677,0.5106477104013588,-4134.0,-0.4437925002608978,32137.0,96.34423758218085,99.91521460332434,-3.5709770211434915,-0.0398108990350039,-6659.0,-0.4661224699844646,0.12565398773551806,NONE,92.48941164574524,-0.024019424919995737,0
2026-08-11 21:37:00,94.7163031826231,94.71881554225804,94.16848517973828,94.51865912417156,358430,4688,94.48202575276332,94.56527823980775,1830483,764250,0.4109220486269686,1908.0,-0.2469683968101748,129050.0,96.25295865928038,99.87024330766472,-3.6172846483843415,-0.046307627240850024,6042.0,-0.2606096780771061,0.08325248704443311,NONE,92.14166291111113,-0.025148433495419318,0
2026-08-11 21:38:00,94.3109466371023,94.8733038602786,94.08793673106445,94.4673707982734,134600,8211,94.39283648378976,94.47835752705524,993938,906885,0.0457975308590016,3523.0,-0.05128832589817023,-223830.0,96.16367926623003,99.82521937008646,-3.6615401038564244,-0.04425545547208287,1615.0,-0.05426264652230728,0.08552104326547294,NONE,92.40327754073948,-0.021849801048677415,0
2026-08-11 21:39:00,94.72569182680748,94.57090163726706,94.51107230917422,94.56397056931064,279357,6037,94.54638621898437,94.58925190687022,989922,1012703,-0.011375569564946009,-2174.0,0.0965997710372477,144757.0,96.08369383138407,99.78137563007999,-3.6976817986959247,-0.03614169483950036,-5697.0,0.10225728759143404,0.042865687885850434,NONE,92.0644985118668,-0.026431547262621036,0
2026-08-11 21:40:00,94.2984132388322,94.6126670551982,94.03490771873255,94.28797764507988,293080,7319,94.20491009209496,94.35670506407742,1634573,1573799,0.018942317162723026,1282.0,-0.2759929242307635,13723.0,95.99390802206885,99.73559731353832,-3.74168929146947,-0.04400749277354521,3456.0,-0.29185843463338523,0.15179497198245429,NONE,92.80078192166202,-0.015772909341803663,0
2026-08-11 21:41:00,94.19629801686892,94.6206146872216,93.87886389368828,94.28617642170124,451664,9640,94.21147479668682,94.3512635603396,741830,953882,-0.12505189560491403,2321.0,-0.0018012233786350862,158584.0,95.90852144205047,99.69018547277301,-3.7816640307225384,-0.03997473925306849,1039.0,-0.0019103425734856572,0.13978876365278836,NONE,92.89588374625586,-0.014745456101933787,0
2026-08-11 21:42:00,93.86914774894323,94.40150700169544,93.53409759074164,94.00217911151714,367311,1081,93.92651451308596,94.08308693627984,638876,961235,-0.20146039868484125,-8559.0,-0.28399731018410534,-84353.0,95.8132043255238,99.64278541976255,-3.8295810942387476,-0.04791706351620917,-10880.0,-0.30120779202447157,0.15657242319387876,NONE,92.89898811738708,-0.01173580234582984,0
2026-08-11 21:43:00,93.74288833809226,94.22817684670012,93.50504144379909,93.76180037716996,357351,7278,93.74277865384587,93.79464993815644,1528831,920698,0.24826527875358895,6197.0,-0.24037873434717483,-9960.0,95.71063412810611,99.59377721107427,-3.883143082968161,-0.0535619887294132,14756.0,-0.25571612979525815,0.05187128431056465,NONE,92.58969071536929,-0.012500929558580363,0
2026-08-11 21:44:00,93.37551283595734,93.29341674923954,92.8082082129592,93.28334782476487,100432,7999,93.20874937573144,93.36207469716412,1465098,1346801,0.042070145478198186,721.0,-0.47845255240508777,-256919.0,95.58926981293905,99.54119029952169,-3.9519204865826367,-0.06877740361447593,-5476.0,-0.5102851592870938,0.15332532143267485,NONE,92.74855922851724,-0.005732948149033531,0
2026-08-11 21:45:00,92.93764793519472,93.02729469998908,92.68255836200449,92.95040284723248,361550,2406,92.87921921596268,93.0223214091696,709820,1189503,-0.2525547260787133,-5593.0,-0.33294497753239227,261118.0,95.45732646465372,99.4862670707526,-4.028940606098885,-0.07702011951624854,-6314.0,-0.35691791224928826,0.14310219320692852,NONE,92.52521816584782,-0.00457431779056914,0
2026-08-11 21:46:00,92.64052713876998,92.93249729277323,92.2923163984453,92.48941164574524,169687,8410,92.40462862157128,92.5284649505395,1111477,1285977,-0.07278554666742303,6004.0,-0.46099120148724637,-191863.0,95.3089307237083,99.42795994221088,-4.119029218502575,-0.09008861240369015,11597.0,-0.49595395755831495,0.12383632896822405,NONE,92.51175514759788,0.00024157902461555714,0
2026-08-11 21:47:00,91.99654534210596,92.37092219220465,91.71756134683469,92.14166291111113,344288,2480,92.12791927504804,92.20075684443626,829669,1703888,-0.3450559825573295,-5930.0,-0.34774873463410927,174601.0,95.15056733307844,99.36724080028506,-4.216673467206618,-0.09764424870404298,-11934.0,-0.3759876167945153,0.07283756938821284,NONE,93.23030721095223,0.011814897468166163,0
2026-08-11 21:48:00,92.40206864595486,92.6855728602062,92.15678618551044,92.40327754073948,434091,4598,92.39119758057736,92.42653218350432,1123536,772159,0.18535523910755686,2118.0,0.2616146296283546,89803.0,95.0132028434615,99.30920777312218,-4.296004929660683,-0.0793314624540642,8048.0,0.28392653373396914,0.035334602926965886,NONE,93.15261741428694,0.008109451239076242,0
2026-08-11 21:49:00,91.93925916742548,92.39601211372836,91.82854725658451,92.0644985118668,458468,8993,92.02092787287772,92.115229317176,1048892,1368596,-0.13224636482166613,4395.0,-0.3387790288726791,24377.0,94.86576762688176,99.24883519594505,-4.383067569063286,-0.08706263940260328,2277.0,-0.366630965793735,0.09430144429828147,NONE,93.4491377565948,0.01503988255092181,0
2026-08-11 21:50:00,92.83714510992452,93.14031522390984,92.5556256769571,92.80078192166202,413047,5183,92.7773909761156,92.89008968222204,1193278,551500,0.36782788412050127,-3810.0,0.7362834097952202,-45421.0,94.76251834162078,99.19510141865935,-4.432583077038572,-0.049515507975286255,-8205.0,0.7997473746085948,0.11269870610644261,NONE,93.19054193582298,0.004199964764197489,0
2026-08-11 21:51:00,92.9845724852656,93.36175394791412,92.472491245321,92.89588374625586,285221,4680,92.83562914327456,92.94379097044016,629716,1350357,-0.3639466827738169,-503.0,0.09510182459383998,-127826.0,94.66918661185252,99.14260793805599,-4.473421326203464,-0.040838249164892204,3307.0,0.10247955095261663,0.10816182716560263,NONE,93.1330297388099,0.0025528148610092925,0
2026-08-11 21:52:00,92.85691193801898,93.39746282609292,92.48301734654306,92.89898811738708,318712,8644,92.80642671625148,92.98454912096987,661919,1901699,-0.4836055917847355,3964.0,0.003104371131215089,33491.0,94.58067668712924,99.09057777288375,-4.509901085754507,-0.036479759551042434,4467.0,0.003341774690146515,0.17812240471839402,NONE,93.61788989237584,0.007738531813504382,0
2026-08-11 21:53:00,92.32926932970658,92.94976944583476,92.38793071914918,92.58969071536929,287840,5310,92.54445753963924,92.65281351824264,1034968,724045,0.17675992161513304,-3334.0,-0.30929740201779055,-30872.0,94.48112738854124,99.03640371407113,-4.5552763255298885,-0.045375239775381715,-7298.0,-0.33293947360003573,0.10835597860339874,NONE,93.38406360687632,0.008579496112035045,0
2026-08-11 21:54:00,92.76845404319688,92.8921698331198,92.58190929858198,92.74855922851724,427936,2758,92.6625136945627,92.77582813269645,595619,1204991,-0.33842531142224025,-2552.0,0.1588685131479508,140096.0,94.39449898054004,98.98400501002486,-4.589506029484824,-0.034229703954935076,782.0,0.1715833716696702,0.11331443813374165,NONE,93.88271401667927,0.012228273922483953,0
2026-08-11 21:55:00,92.56889202102116,92.965094366995,92.27925415382823,92.52521816584782,395583,3599,92.5151964871412,92.58751772787063,555037,1493694,-0.45816507877315277,841.0,-0.22334106266941944,-32353.0,94.30103493980542,98.93018178632337,-4.629146846517955,-0.03964081703313127,3393.0,-0.2408027300123794,0.07232124072943691,NONE,94.05061547582652,0.016486287092503642,0
2026-08-11 21:56:00,92.55218462309404,92.53636560486828,92.22536889272932,92.51175514759788,264329,6616,92.48658882968655,92.56729364722202,1124257,682159,0.24473764625645478,3017.0,-0.013463018249936454,-131254.0,94.21157095019504,98.87669489766732,-4.665123947472281,-0.0359771009543266,2176.0,-0.01455064739842582,0.08070481753546233,NONE,93.83811926572056,0.014337249531224821,0
2026-08-11 21:57:00,93.35388543013448,93.3458476373895,93.11113860563825,93.23030721095223,275746,6813,93.2175690923834,93.27618493111991,1659691,710861,0.40025698655840497,197.0,0.7185520633543518,11417.0,94.16250776323291,98.8296416669447,-4.667133903711786,-0.0020099562395046178,-2820.0,0.7767143345274841,0.05861583873651455,NONE,93.98476114339384,0.008092367761209918,0
2026-08-11 21:58:00,93.04551204632205,93.6013102730188,92.75563987192916,93.15261741428694,413392,4853,93.1130841680406,93.1733841538434,558914,1341341,-0.41174842323793387,-1960.0,-0.07768979666529674,137646.0,94.1120132457856,98.7823331315059,-4.670319885720289,-0.0031859820085031743,-2157.0,-0.08333105294773269,0.06029998580279994,NONE,94.23413043638652,0.011610119523423208,0
2026-08-11 21:59:00,93.51715936713984,93.57723351381448,93.2058963737286,93.4491377565948,276443,3292,93.35740069298213,93.49664153634106,1655831,789741,0.35414618747679477,-1561.0,0.29652034230785773,-136949.0,94.07886947132606,98.73788983671497,-4.659020365388912,0.011299520331377266,399.0,0.31831670492854514,0.13924084335893383,NONE,94.37896733250406,0.0099501140217171,0
2026-08-11 22:00:00,93.30979268707078,93.30086746563386,93.023519161613,93.19054193582298,329354,2501,93.17181624469907,93.20709054968457,1034637,724376,0.17638357419757558,-791.0,-0.2585958207718164,52911.0,94.03445309455091,98.69166193754087,-4.657208842989959,0.0018115223989525475,770.0,-0.2767236027852671,0.03527430498549222,NONE,93.86689219753912,0.0072577135797956445,0
2026-08-11 22:01:00,92.95517098040924,93.20209238538,93.0796192423279,93.1330297388099,268369,9422,93.06845285890296,93.15191895343578,706068,902648,-0.1221968327535749,6921.0,-0.0575121970130823,-60985.0,93.98938192676385,98.64534000255145,-4.655958075787595,0.0012507672023645,7712.0,-0.061714628779274694,0.08346609453282383,NONE,93.6084489992266,0.005104733108651206,0
2026-08-11 22:02:00,93.64985507496776,94.0474457711993,93.49846731217404,93.61788989237584,134743,8550,93.5672552578551,93.6653223803398,1452057,1622876,-0.055552104712525446,-872.0,0.4848601535659469,-133626.0,93.97080732504445,98.60344458496665,-4.632637259922205,0.023320815865389477,-7793.0,0.5206103086367264,0.09806712248470717,NONE,93.49460421069314,-0.00131690301740867,0
2026-08-11 22:03:00,93.33364562377554,93.63409273647186,92.90942302099832,93.38406360687632,299824,5250,93.2896014677634,93.42154794025348,1052813,1378269,-0.13387290103748042,-3300.0,-0.2338262854995179,165081.0,93.94147013913604,98.55994974348256,-4.618479604346518,0.014157655575687045,-2428.0,-0.24976666934954928,0.1319464724900712,NONE,93.43340487916078,0.0005283692996287412,0
2026-08-11 22:04:00,93.87456174936912,94.22016061820636,93.73016417326951,93.88271401667927,179803,7991,93.86168729385096,93.97601300600688,1816668,549314,0.5356566533473205,2741.0,0.4986504098029485,-120021.0,93.93853233301321,98.52097277909253,-4.5824404460793176,0.03603915826720083,6041.0,0.533978058507012,0.11432571215591736,NONE,93.58146401990756,-0.003208790882613341,0
2026-08-11 22:05:00,94.08538312418035,94.17014866786404,93.966185831143,94.05061547582652,437261,1114,94.02153296928134,94.09442899831076,1038786,1518448,-0.18757063295732812,-6877.0,0.1679014591472452,257458.0,93.94413649015388,98.4837198015653,-4.53958331141142,0.04285713466789787,-9618.0,0.17884171852702302,0.0728960290294225,NONE,93.59736543578944,-0.004819213970519668,0
2026-08-11 22:06:00,93.7893964093092,94.21713947622617,93.60778286989306,93.83811926572056,301123,5406,93.82546048854552,93.91632649670704,1436495,1383881,0.018654959480579894,4292.0,-0.21249621010595376,-136138.0,93.93883562893221,98.44500646376659,-4.5061708348343785,0.03341247657704116,11169.0,-0.2259381387680226,0.09086600816152668,NONE,93.16009350714434,-0.007225483245846672,0
2026-08-11 22:07:00,93.91719033547768,94.36476391587487,93.8312172717137,93.98476114339384,122076,3347,93.935706970927,94.0424834207668,559790,1878677,-0.5408672743982182,-2059.0,0.1466418776732752,-179047.0,93.9411319046553,98.40783775276348,-4.466705848108191,0.03946498672618759,-6351.0,0.15627111755940337,0.10677644983979917,NONE,93.23823103224971,-0.00794309739219461,0
2026-08-11 22:08:00,94.23754567813532,94.39042944884068,94.21655081125093,94.23413043638652,341424,2041,94.1991254754257,94.30749814656431,526245,1985507,-0.580973758555781,-1306.0,0.2493692929926823,219348.0,93.95578183124186,98.37305685846034,-4.41727502721848,0.04943082088971096,753.0,0.2653294959299002,0.1083726711386106,NONE,93.38623811100577,-0.00899772005593166,0
2026-08-11 22:09:00,94.27024273861778,94.5843086490092,94.21739472386436,94.37896733250406,306384,7927,94.29067579845392,94.41237777097544,1679886,1733098,-0.015591048771397697,5886.0,0.14483689611753903,-35040.0,93.97694110630498,98.33977277907738,-4.362831672772401,0.05444335444607873,7192.0,0.15369897875303629,0.12170197252152093,NONE,93.51976604637848,-0.009103736885555793,0
2026-08-11 22:10:00,93.7583096846506,93.97173733625422,93.59483788556938,93.86689219753912,350699,1011,93.80244752435132,93.96166364509456,1437424,1503566,-0.022489705847350723,-6916.0,-0.5120751349649453,44315.0,93.97143866086668,98.30249877423122,-4.331060113364543,0.03177155940785781,-12802.0,-0.5425733608218741,0.15921612074323832,NONE,93.81035663612532,-0.0006022950168076179,0
2026-08-11 22:11:00,93.67638632752224,94.09672951088804,93.3325928132166,93.6084489992266,449627,8980,93.5431808328088,93.6661569639489,546659,1741550,-0.5221948694371886,7969.0,-0.25844319831251994,98928.0,93.95328917778468,98.26338169277285,-4.31009251498817,0.020967598376373076,14885.0,-0.27532945031207845,0.1229761311400921,NONE,94.02766121464084,0.004478358736802825,0
2026-08-11 22:12:00,93.37972480717728,93.81740549922236,93.3163247501047,93.49460421069314,234035,8871,93.43673224797382,93.5794233771088,1099162,790461,0.16336644928644498,-109.0,-0.1138447885334557,-215592.0,93.9303549294301,98.22364188042219,-4.293286950992098,0.016805563996072692,-8078.0,-0.12161806946977549,0.14269112913497395,NONE,94.13332058226663,0.006831585383624129,0
2026-08-11 22:13:00,93.5000361292517,93.90067681951854,93.20975350103448,93.43340487916078,481361,7375,93.41513834881016,93.47625899157364,804661,1929911,-0.4114903538835328,-1496.0,-0.061199331532364454,247326.0,93.90550742691661,98.183723238745,-4.278215811828389,0.015071139163708835,-1387.0,-0.06545760800745759,0.06112064276348406,NONE,94.08095933763988,0.006930652471849884,0
2026-08-11 22:14:00,93.62772314919296,93.73315679172212,93.09870506079018,93.58146401990756,244938,8098,93.53141233837228,93.60048304132212,1150906,828897,0.1626469906349268,723.0,0.14805914074678128,-236423.0,93.88930525656616,98.14537107858801,-4.256065822021853,0.02214998980653604,2219.0,0.1584648883750539,0.06907070294984408,NONE,93.55214822519063,-0.000313264972117616,0
2026-08-11 22:15:00,93.42478476291038,93.98831089228788,93.40869119717428,93.59736543578944,466648,4676,93.49740996871569,93.66799948408432,1100173,797386,0.15956658001147792,-3422.0,0.015901415881884873,221710.0,93.87470826552733,98.1074710315647,-4.232762766037368,0.0233030559844849,-4145.0,0.016992057186127063,0.17058951536863276,NONE,93.65130499077368,0.0005762935178046626,0
2026-08-11 22:16:00,93.09233704191077,93.54302282908672,93.03098010051434,93.16009350714434,263377,7109,93.0749228709682,93.1707918754947,1070638,1680577,-0.22169804977073765,2433.0,-0.437271928645103,-203271.0,93.8389775276082,98.06624288552786,-4.227265357919663,0.005497408117705049,5855.0,-0.46718401379052255,0.09586900452650582,NONE,93.68468202108124,0.005631043230937451,0
2026-08-11 22:17:00,93.35764197255445,93.58405885818298,93.11649751021632,93.23823103224971,313968,6397,93.14781971737467,93.2910074001406,1278539,868406,0.1910309765736896,-712.0,0.07813752510537597,50591.0,93.80894020284028,98.0260094534172,-4.217069250576927,0.010196107342736127,-3145.0,0.08387445972173335,0.14318768276592664,NONE,93.73803097048392,0.005360461397657052,0
2026-08-11 22:18:00,93.28812155789178,93.86905759863916,93.15735580465368,93.38623811100577,467793,4065,93.30214773867355,93.41359028224574,1445778,1802844,-0.10991306467788496,-2332.0,0.14800707875605212,153825.0,93.78780509824854,97.98734469223045,-4.1995395939819105,0.017529656595016263,-1620.0,0.15874076236479517,0.11144254357218131,NONE,93.32769127661334,-0.0006269321430727019,0
2026-08-11 22:19:00,93.47332562014752,93.71654371443164,93.14000597202,93.51976604637848,488388,3036,93.50049229396969,93.58622984177768,807157,1386238,-0.26401127019985,-1029.0,0.13352793537271168,20595.0,93.77440314565504,97.9501148701817,-4.17571172452665,0.023827869455260497,1303.0,0.14298459609647374,0.08573754780799447,NONE,92.9768736364284,-0.0058051087262221395,0
2026-08-11 22:20:00,93.85656272545052,93.8757152979202,93.7073625440311,93.81035663612532,394957,4046,93.77988629325952,93.90850442470774,1261563,860868,0.1887905896587451,1010.0,0.2905905897468415,-93431.0,93.77620082017856,97.9156168848979,-4.139416064719342,0.03629565980730831,2039.0,0.3107263865509857,0.12861813144822065,NONE,93.26713797487746,-0.005790604371699784,0
2026-08-11 22:21:00,94.10600026556912,94.36351564426288,93.67301315107046,94.02766121464084,428873,1540,94.01738026601876,94.0794574762097,539913,1382399,-0.4382670450998589,-2506.0,0.21730457851552387,33916.0,93.78877383990167,97.88321725431243,-4.094443414410762,0.04497265030857989,-3516.0,0.23164241807374086,0.06207721019093526,NONE,93.23041364331011,-0.008478862081986905,0
2026-08-11 22:22:00,94.1081666936622,94.49797548250524,94.12274567059194,94.13332058226663,366656,1076,94.0960046710276,94.21689542535395,1783813,1307174,0.1542028484752605,-464.0,0.10565936762579042,-62217.0,93.80600117701991,97.85196811537871,-4.045966938358802,0.048476476051959594,2042.0,0.11237051550669896,0.12089075432635354,NONE,93.4108342242464,-0.0076751394038928646,0
2026-08-11 22:23:00,94.02120831817072,94.36848962436927,93.87149284864788,94.08095933763988,350703,4067,94.06118467142868,94.13665991446548,1856539,517833,0.5638147687051566,2991.0,-0.05236124462675207,-15953.0,93.8197490850509,97.82054304223088,-4.0007939571799795,0.045172981178822624,3455.0,-0.05562455919208009,0.07547524303680575,NONE,93.3961325435169,-0.007279122140594481,0
2026-08-11 22:24:00,93.69438521136048,93.65555717175734,93.16421569258924,93.55214822519063,247702,1023,93.4995968241135,93.60677382799,582168,1095635,-0.30603533311121744,-3044.0,-0.5288111124492474,-103001.0,93.80636904205788,97.78497308542221,-3.978604043364328,0.022189913815651607,-6035.0,-0.5620809100717605,0.10717700387650098,NONE,93.38269875589224,-0.0018112835729919888,0
2026-08-11 22:25:00,93.82519495715344,93.90353296160836,93.48193851288649,93.65130499077368,217907,6134,93.58036351680202,93.74504310515977,1903400,1622731,0.07959687260626448,5111.0,0.09915676558304654,-29795.0,93.79861583949368,97.75052585130014,-3.9519100118064614,0.026694031557866538,8155.0,0.10599090182767945,0.16467958835774255,NONE,93.64266381277648,-9.226970193374912e-05,0
2026-08-11 22:26:00,93.7825678261594,93.8407768893658,93.40281347035852,93.68468202108124,305591,1675,93.5959765445278,93.77477894926844,1520131,1376223,0.049685915464753275,-4459.0,0.03337703030756245,87684.0,93.79291914857306,97.71664381938166,-3.923724670808596,0.028185340997865183,-9570.0,0.03563968522473093,0.1788024047406367,NONE,93.4671746848097,-0.002321695837347175,0
2026-08-11 22:27:00,93.74656278474042,93.95176423456726,93.63554135407097,93.73803097048392,493852,7668,93.66060142562574,93.81875301235084,1905512,1245868,0.20931909195336645,5993.0,0.053348949402675316,188261.0,93.7901747396686,97.68348871230751,-3.893313972638907,0.030410698169689,10452.0,0.05694522119492618,0.1581515867250971,NONE,93.4761832643304,-0.002793398831216836,0
2026-08-11 22:28:00,93.24686470444924,93.65030056453568,92.95669358105025,93.32769127661334,496991,5267,93.23321857299328,93.36435429441184,1220270,906743,0.1474024841409056,-2401.0,-0.4103396938705828,3139.0,93.76705056651583,97.64719040034339,-3.880139833827556,0.0131741388113511,-8394.0,-0.43775156104973734,0.13113572141855911,NONE,93.31852460966564,-9.822022619763697e-05,0
2026-08-11 22:29:00,92.89382919577277,93.34948100777385,92.95073408479402,92.9768736364284,164591,6988,92.96202279029296,93.03592439384356,896076,1999931,-0.38116447922950464,1721.0,-0.35081764018494255,-332400.0,93.72754172001146,97.60827109397742,-3.8807293739659627,-0.000589540138406619,4122.0,-0.37589876636415775,0.0739016035505955,NONE,93.17005463686664,0.002077731729221703,0
2026-08-11 22:30:00,93.31938938540404,93.38325032032812,92.8408666524397,93.26713797487746,309633,8652,93.25604178968996,93.29728872587496,549875,614527,-0.05552377958814911,1664.0,0.2902643384490631,145042.0,93.70452153275475,97.57209498465159,-3.867573451896831,0.01315592206913152,-57.0,0.3121898243041654,0.0412469361850043,NONE,93.06004008452229,-0.0022204808129842693,0
2026-08-11 22:31:00,93.272253465399,93.4330763236336,93.1313154500993,93.23041364331011,333559,9680,93.16089321306488,93.28036614613433,645991,729482,-0.060699846525522495,1028.0,-0.036724331567342006,23926.0,93.68081613828252,97.53591430680709,-3.855098168524563,0.012475283372268109,-636.0,-0.0393754245758382,0.11947293306944573,NONE,93.11027856298728,-0.00128858250894889,0
2026-08-11 22:32:00,93.55099408354104,93.5454150097422,92.97363520839224,93.4108342242464,373495,2485,93.3747925073264,93.4644134001648,1558162,1224945,0.11972841863428176,-7195.0,0.18042058093628555,39936.0,93.66731704258072,97.50153863945242,-3.8342215968717,0.020876571652863163,-8223.0,0.19352116319739654,0.08962089283839703,NONE,92.9511165054396,-0.004921460370466026,0
2026-08-11 22:33:00,93.46117755277052,93.49544835044784,93.21986792286664,93.3961325435169,477544,4659,93.36331745206738,93.48098014713214,551986,1065345,-0.31741121638056774,2174.0,-0.014701680729501732,104049.0,93.65375781762752,97.4673269219863,-3.813569104358777,0.020652492512923004,9369.0,-0.0157387318629576,0.1176626950647659,NONE,93.31317281990222,-0.0008882565193588076,0
2026-08-11 22:34:00,93.23239072571629,93.77439236589017,93.021356968655,93.38269875589224,220533,3419,93.3429189179998,93.4733413087715,1833775,698511,0.4483158695344839,-1240.0,-0.013433787624663296,-257011.0,93.64020486454076,97.43328835393551,-3.7930834893947463,0.020485614964030674,-3414.0,-0.014383665852979455,0.13042239077169882,NONE,93.03098966540132,-0.0037663196199790904,0
2026-08-11 22:35:00,93.74785857454876,94.09729015999496,93.4830511638834,93.64266381277648,203627,8740,93.60838216756616,93.68997961839216,928106,1015553,-0.044990916616546424,5321.0,0.25996505688424065,-16906.0,93.64032781195255,97.40169981609252,-3.7613720041399716,0.03171148525477463,6561.0,0.2783867465254941,0.08159745082599557,NONE,92.96199922443506,-0.00726874440161479,0
2026-08-11 22:36:00,93.36736862207826,93.652290777652,93.0142188491924,93.4671746848097,228381,8143,93.41114540824256,93.4787680848663,956297,1854981,-0.3196709823788327,-597.0,-0.1754891279667703,24754.0,93.6316701555954,97.36891210666516,-3.7372419510697625,0.0241300530702091,-5918.0,-0.18740296444111904,0.067622676623742,NONE,92.81802527686536,-0.006945212692406864,0
2026-08-11 22:37:00,93.43778613713516,93.85182272651728,93.4128647015712,93.4761832643304,342264,4495,93.42656990408022,93.56374290991144,1053095,1226272,-0.07597591787544525,-3648.0,0.009008579520696003,113883.0,93.62389581103216,97.33647269964571,-3.7125768886135546,0.02466506245620792,-3051.0,0.009638228127761828,0.13717300583121528,NONE,93.2409404755882,-0.002516606696242427,0
2026-08-11 22:38:00,93.3435446302908,93.76702225434784,93.22926471502932,93.31852460966564,457851,1756,93.26240604004172,93.34420969073076,1765568,1941834,-0.04754434506967413,-2739.0,-0.1576586546647576,115587.0,93.60862725096383,97.30298979889588,-3.6943625479320445,0.018214340681510066,909.0,-0.1686618442891863,0.08180365068903939,NONE,93.28960719531491,-0.00030987860632908474,0
2026-08-11 22:39:00,93.36962138584504,93.59311674213176,92.92353957428725,93.17005463686664,443822,9448,93.0995104118316,93.23602401361676,1617201,708990,0.3904283870069139,7692.0,-0.1484699727990062,-14029.0,93.58669862025897,97.26854867254563,-3.681850052286663,0.012512495645381705,10431.0,-0.15910021447512745,0.13651360178515404,NONE,93.58974113076214,0.004504521281341299,0
2026-08-11 22:40:00,93.3710319401228,93.15144677879188,93.0190708650032,93.06004008452229,173309,2779,93.01519833871488,93.07228746556136,818461,1571025,-0.31494806832933947,-6669.0,-0.11001455234435298,-270513.0,93.56036569347214,97.23347776764543,-3.6731120741732894,0.008737978113373401,-14361.0,-0.11807930431417812,0.05708912684647771,NONE,93.13553555606578,0.0008112555235837143,0
2026-08-11 22:41:00,93.17095086890087,93.58842450374397,93.0122884706364,93.11027856298728,325074,7487,93.07766087114447,93.15623414576072,933194,1446363,-0.2156573681571822,4708.0,0.05023847846499052,151765.0,93.53786133694788,97.19911777427326,-3.6612564373253775,0.01185563684791191,11377.0,0.053985017005531155,0.07857327461624664,NONE,93.20799665642376,0.0010494877144028678,0
2026-08-11 22:42:00,92.93279684356756,93.13945472565436,92.4792333143336,92.9511165054396,372922,1258,92.92615845712685,93.04985293263,1827153,639648,0.48139472944919354,-6229.0,-0.15916205754767532,47848.0,93.50852409537247,97.16371776369965,-3.655193668327186,0.006062768998191359,-10937.0,-0.17093929908071903,0.12369447550315726,NONE,93.46811676159382,0.0055620661224006235,0
2026-08-11 22:43:00,93.36662338475028,93.48279315048914,92.82492798932827,93.31317281990222,243573,5075,93.27172014914429,93.33223524400157,1581858,939090,0.2549707490991484,3817.0,0.3620563144626203,-129349.0,93.49875653159896,97.131629889168,-3.6328733575690393,0.02232031075814689,10046.0,0.38951260412394273,0.060515094857279905,NONE,93.48691887573506,0.001861967079055094,0
2026-08-11 22:44:00,93.11975520798867,93.0622053290402,92.8428600007361,93.03098966540132,474857,9498,92.95422708262916,93.07912204908128,1264634,1847065,-0.18717459497207153,4423.0,-0.28218315450089904,231284.0,93.47536818828908,97.09745788730328,-3.6220896990141966,0.010783658554842646,606.0,-0.30240441512531246,0.12489496645211773,NONE,93.8015670037506,0.00828301774624532,0
2026-08-11 22:45:00,92.92993246187936,93.2050860514875,92.5003562139281,92.96199922443506,495324,9014,92.88389578252504,92.99964271995216,630843,1666502,-0.4508069097153453,-484.0,-0.06899044096626028,20467.0,93.44969974009638,97.06299573177938,-3.613295991683003,0.008793707331193445,-4907.0,-0.07415855857751952,0.11574693742711872,NONE,93.64227247170096,0.007317756211584269,0
2026-08-11 22:46:00,92.9975464124566,92.87253208468582,92.54561293902864,92.81802527686536,136382,2118,92.74800379206378,92.9094832079703,1132621,886720,0.12177289521680588,-6896.0,-0.14397394756970527,-358942.0,93.41811601693483,97.02762097798842,-3.609504961053588,0.003791030629415104,-6412.0,-0.15487397944413672,0.1614794159065127,NONE,94.06185742549614,0.01340076073500358,0
2026-08-11 22:47:00,93.26394755150734,93.36521038605191,93.10606924265132,93.2409404755882,322426,8631,93.20987793981058,93.32918108529988,655205,1517942,-0.3969989144774836,6513.0,0.42291519872284766,186044.0,93.4092572398675,96.99606530713508,-3.586808067267583,0.022696893786005035,13409.0,0.45563908245336293,0.11930314548929744,NONE,94.74919687615191,0.016175902912075327,0
2026-08-11 22:48:00,93.33938150422406,93.44807850619856,92.93840783477462,93.28960719531491,437931,4017,93.226679433188,93.32100008374248,1023566,1355860,-0.13965300875085,-4614.0,0.048666719726710994,115505.0,93.40327473763986,96.96517815620324,-3.561903418563375,0.024904648704207943,-11127.0,0.05219458263556742,0.09432065055447936,NONE,94.63890502818704,0.014463538580960902,0
2026-08-11 22:49:00,93.65633355596758,93.99415429250796,93.26029022747473,93.58974113076214,123341,5341,93.52837906122022,93.60704803159668,1074605,1248008,-0.07465858496443445,1324.0,0.3001339354472208,-314590.0,93.41259805729598,96.93704951432456,-3.524451457028576,0.03745196153479924,5938.0,0.32172279900251066,0.07866897037645515,NONE,94.50470395491853,0.009776315364287828,0
2026-08-11 22:50:00,93.17769421712724,93.57327988126372,92.6409728965114,93.13553555606578,245439,2658,93.0819515982359,93.20197801153128,1676454,504321,0.5374846098290745,-2683.0,-0.4542055746963598,122098.0,93.39874493223448,96.90537023133906,-3.5066252991045843,0.01782615792399156,-4007.0,-0.48531555831717865,0.12002641329537767,NONE,94.94105904215344,0.019385978459325822,0
2026-08-11 22:51:00,93.29189070647074,93.3592298151545,93.07547301271912,93.20799665642376,482111,9378,93.14849854764924,93.24826984049332,1657321,1292208,0.12378688258362607,6720.0,0.07246110035798381,236672.0,93.38920751844395,96.87455878488143,-3.485351266437476,0.021274032667108145,9403.0,0.07780177557938917,0.09977129284408193,NONE,95.41616043044152,0.023690711668842408,0
2026-08-11 22:52:00,93.40639144293912,93.8974658222161,93.13208701026296,93.46811676159382,326280,2797,93.41385560465768,93.53860435674837,891374,1526392,-0.26264659193652323,-6581.0,0.2601201051700599,-155831.0,93.39315298060146,96.8461717680207,-3.4530187874192393,0.03233247901823688,-13301.0,0.27907488037630657,0.12474875209068159,NONE,95.26142194842387,0.019186277085310073,0
2026-08-11 22:53:00,93.43108870034044,93.91553434441995,93.46090699822034,93.48691887573506,231066,1784,93.42602780278838,93.49980965378116,1090238,778263,0.16696539097383412,-1013.0,0.01880211414123778,-95214.0,93.39784127535813,96.81817799391833,-3.4203367185601934,0.0326820688590459,5568.0,0.020116072509734906,0.07378185099277346,NONE,95.13837483368096,0.01766510200364023,0
2026-08-11 22:54:00,93.69155158045342,94.18389247894302,93.74474398440223,93.8015670037506,300940,6691,93.7271714678347,93.82357293491656,1083900,630078,0.264777027476432,4907.0,0.3146481280155484,69874.0,93.41802756177775,96.79303956900027,-3.375012007222523,0.045324711337670465,5920.0,0.336569149779975,0.09640146708186137,NONE,95.05773725003918,0.01339178316966015,0
2026-08-11 22:55:00,93.68622259476298,93.71562002870856,93.6403132842254,93.64227247170096,359252,4196,93.62240593420464,93.7140459726505,564873,1193956,-0.35767149620571415,-2495.0,-0.1592945320496426,58312.0,93.42923980727392,96.76678317652278,-3.3375433692488627,0.03746863797366018,-7402.0,-0.16982075794456097,0.09164003844585977,NONE,94.65918807051924,0.01085957839314064,0
2026-08-11 22:56:00,94.13975107584736,94.4070188489465,93.5621270849663,94.06185742549614,185820,9532,93.98439110780274,94.09097078447336,1242138,815111,0.20757185931309238,5336.0,0.4195849537951801,-173432.0,93.46087068818503,96.74424212859756,-3.2833714404125374,0.05417192883632538,7831.0,0.4480721609164018,0.10657967667061996,NONE,94.38926578317552,0.003480777082662923,0
2026-08-11 22:57:00,94.7949741627671,95.2217089084422,94.34806002757816,94.74919687615191,159949,1562,94.72696712264045,94.83637976697052,693074,1188423,-0.2632738718158998,-7970.0,0.6873394506557702,-25871.0,93.52528699758338,96.72761675149384,-3.202329753910462,0.08104168650207555,-13306.0,0.7307313181649677,0.10941264433007802,NONE,94.09458316264543,-0.006908910419178894,0
2026-08-11 22:58:00,94.80635427152178,94.9801752675706,94.24554352082023,94.63890502818704,310377,5746,94.6229085083301,94.65417820808094,1470012,1735078,-0.08270157780280742,4184.0,-0.11029184796487357,150428.0,93.58096789911357,96.71021082046629,-3.129242921352713,0.07308683255774895,12154.0,-0.1164039924359872,0.03126969975083682,NONE,93.87168864781184,-0.008106775750910228,0
2026-08-11 22:59:00,94.5041443530356,94.67051237947244,94.24984091727444,94.50470395491853,162543,3999,94.40685678315856,94.53409733336922,993936,612620,0.23734995854486243,-1747.0,-0.13420107326851394,-147834.0,93.62715470190383,96.69183159658672,-3.06467689468289,0.06456602666982292,-5931.0,-0.14180328188343472,0.12724055021065794,NONE,93.86961175623682,-0.006720217852697169,0
2026-08-11 23:00:00,95.0079332077127,95.19134870086886,94.79102550070073,94.94105904215344,389754,2193,94.8449297829551,95.04092946451708,1193739,1948460,-0.24018879771777663,-1806.0,0.4363550872349151,227211.0,93.69284991891632,96.67724182529977,-2.9843919063834505,0.08028498829943942,-59.0,0.46172843146841114,0.19599968156197178,NONE,93.94908708799248,-0.010448292489770186,0
2026-08-11 23:01:00,95.3069903428276,95.73902295211704,95.34052828821018,95.41616043044152,361878,1068,95.40072114139689,95.46513727967434,1898105,1556771,0.098797757140922,-1125.0,0.47510138828808124,-27876.0,93.77901544449259,96.66673281367595,-2.8877173691833633,0.09667453720008723,681.0,0.5004171989245965,0.0644161382774513,NONE,94.42432884552848,-0.01039479665120344,0
2026-08-11 23:02:00,95.22271197817643,95.51670715278814,95.11908457900066,95.26142194842387,304446,6679,95.21152913869112,95.33468885814293,1408312,1499601,-0.031393305095441304,5611.0,-0.15473848201764895,-57432.0,93.85313576968915,96.65502188979886,-2.801886120109714,0.08583124907364947,6736.0,-0.16217219527551174,0.12315971945180593,NONE,94.1357931442639,-0.01181620829436503,0
2026-08-11 23:03:00,95.20792860943752,95.19835130454643,94.95038922271638,95.13837483368096,427370,3428,95.11161278923396,95.16481450807808,1449180,1278985,0.06238442322953341,-3251.0,-0.12304711474291707,122924.0,93.91739772288874,96.64238316433122,-2.7249854414424846,0.07690067866722927,-8862.0,-0.1291678333434243,0.053201718844121615,NONE,94.4429373231421,-0.0073097476360575045,0
2026-08-11 23:04:00,95.1426474611135,95.2137692723652,94.67958220154904,95.05773725003918,407311,7200,95.00405620929708,95.12262543618787,1374024,1606571,-0.07802032815595544,3772.0,-0.08063758364177431,-20059.0,93.97441469924627,96.62917778171212,-2.6547630824658484,0.0702223589766362,7023.0,-0.08475821011525442,0.11856922689079852,NONE,94.39146296859305,-0.007009153602021604,0
2026-08-11 23:05:00,94.62979137575282,95.06038608579604,94.38935717606766,94.65918807051924,308851,6396,94.57447211864928,94.73453761667248,868708,630112,0.15918922886003656,-804.0,-0.3985491795199465,-98460.0,94.00865336780991,96.61276120078551,-2.6041078329756004,0.05065524949024791,-4576.0,-0.41927063598369285,0.1600654980232008,NONE,94.3902187290722,-0.00284144991024702,0
2026-08-11 23:06:00,94.38210585798971,94.81997480622329,94.35052396989778,94.38926578317552,259011,7993,94.29371072344864,94.4275686804035,1502987,538250,0.4726237080750545,1597.0,-0.2699222873437179,-49840.0,94.02768398857819,96.59423207230543,-2.566548083727241,0.03755974924835925,2401.0,-0.2851517035436957,0.1338579569548557,NONE,94.60712960469716,0.0023081419239144025,0
2026-08-11 23:07:00,93.94279578797736,94.1632331790032,94.08556865816598,94.09458316264543,167381,4598,94.0275004238348,94.17918390272328,1921672,1282129,0.19962007627814587,-3395.0,-0.2946826205300823,-91630.0,94.03102894728156,96.57340166472493,-2.542372717443371,0.024175366283870403,-4992.0,-0.31219929309229677,0.15168347888848643,NONE,94.28564560584908,0.002030536049810552,0
2026-08-11 23:08:00,93.83598572773116,94.3478820240112,93.8205225580448,93.87168864781184,408854,1573,93.82983713776278,93.93599622987436,677182,1433580,-0.35835304975170107,-3025.0,-0.22289451483359812,241473.0,94.02306193230808,96.55088738958399,-2.5278254572759096,0.014547260167461218,370.0,-0.2368834712284329,0.10615909211158225,NONE,94.416565987576,0.005804490657544716,0
2026-08-11 23:09:00,93.9586500725888,94.03402306516112,93.66436239938812,93.86961175623682,378910,5214,93.8053124553288,93.91463282710215,1509241,1563952,-0.01780265671566999,3641.0,-0.0020768915750153383,-29944.0,94.01538942350452,96.52854342597279,-2.5131540024682693,0.014671454807640316,6666.0,-0.0022124791882793815,0.10932037177335019,NONE,94.48356107481426,0.006540448043737096,0
2026-08-11 23:10:00,94.00660758960314,94.28024395735784,93.48249062946796,93.94908708799248,202416,8636,93.91100697044271,94.00927490339336,897968,1067730,-0.08636219805890834,3422.0,0.0794753317556598,-176494.0,94.01207430672892,96.50704795648963,-2.494973649760709,0.018180352707560132,-219.0,0.08466566577696177,0.09826793295064817,NONE,94.6492148089043,0.007452203556337753,0
2026-08-11 23:11:00,94.4743954176666,94.8002414185068,94.10562760492388,94.42432884552848,112780,2478,94.3324447178536,94.48623732179772,978921,524809,0.3019903839120055,-6158.0,0.47524175753599707,-89636.0,94.03268703366889,96.4896919638983,-2.4570049302294024,0.03796871953130676,-9580.0,0.5058503198555719,0.15379260394411176,NONE,94.75473949738796,0.003499211017957132,0
2026-08-11 23:12:00,94.140770512982,94.54176626158284,93.73488019432614,94.1357931442639,148458,7127,94.04745710258436,94.16069132060636,1802871,1663671,0.04015529019985911,4649.0,-0.2885357012645784,35678.0,94.03784233919865,96.47007614040133,-2.4322338012026847,0.02477112902671763,10807.0,-0.30557347326937156,0.11323421802200073,NONE,95.5109560330743,0.014608289183933946,0
2026-08-11 23:13:00,94.44364363900492,94.91581217425508,94.20975002588985,94.4429373231421,418365,7676,94.38269646561692,94.48918323643014,610282,1156053,-0.30898498869127317,549.0,0.3071441788782039,269907.0,94.05809708839583,96.45318331692417,-2.395086228528342,0.037147572674342655,-4100.0,0.3262777829974972,0.10648677081321978,NONE,95.3401094361542,0.009499621024517294,0
2026-08-11 23:14:00,94.32543085464567,94.54792274260744,94.21062992699552,94.39146296859305,363653,3196,94.3522310662088,94.43237172151478,1458999,1123761,0.12979835524787436,-4480.0,-0.051474354549057466,-54712.0,94.07476538240569,96.43600231402141,-2.3612369316157213,0.03384929691262073,-5029.0,-0.05450312750537867,0.08014065530598202,NONE,95.2021310077762,0.00858836184637683,0
2026-08-11 23:15:00,94.46010157109244,94.81947195634795,94.33601854271387,94.3902187290722,451637,9166,94.35381365826971,94.43629997410432,721538,1643345,-0.38978968515567153,5970.0,-0.0012442395208438484,87984.0,94.09053804973901,96.41895411748015,-2.328416067741145,0.03282086387457639,10450.0,-0.0013181695480812827,0.08248631583460053,NONE,95.03735097239678,0.00685592481973199,0
2026-08-11 23:16:00,94.6492268991361,94.67297305641527,94.16916309360406,94.60712960469716,478994,9846,94.59412198517371,94.68562955766085,691958,967375,-0.16598054760557404,680.0,0.21691087562496136,27357.0,94.11636762748691,96.40385557987364,-2.2874879523867264,0.04092811535441854,-5290.0,0.22980228094138244,0.09150757248713148,NONE,94.8937074784893,0.0030291361231396235,0
2026-08-11 23:17:00,94.33484749064834,94.63816605902586,93.89406559133512,94.28564560584908,277946,7050,94.2022217292568,94.33907406252106,832703,1098998,-0.1378551856627915,-2796.0,-0.32148399884808043,-201048.0,94.12483152640502,96.3862038300901,-2.2613723036850786,0.026115648701647842,-3476.0,-0.3398094839060839,0.13685233326425816,NONE,94.72632440720882,0.004673869479580675,0
2026-08-11 23:18:00,94.36396250330924,94.787554852333,94.33250693877714,94.416565987576,131533,5650,94.36603149840248,94.51119444136754,1759489,1297784,0.1510185711253133,-1400.0,0.13092038172692355,-146413.0,94.13941824946356,96.36979018140248,-2.230371931938919,0.03100037174615977,1396.0,0.13885505146162824,0.14516294296505805,NONE,95.10769161594176,0.0073199615039663355,0
2026-08-11 23:19:00,94.26822678282714,94.82242269541491,94.22743079287612,94.48356107481426,470288,9484,94.44429911125825,94.51999195201653,1957938,1731844,0.06127570680327456,3834.0,0.06699508723825431,338755.0,94.1566253907311,96.35407160551425,-2.197446214783156,0.03292571715576287,5234.0,0.0709569200462834,0.07569284075827909,NONE,95.55932993204206,0.011385778065413743,0
2026-08-11 23:20:00,94.75893008007968,94.77537217697189,94.40552740494368,94.6492148089043,484546,5526,94.59681487695453,94.69662813094996,1271393,1750714,-0.15860490710620107,-3958.0,0.1656537340900428,14258.0,94.18125486163976,96.33986446554249,-2.1586096039027325,0.03883661088042345,-7792.0,0.17532545577836345,0.0998132539954355,NONE,95.41441334091353,0.00808457348065855,0
2026-08-11 23:21:00,94.70685575178712,95.19126107089558,94.4421937210447,94.75473949738796,440611,5412,94.67105307824706,94.83556561033107,1734491,1601652,0.039818137292076505,-114.0,0.10552468848365493,-43935.0,94.20992909342718,96.32665509080788,-2.1167259973806978,0.04188360652203471,3844.0,0.11149029465982174,0.16451253208401795,NONE,95.19182953824614,0.004612856762381046,0
2026-08-11 23:22:00,95.42467845666998,95.59538526475949,95.03786258607866,95.5109560330743,363503,6443,95.48974075438062,95.57009824647317,1800338,785498,0.39246108415228187,1031.0,0.7562165356863346,-77108.0,94.27498044040954,96.31985759866009,-2.044877158250557,0.07184883913014062,1145.0,0.7980777950502116,0.08035749209254561,NONE,95.36118781848614,-0.0015680736620025757,0
2026-08-11 23:23:00,95.4094573273456,95.36692683191464,95.05022371527296,95.3401094361542,219119,9787,95.25292039721243,95.3993419693324,1101025,1158672,-0.025510942396259322,3344.0,-0.17084659692010007,-144384.0,94.32823689019676,96.3116930306392,-1.983456140442442,0.06142101780811515,2313.0,-0.17887643890920346,0.1464215721199622,NONE,95.22426029005628,-0.0012151144652869832,0
2026-08-11 23:24:00,95.16292974378428,95.56086350308216,94.93202237438688,95.2021310077762,321140,3593,95.11135521261644,95.21693162244668,1631022,1856553,-0.06466699640867939,-6194.0,-0.13797842837799124,102021.0,94.37193159607573,96.30244668044868,-1.9305150843729564,0.052941056069485626,-9538.0,-0.1447223306056622,0.10557640983023475,NONE,95.44367987580053,0.0025372212309469665,0
2026-08-11 23:25:00,95.14334461080144,95.27508883001316,95.01218950592944,95.03735097239678,382488,7852,94.94214726004373,95.08322494204144,1637143,862136,0.31009223059930485,4259.0,-0.16478003537942243,61348.0,94.40520256489178,96.29190421621492,-1.8867016513231363,0.043813433049820105,10453.0,-0.1730843980435326,0.14107768199771442,NONE,95.53489221954284,0.005235217964888026,0
2026-08-11 23:26:00,94.95540807344696,95.31825648846863,94.8622537404803,94.8937074784893,480643,7629,94.84793355917128,94.92807351440726,1310068,658264,0.331145355559936,-223.0,-0.14364349390747577,98155.0,94.42962781057165,96.28025257673387,-1.8506247661622268,0.036076885160909455,-4482.0,-0.15114425269407983,0.08013995523597828,NONE,95.11129441951552,0.002292954367659577,0
2026-08-11 23:27:00,94.79468133952886,94.91802297773796,94.63265101154542,94.72632440720882,431922,4869,94.69678177084543,94.82626456826362,1893570,1649302,0.06894632377348095,-2760.0,-0.1673830712804829,-48721.0,94.4444626404035,96.26730317532116,-1.8228405349176597,0.02778423124456708,-2537.0,-0.17639006392328183,0.12948279741819135,NONE,95.6074558706577,0.009301864808572953,0
2026-08-11 23:28:00,94.97109604482168,95.1918309101956,95.09145623009589,95.10769161594176,382745,8971,95.06406394227974,95.14544357229866,682506,589199,0.07337157595511537,4102.0,0.3813672087329394,-49177.0,94.47762408918041,96.25763974565966,-1.7800156564792502,0.04282487843840954,6862.0,0.402598972481516,0.08137963001891535,NONE,96.17890783924425,0.011263192335991157,0
2026-08-11 23:29:00,95.6805243305807,95.977551028277,95.18765348425704,95.55932993204206,345840,8822,95.51936784338125,95.6489346201735,1632442,881339,0.2987941272529309,-149.0,0.4516383161003006,-36905.0,94.5317093813235,96.25182049721285,-1.7201111158893525,0.05990454058989769,-4251.0,0.47487044257585875,0.12956677679225947,NONE,96.02853285568314,0.0049100692101415495,0
2026-08-11 23:30:00,95.4405383940369,95.68886815673356,95.05274818891654,95.41441334091353,288057,3989,95.38855948878827,95.48527437706716,562726,1530412,-0.46231352161204853,-4833.0,-0.14491659112853483,-57783.0,94.575844579303,96.24484210424369,-1.6689975249406928,0.05111359094865975,-4684.0,-0.15165090758965105,0.09671488827888197,NONE,95.9464510116286,0.005576072336305329,0
2026-08-11 23:31:00,95.15490182432151,95.28642743444132,95.12380142103032,95.19182953824614,463157,8062,95.127175537937,95.23251201507344,1367333,668561,0.34322612080982606,4073.0,-0.22258380266738698,175100.0,94.60664382725015,96.23606699952704,-1.629423172276887,0.03957435266380571,8906.0,-0.23328111013175556,0.1053364771364329,NONE,96.0672001599945,0.009195858783202119,0
2026-08-11 23:32:00,95.37552666522036,95.72137981777936,94.9431483680885,95.36118781848614,348182,6340,95.30829164404037,95.4201059125398,1165468,1799707,-0.2138959757855776,-1722.0,0.16935828024000443,-114975.0,94.64437102681195,96.22877633968503,-1.5844053128730735,0.04501785940381353,-5795.0,0.17791262239787997,0.11181426849942966,NONE,96.20328140679035,0.008830569412653288,0
2026-08-11 23:33:00,95.04663676676644,95.47981710930102,95.14686727263322,95.22426029005628,392926,4823,95.13634720074712,95.3099085192517,1093184,1918227,-0.2739722342782171,-1517.0,-0.13692752842986522,44744.0,94.67336548997416,96.22040537260479,-1.547039882630628,0.03736543024244554,205.0,-0.1435883209534916,0.17356131850458212,NONE,96.43733721413037,0.012739158281503208,0
2026-08-11 23:34:00,95.4845451569486,95.74583636692068,95.29309208230184,95.44367987580053,211095,4932,95.43079001355714,95.5331830226233,673625,1052561,-0.21952211407113717,109.0,0.21941958574424802,-181831.0,94.71188120926548,96.2139326601314,-1.5020514508659204,0.04498843176470757,1626.0,0.23042403802968625,0.10239300906616222,NONE,97.0776329209143,0.017119552046191113,0
2026-08-11 23:35:00,95.43195506872462,95.76534138864612,95.41040376996214,95.53489221954284,459267,9554,95.46694410606288,95.55932766829338,1269680,1053761,0.09293070062893785,4622.0,0.09121234374231335,248172.0,94.75303175977936,96.20827398979317,-1.455242230013809,0.046809220852111366,4513.0,0.09556666702394967,0.09238356223049493,NONE,97.06251828926048,0.015990242247901406,0
2026-08-11 23:36:00,94.97602739093116,95.52564891142453,94.925140870229,95.11129441951552,406602,3429,95.03262902044948,95.15185600222424,1862797,1085698,0.26355784900432255,-6125.0,-0.4235978000273235,-52665.0,94.77094489276617,96.1991324933742,-1.4281876006080267,0.027054629405782293,-10747.0,-0.4433959050834324,0.11922698177475866,NONE,96.86172708488492,0.018404046291796,0
2026-08-11 23:37:00,95.45521995203592,96.02223722849922,95.48012398771272,95.6074558706577,486369,8444,95.52910207943076,95.64762595687692,503625,906895,-0.2859016532909849,5015.0,0.4961614511421857,79767.0,94.81277044166075,96.19420185485156,-1.3814314131908105,0.04675618741721621,11140.0,0.521664071728134,0.11852387744616522,NONE,96.48735082913932,0.009203204399372136,0
2026-08-11 23:38:00,96.29017667674324,96.53360225015642,95.934432376025,96.17890783924425,239152,8147,96.08916118220564,96.19269187089108,1586813,855125,0.2996341430454008,-297.0,0.571451968586544,-247217.0,94.88107731153993,96.1940744047215,-1.312997093181579,0.06843432000923144,-5312.0,0.5977064899202356,0.10353068868543858,NONE,96.30820585632584,0.0013443489844749226,0
2026-08-11 23:39:00,95.96560651631384,96.08123354438138,95.8248289150058,96.02853285568314,265029,8631,95.95291981882848,96.0923742540698,501223,545310,-0.04212671745659239,484.0,-0.15037498356110746,25877.0,94.93845008874709,96.19269489181286,-1.2542448030657738,0.058752290115805295,781.0,-0.15634923180085636,0.13945443524131917,NONE,96.339109185786,0.003234208842590697,0
2026-08-11 23:40:00,96.09982378262023,96.36587794258062,95.45316626623894,95.9464510116286,458332,4598,95.8529481060803,96.0333848163979,690375,691755,-0.0009984589003928718,-4033.0,-0.08208184405454233,193303.0,94.98885013489117,96.19064285947799,-1.2017927245868236,0.05245207847895017,-4517.0,-0.08547651579546844,0.18043671031759345,NONE,96.91901807803691,0.010136561135444633,0
2026-08-11 23:41:00,96.01362001368926,96.40270665026097,96.03923698493038,96.0672001599945,326952,5329,96.02726106601062,96.1115418548988,565197,1923485,-0.5457860827538432,731.0,0.12074914836590267,-131380.0,95.04276763614632,96.18961417031564,-1.1468465341693133,0.054946190417510365,4764.0,0.1258505625719053,0.08428078888817936,NONE,96.80596893848654,0.007690125008969417,0
2026-08-11 23:42:00,96.03254561103108,96.55179348979252,96.13219071859668,96.20328140679035,221292,7718,96.14799255928271,96.27988464183896,1785062,1836712,-0.014260967139307974,2389.0,0.13608124679585387,-105660.0,95.10079332467852,96.18972806395293,-1.088934739274407,0.057911794894906166,1658.0,0.1416521420101846,0.13189208255624862,NONE,96.91602477288278,0.007408721986089318,0
2026-08-11 23:43:00,96.32568477013548,96.61882863433227,96.41092426717606,96.43733721413037,190570,9218,96.4260700444349,96.50383025135442,1885413,1578009,0.08875730419221221,1500.0,0.2340558073400132,-30722.0,95.16762051915111,96.19179147353773,-1.0241709543866193,0.06476378488778778,-889.0,0.2432929562457664,0.07776020691952112,NONE,96.95469491151506,0.005364703260480434,0
2026-08-11 23:44:00,97.201214082915,97.5172726989928,96.76471232342313,97.0776329209143,223791,1092,97.067006738057,97.12144130710868,1848480,969790,0.31178347000109996,-8126.0,0.640295706783931,33221.0,95.26312113923927,96.1991734855992,-0.9360523463599293,0.08811860802669003,-9626.0,0.6639500065853232,0.054434569051679205,NONE,97.35547969874472,0.0028621091127836924,0
2026-08-11 23:45:00,97.0469284714668,97.42520408937791,97.03526365055362,97.06251828926048,487435,9500,97.03090689341984,97.0852136712148,1937912,1462524,0.13980207244012238,8408.0,-0.01511463165381599,263644.0,95.35309099674033,96.20636802562971,-0.8532770288893801,0.08277531747054923,16534.0,-0.015569633497480861,0.05430677779496307,NONE,98.1584881494024,0.011291380848740915,0
2026-08-11 23:46:00,96.80689835523586,96.91802231814953,96.44350721619686,96.86172708488492,460519,1051,96.8426544371424,96.93556623163477,1999758,1165130,0.2637148613157875,-8449.0,-0.20079120437556242,-26916.0,95.42852280114757,96.2118293511235,-0.7833065499759329,0.06997047891344721,-16857.0,-0.20686791143949002,0.09291179449236608,NONE,98.04481016025198,0.012214143924258843,0
2026-08-11 23:47:00,96.5033526517246,96.6912398463424,96.23138151379835,96.48735082913932,138314,1318,96.4539318060251,96.57426169434405,1839744,831429,0.3774802305953227,267.0,-0.3743762557456023,-322205.0,95.48146420254716,96.21412536344029,-0.7326611608931302,0.050645389082802694,8716.0,-0.38650586460998726,0.12032988831894897,NONE,97.94420677577612,0.01509893197520389,0
2026-08-11 23:48:00,96.35838412994258,96.7513960373059,96.04470204403506,96.30820585632584,332061,6688,96.28227195981827,96.37993276064196,1309634,1396553,-0.0321186229924244,5370.0,-0.17914497281347508,193747.0,95.5228012852361,96.21490936754766,-0.6921080823115631,0.04055307858156709,5103.0,-0.1856667959831415,0.09766080082368944,NONE,98.30432106349284,0.020726325336647134,0
2026-08-11 23:49:00,96.45084906737624,96.36270753663467,96.0583119319299,96.339109185786,305993,8018,96.3265423835505,96.35071824934911,1405846,884891,0.22741807549273443,1330.0,0.030903329460159057,-26068.0,95.56361668026359,96.21594436603299,-0.6523276857693929,0.03978039654217014,-4040.0,0.03208795053897262,0.024175865798611085,NONE,98.55638376855906,0.023015311242884084,0
2026-08-11 23:50:00,97.06386800102622,97.39972638785795,96.83361122488382,96.91901807803691,471024,8210,96.82718070486038,96.94847903853211,1600100,928487,0.2656080253517083,192.0,0.5799088922509128,165031.0,95.63138675015226,96.22180331363302,-0.5904165634807583,0.0619111222886346,-1138.0,0.601945458238129,0.12129833367173148,NONE,99.1585120032951,0.023106857350277735,0
2026-08-11 23:51:00,96.76999207390764,97.14555022264632,96.7071237869293,96.80596893848654,462470,4956,96.79522885666154,96.82222213712606,1977859,1753039,0.06025895106218396,-3254.0,-0.11304913955036966,-8554.0,95.69011585956898,96.2266713605068,-0.5365555009378227,0.053861062542935656,-3446.0,-0.1166428857743318,0.02699328046452365,NONE,99.38241870949328,0.026614575519035302,0
2026-08-11 23:52:00,96.78342000427456,97.23171276170449,96.75661611144628,96.91602477288278,246903,7057,96.83977737989244,96.97735952184463,902576,1264993,-0.16719975234929085,2101.0,0.11005583439623479,-215567.0,95.75141130523467,96.2324159722766,-0.4810046670419297,0.05555083389589299,5355.0,0.113687033561094,0.1375821419521941,NONE,99.32396287220924,0.024845613560495538,0
2026-08-11 23:53:00,96.91334839540274,97.08997453975906,96.65794670360414,96.95469491151506,483170,7875,96.9310016016923,97.0327779026107,860372,523439,0.24348194948587631,818.0,0.03867013863228408,236267.0,95.81157548554869,96.23843496343693,-0.4268594778882431,0.0541451891536866,-1283.0,0.039900665264491764,0.10177630091840228,NONE,99.55108586904991,0.026779424760239066,0
2026-08-11 23:54:00,97.381507749403,97.4798755931143,97.2504208107746,97.35547969874472,424595,5431,97.26337903276476,97.37543182558088,1653331,1906546,-0.07113026657943519,-2444.0,0.4007847872296537,-58575.0,95.88877069620848,96.24774366956449,-0.3589729733560034,0.06788650453223966,-3262.0,0.413373264281236,0.11205279281611524,NONE,99.93420936099348,0.026487771106755806,0
2026-08-11 23:55:00,98.06211225678136,98.6295172591467,98.10032228583576,98.1584881494024,145708,2525,98.06813651483932,98.2439385532558,778137,904317,-0.07499759280194288,-2906.0,0.8030084506576856,-278887.0,96.00225656886819,96.2636665402298,-0.2614099713616156,0.09756300199438783,-462.0,0.824821009708443,0.175802038416478,NONE,100.23144331141984,0.021118450386708166,0
2026-08-11 23:56:00,97.94909506876247,98.19394638736904,97.55975171704276,98.04481016025198,379826,8043,97.97595905707875,98.10480596830756,1337991,1117064,0.08998861532633688,5518.0,-0.1136779891504176,234118.0,96.10438424843737,96.27850940372998,-0.1741251552926144,0.08728481606900118,8424.0,-0.11581065610688501,0.12884691122880554,NONE,100.43528260058883,0.02438142759856109,0
2026-08-11 23:57:00,97.9785855639311,98.33195942413562,97.9332158683713,97.94420677577612,464550,2278,97.87370570229407,98.01630398686888,783392,1237679,-0.22477537899460237,-5765.0,-0.10060338447586048,84724.0,96.19637537480432,96.2923902151637,-0.09601484035938768,0.07811031493322673,-11283.0,-0.10260959688883631,0.1425982845748024,NONE,100.80750067547072,0.029233928110210146,0
2026-08-11 23:58:00,98.2994558283358,98.50088196259638,97.90297236082482,98.30432106349284,266866,9705,98.29384054071556,98.4017472298676,1987644,1986709,0.0002352584181626544,7427.0,0.36011428771671206,-197684.0,96.30177265923875,96.30915630556645,-0.0073836463276961695,0.08863119403169151,13192.0,0.3676728819103303,0.10790668915203128,NONE,101.21105431374087,0.029568723112086154,0
2026-08-11 23:59:00,98.5596634681002,98.62601080395142,98.16236619377156,98.55638376855906,421516,7125,98.45774532760883,98.57391505750137,1422531,854489,0.24946728618984462,-2580.0,0.25206270506622275,154650.0,96.41450321470477,96.32788320109138,0.08662001361338412,0.09400365994108029,-10007.0,0.2564106056980098,0.11616972989253327,BUY,101.679006872502,0.03168362093394,1
2026-08-12 00:00:00,99.0826624698251,99.16386965214278,99.00990494637256,99.1585120032951,139477,8874,99.06950706897328,99.2496221653631,1814980,1399355,0.12930357290077107,1749.0,0.6021282347360426,-282039.0,96.55170365413429,96.35147177444308,0.20023187969120215,0.11361186607781804,4329.0,0.610947978925469,0.1801150963898266,NONE,101.9274551116152,0.027924411655431938,0
2026-08-12 00:01:00,99.35937863807268,99.65454737800088,99.31460540148962,99.38241870949328,269809,7900,99.29185914917755,99.40376795213211,509012,1369891,-0.4581817156074582,-974.0,0.22390670619817854,130332.0,96.69323940690224,96.37672966556849,0.3165097413337463,0.11627786164254417,-2723.0,0.2258068436835181,0.1119088029545594,NONE,101.93167578839618,0.025650986482374526,0
2026-08-12 00:02:00,99.23153955778244,99.81185228148372,99.25114854885652,99.32396287220924,233692,3500,99.25463086387468,99.36932916480656,1574399,744361,0.35796632682985735,-4400.0,-0.058455837284043355,-36117.0,96.8247755801676,96.4012899422905,0.4234856378770928,0.1069758965433465,-3426.0,-0.058819092997641764,0.11469830093187738,NONE,102.03055714718136,0.027250163975579972,0
2026-08-12 00:03:00,99.6401057101624,99.73565396595453,99.20237006043132,99.55108586904991,334241,4464,99.51005504547102,99.63771535171972,1595603,1235922,0.12702730860578662,964.0,0.22712299684067716,100549.0,96.96109109461172,96.42753824168017,0.5335528529315496,0.11006721505445682,5364.0,0.22866888339210245,0.12766030624869984,NONE,102.44787847491622,0.02909855357757491,0
2026-08-12 00:04:00,100.03773429446586,100.11280552799002,99.6128060654504,99.93420936099348,353105,3259,99.84378098257535,100.0257722422999,1757815,1982988,-0.060193760537510264,-1205.0,0.38312349194356443,18864.0,97.1097470079308,96.45676050100778,0.6529865069230283,0.11943365399147865,-2169.0,0.3848511431080892,0.18199125972454055,NONE,102.25865794002485,0.023259788553834822,0
2026-08-12 00:05:00,100.04682452519604,100.40348912034456,99.84007047429417,100.23144331141984,266129,8496,100.19520678788624,100.28701676203892,845938,1178929,-0.16445080096618692,5237.0,0.29723395042636014,-86976.0,97.26583182310526,96.48821619109455,0.7776156320107077,0.12462912508767943,6442.0,0.2974296312813651,0.09180997415268166,NONE,102.42560168391104,0.021890918657870025,0
2026-08-12 00:06:00,100.3423315145696,100.69555451924128,99.96654201438928,100.43528260058883,310462,3659,100.37463856168804,100.49875201803364,1311531,1406030,-0.03477346046694076,-4837.0,0.20383928916899663,44333.0,97.42430436197944,96.52110841117367,0.9031959508057668,0.12558031879505904,-10074.0,0.20336860613257013,0.12411345634559723,NONE,102.36441334672568,0.019207699686659106,0
2026-08-12 00:07:00,100.65784774996172,101.02783311718288,100.46153699383744,100.80750067547072,153024,1255,100.78852488795977,100.8812339355846,1323424,1197247,0.05005690944990441,-2404.0,0.37221807488188574,-157438.0,97.593464177654,96.55682834670948,1.036635830944519,0.1334398801387522,2433.0,0.37060489625158066,0.09270904762483667,NONE,102.43031154193382,0.016098116267036597,0
2026-08-12 00:08:00,101.1460519203002,101.6510116271044,101.13312854546515,101.21105431374087,275183,2502,101.11807830702894,101.29600259390163,1406374,1438397,-0.011256793604827946,1247.0,0.40355363827015367,122159.0,97.77434368445833,96.5956135631014,1.178730121356935,0.14209429041241606,3651.0,0.4003210431427151,0.17792428687269535,NONE,102.8715730952425,0.016406496234632965,0
2026-08-12 00:09:00,101.67066307552297,101.93176726836371,101.55728556411928,101.679006872502,255146,5656,101.65633753130258,101.69994287776038,1514416,1374403,0.04846721099521985,3154.0,0.4679525587611266,-20037.0,97.96957684386051,96.63797517401306,1.3316016698474442,0.1528715484905092,1907.0,0.46235321026351084,0.043605346457795235,NONE,102.98706978043026,0.012864631039998993,0
2026-08-12 00:10:00,101.78249058964532,102.18133403070948,101.50635824617864,101.9274551116152,117824,6430,101.89721439909944,102.01036134935582,1690625,948520,0.28119144647224764,774.0,0.2484482391132019,-137322.0,98.16747075724825,96.68205417349309,1.4854165837551676,0.1538149139077234,-2380.0,0.24434565871078728,0.11314695025637889,NONE,103.05959832547256,0.011107343086488454,0
2026-08-12 00:11:00,101.83948980708364,102.00086158575644,101.82702275047907,101.93167578839618,493981,9598,101.87144371416464,101.98499064194222,1473738,1671875,-0.06298835870782579,3168.0,0.004220676780974486,376157.0,98.35568100880565,96.72580102028392,1.6298799885217221,0.1444634047665545,2394.0,0.004140863495849523,0.11354692777757691,NONE,102.71065924849104,0.007642211845040054,0
2026-08-12 00:12:00,101.93016140997322,102.52192691763656,101.99429598870412,102.03055714718136,459295,4176,101.9517887771622,102.08111325544112,1202736,995644,0.09420209426941657,-5422.0,0.09888135878517801,-34686.0,98.53942481572443,96.77000732134141,1.7694174943830205,0.13953750586129843,-8590.0,0.09700748861467545,0.12932447827893157,NONE,102.99396276243404,0.009442324360367339,0
2026-08-12 00:13:00,102.46860520785611,102.57286492035064,102.0962384478951,102.44787847491622,148926,2860,102.38213685738197,102.49602945259596,1557794,925615,0.2545609684107612,-1316.0,0.41732132773486796,-310369.0,98.73484749868402,96.81732291428786,1.917524584396162,0.14810709001314137,4106.0,0.4090160236338569,0.11389259521399708,NONE,103.24743456091085,0.00780451579766379,0
2026-08-12 00:14:00,102.26559237372848,102.29533997375464,102.05739476227976,102.25865794002485,267932,7158,102.22776588787283,102.314486982697,1832508,1272443,0.18037804783392716,4298.0,-0.18922053489137625,119006.0,98.91103802075106,96.86266737283566,2.048370647915405,0.13084606351924322,5614.0,-0.18469931999393063,0.08672109482417056,NONE,103.95662597216928,0.01660463833918392,0
2026-08-12 00:15:00,102.3534279285773,102.75717480839864,101.96558165763808,102.42560168391104,375119,6806,102.41551681008356,102.52065623371654,1569077,1925399,-0.10196721911954754,-352.0,0.16694374388619337,107187.0,99.08676620390906,96.9090251587613,2.1777410451477692,0.1293703972323641,-4650.0,0.1632563415648436,0.10513942363297701,NONE,103.92488522706616,0.014637781165122727,0
2026-08-12 00:16:00,102.3820954339396,102.66209653180412,102.03928581117884,102.36441334672568,437021,5354,102.286269794498,102.42375168627696,1233349,1467035,-0.08653806273478143,-1452.0,-0.061188337185356545,61902.0,99.2506485610499,96.95448672699435,2.296161834055553,0.11842078890778396,-1100.0,-0.05973929972525882,0.13748189177896109,NONE,104.05158999560696,0.016482062405481897,0
2026-08-12 00:17:00,102.3756435334751,102.6378843689302,102.38510205303798,102.43031154193382,324749,1722,102.33164288260184,102.5260975203775,1128021,580570,0.3204107946255131,-3632.0,0.06589819520813478,-112272.0,99.40963171009409,97.00011860045217,2.409513109641921,0.1133512755863677,-2180.0,0.06437607861329298,0.19445463777566374,NONE,104.18772086424276,0.01715712171381497,0
2026-08-12 00:18:00,102.84440758420988,103.08266921218284,102.39764481161566,102.8715730952425,440014,8579,102.78868091441495,102.8977992069979,777354,1820162,-0.40146355210131524,6857.0,0.4412615533086779,115265.0,99.58272877935151,97.04904738790876,2.533681391442755,0.12416828180083428,10489.0,0.43079196642688,0.10911829258294858,NONE,104.7226177900084,0.017993743451868226,0
2026-08-12 00:19:00,103.15441498946012,103.37960174095348,102.85779114861012,102.98706978043026,345453,1613,102.93565118479616,103.0622420185252,1677052,818581,0.34398928047513394,-6966.0,0.11549668518776457,-94561.0,99.75294582940543,97.09853090784644,2.6544149215589954,0.12073353011624022,-13823.0,0.11227269274947105,0.1265908337290398,NONE,104.75602427402998,0.01717647173932762,0
2026-08-12 00:20:00,103.1936444306516,103.15745464552238,102.8909920802694,103.05959832547256,181371,4331,102.96825927194664,103.14269988394732,1200849,840323,0.17662695745385495,2718.0,0.072528545042303,-164082.0,99.91827845420879,97.14820646966,2.7700719845487924,0.11565706298979705,9684.0,0.07042490401651946,0.17444061200068006,NONE,104.90204904149482,0.017877526654078466,0
2026-08-12 00:21:00,102.5807011247983,103.1207859079635,102.50952904164927,102.71065924849104,257620,6790,102.6637729579104,102.7817808433112,723989,1452573,-0.33474075169923945,2459.0,-0.34893907698152304,76249.0,100.05789749392291,97.1945602428169,2.863337251106003,0.09326526655721068,-259.0,-0.3385798922673211,0.1180078854008002,NONE,105.147048376707,0.023720898551741677,0
2026-08-12 00:22:00,103.07693600422196,103.31833631938154,102.96835061423188,102.99396276243404,463114,4116,102.93671869485212,103.05858576765442,1350153,1193920,0.06141058059261664,-2674.0,0.2833035139429967,205494.0,100.20470075734846,97.24288859714706,2.9618121602014043,0.09847490909540113,-5133.0,0.2758267895619282,0.1218670728023028,NONE,105.26596241952922,0.02205954209506217,0
2026-08-12 00:23:00,103.32857421636,103.4569194478006,102.99917684979552,103.24743456091085,198066,1330,103.19449288184522,103.3082677112086,988260,1999862,-0.3385410635844186,-2786.0,0.25347179847680934,-265048.0,100.35683744752657,97.29292648017844,3.0639109673481357,0.10209880714673147,-112.0,0.2461035498376507,0.11377482936337913,NONE,105.19525336206397,0.018865541884278032,0
2026-08-12 00:24:00,103.841799643294,104.1856402804612,103.89496672663164,103.95662597216928,269808,3212,103.90633982362938,104.04410971560137,1984445,935643,0.35916794288391307,1882.0,0.7091914112584305,71742.0,100.53682687375871,97.34845730927834,3.188369564480368,0.12445859713223228,4668.0,0.68688526187064,0.13776989197198475,NONE,105.31697985373052,0.013085783314335585,0
2026-08-12 00:25:00,104.00676299144166,104.05320883065922,103.724400063722,103.92488522706616,161562,6493,103.84511805782972,104.00883342081096,979894,1412040,-0.18066802846566837,3281.0,-0.031740745103121526,-108246.0,100.70622979142408,97.40326087525992,3.3029689161641613,0.11459935168379332,1399.0,-0.030532681112238613,0.163715362981236,NONE,105.70283603568468,0.017108037259159548,0
2026-08-12 00:26:00,104.20538318744823,104.42764716195546,103.87623510161092,104.05158999560696,402553,8232,103.99418079395272,104.07259598051324,1720598,1478000,0.07584510463646885,1739.0,0.12670476854080448,240991.0,100.87349780163322,97.45866361792947,3.4148341837037464,0.11186526753958503,-1542.0,0.12191956552463079,0.0784151865605196,NONE,105.45890391480036,0.013525155350848705,0
2026-08-12 00:27:00,104.07546638361832,104.4441582353954,103.80130082252953,104.18772086424276,371978,6614,104.14921632326048,104.27409375337554,696983,1097040,-0.2229943540300208,-1618.0,0.13613086863580293,-30575.0,101.0392089547637,97.51473909498209,3.524469859781604,0.10963567607785762,-3357.0,0.13083016669090952,0.12487743011506325,NONE,105.56306170113211,0.01320060392415559,0
2026-08-12 00:28:00,104.63086750790696,104.88304506138331,104.32103253419204,104.7226177900084,202192,6913,104.68938355491912,104.76988396575804,851477,1756896,-0.347120216318755,299.0,0.5348969257656364,-169786.0,101.22337939652593,97.57480475077396,3.648574645751964,0.1241047859703599,1917.0,0.5133972807242815,0.08050041083892268,NONE,105.4175253155838,0.006635696664581504,0
2026-08-12 00:29:00,104.85779042071434,105.05404933191046,104.67931783283544,104.75602427402998,100840,6913,104.74262701550292,104.7888569887296,1831502,701513,0.44610434600663634,0.0,0.03340648402158308,-101352.0,101.40001164040113,97.63464824680109,3.7653633936000404,0.11678874784807647,-299.0,0.03189997034696024,0.04622997322668709,NONE,105.84076065626492,0.010354883069993074,0
2026-08-12 00:30:00,104.9291985725774,105.39991626752048,104.7187734478052,104.90204904149482,310481,6611,104.83956147692534,104.99032821261608,1009590,866447,0.0763007339407485,-302.0,0.14602476746483717,209641.0,101.57511351045582,97.6952099200902,3.8799035903656147,0.11454019676557436,-302.0,0.13939510255072118,0.15076673569073762,NONE,105.44873590869982,0.005211403134639922,0
2026-08-12 00:31:00,105.20219600423094,105.36467951653526,104.96037179619108,105.147048376707,131568,1319,105.11635184932088,105.19593060867405,1586356,1707578,-0.03680158740278342,-5292.0,0.2449993352121851,-178913.0,101.75371025376839,97.75730857389534,3.9964016798730455,0.11649808950743079,-4990.0,0.2335505716530628,0.0795787593531685,NONE,105.3461890916732,0.0018939258689672,0
2026-08-12 00:32:00,105.30002134116928,105.72630811991851,105.19025719756118,105.26596241952922,372990,9085,105.24263036654774,105.34871524164512,1448244,1244402,0.07570323020553017,7766.0,0.11891404282221174,241422.0,101.92932286205642,97.81988068927562,4.109442172780803,0.11304049290775708,13058.0,0.11309308692735165,0.1060848750973804,NONE,105.52466921073066,0.002457649037306019,0
2026-08-12 00:33:00,105.23432295415678,105.36776178202624,104.79602660953836,105.19525336206397,236971,5200,105.12640866531947,105.22895968714,1282734,1926007,-0.20047520195615665,-3885.0,-0.07070905746525113,-136019.0,102.0926193870568,97.88134212821552,4.211277258841278,0.10183508606047553,-11651.0,-0.06717181493429702,0.10255102182053122,NONE,106.0598181682646,0.008218667464252875,0
2026-08-12 00:34:00,105.18433264089944,105.34434620719304,104.96336568956282,105.31697985373052,186038,5791,105.2456710205266,105.32733349265852,1024338,1293720,-0.11621020699223229,591.0,0.12172649166654992,-50933.0,102.25383741039049,97.94330577592815,4.310531634462336,0.09925437562105799,4476.0,0.11571481390666438,0.08166247213192435,NONE,106.10574837258778,0.007489471497879531,0
2026-08-12 00:35:00,105.80756780634682,105.8049570888689,105.60764514253616,105.70283603568468,297173,1329,105.62514209538148,105.75742736304596,1424094,1658146,-0.07593568313953489,-4462.0,0.3858561819541677,111135.0,102.42628734165521,98.00796852809279,4.418318813562422,0.10778717910008595,-5053.0,0.3663760416317219,0.13228526766448567,NONE,106.00499564365111,0.0028585761678563025,0
2026-08-12 00:36:00,105.57586291404316,105.6682514864642,105.27554296050349,105.45890391480036,229789,9851,105.4035819941299,105.47792445789824,1064493,1381979,-0.12977299556258973,8522.0,-0.24393212088432392,-67384.0,102.57791817031247,98.07005965631535,4.507858513997121,0.08953970043469894,12984.0,-0.23077159519350188,0.07434246376834608,NONE,106.63529002549514,0.011154924496893825,0
2026-08-12 00:37:00,105.54012262672532,105.6728791654294,105.51015918870388,105.56306170113211,469604,7742,105.47259678666376,105.64095553712936,1860466,1022699,0.29057199293137925,-2109.0,0.10415778633175421,239815.0,102.72717534685346,98.13250134002216,4.594674006831298,0.08681549283417667,-10631.0,0.09876623259417183,0.16835875046560034,NONE,106.26696150889164,0.006668050323818693,0
2026-08-12 00:38:00,105.4131776206024,105.41763883469292,105.10342201703726,105.4175253155838,174723,5916,105.32325446777794,105.45237207783003,1168465,1580976,-0.15003449792157753,-1826.0,-0.1455363855483114,-294881.0,102.86169284528997,98.19320987315184,4.668482972138122,0.07380896530682435,283.0,-0.1378667719588833,0.12911761005209144,NONE,105.67351200565014,0.0024283124584835443,0
2026-08-12 00:39:00,105.68764990600934,106.29826142513868,105.7800746939906,105.84076065626492,338755,2793,105.7580972716836,105.89068876445924,1979291,1409041,0.16829814787925151,-3123.0,0.4232353406811171,164032.0,103.0106462358387,98.25693946301112,4.753706772827584,0.08522380068946234,-1297.0,0.40148480000274933,0.13259149277564575,NONE,105.87181347158575,0.0002933918381565953,0
2026-08-12 00:40:00,105.5001613843016,105.87067561431527,104.95576882438736,105.44873590869982,466338,7457,105.38153249531908,105.46656892955804,929857,632639,0.19022000696321784,4664.0,-0.3920247475651024,127583.0,103.13255071948177,98.31687110005852,4.81567961942325,0.06197284659566549,7787.0,-0.37039109047813934,0.08503643423895824,NONE,105.7875873806626,0.003213423746076669,0
2026-08-12 00:41:00,105.40339483584462,105.71733520741668,104.95584805432928,105.3461890916732,473561,9125,105.30885420585,105.38198842403348,1547813,1072166,0.181546111629139,1668.0,-0.10254681702662083,7223.0,103.24323263809133,98.37544874998865,4.867783888102679,0.052104268679428856,-2996.0,-0.0972480287629085,0.07313421818348331,NONE,105.5476889390936,0.0019127397882904027,0
2026-08-12 00:42:00,105.51845010903074,105.60857650855368,105.32954993593869,105.52466921073066,497527,6703,105.42620416778485,105.60500333262394,673104,548850,0.10168467880132967,-2422.0,0.1784801190574683,23966.0,103.3573044667233,98.4350255871615,4.9222788795618015,0.054494991459122843,-4090.0,0.16942247327254023,0.17879916483909142,NONE,105.82673667130636,0.0028625293292554818,0
2026-08-12 00:43:00,106.17225350425166,106.1199999563696,105.77053620212492,106.0598181682646,340822,7170,106.02514591321734,106.08346108033582,800660,1418598,-0.2784435158057333,467.0,0.5351489575339343,-156705.0,103.49243015180036,98.49856552533737,4.993864626462994,0.07158574690119224,2889.0,0.5071316134289461,0.058315167118479394,NONE,105.96647523282552,-0.000880097072116353,0
2026-08-12 00:44:00,106.0723406494898,106.13955074732398,105.65007746447958,106.10574837258778,156888,7644,106.07750924960864,106.1739927330892,849301,1166495,-0.15735421639888164,474.0,0.0459302043231844,-183934.0,103.62309606283972,98.56195871573112,5.061137347108598,0.06727272064560452,7.0,0.0433059429258309,0.09648348348055436,NONE,105.86389568502474,-0.0022793551836021103,0
2026-08-12 00:45:00,106.06145623624047,106.3670102380376,105.7279460034532,106.00499564365111,403760,8420,105.95520177341034,106.09756397040351,1943268,1593689,0.09883608989309171,776.0,-0.1007527289366692,246872.0,103.7421910418803,98.62398402346379,5.118207018416513,0.057069671307914405,302.0,-0.09495501467354783,0.14236219699317587,NONE,105.54648223740966,-0.004325394321818573,0
2026-08-12 00:46:00,106.53332359162592,107.09969400583908,106.54804078229616,106.63529002549514,283206,5155,106.62017437413104,106.70647533387331,619558,558791,0.05156961137999014,-3265.0,0.6302943818440241,-120554.0,103.88684599106105,98.69074490681405,5.196101084247005,0.07789406583049185,-4041.0,0.5945893191324991,0.08630095974227459,NONE,105.87491926895706,-0.007130573343555264,0
2026-08-12 00:47:00,106.2646062938042,106.48222941934814,106.07760983110104,106.26696150889164,368227,9411,106.16889700707117,106.34995346092792,802944,1296116,-0.2349489771612055,4256.0,-0.36832851660349775,85021.0,104.00585176695259,98.75388004516468,5.2519717217879105,0.05587063754090593,7521.0,-0.345409588622525,0.18105645385675473,NONE,106.13668954308704,-0.0012258933910865202,0
2026-08-12 00:48:00,105.65607657985986,105.73308234164816,105.25193957313526,105.67351200565014,243670,3611,105.61055298557268,105.6933194522875,1060076,1379215,-0.13083268867880052,-5800.0,-0.5934495032415015,-124557.0,104.08923477888747,98.8115436448354,5.277691134052077,0.025719412264166408,-10056.0,-0.5584515589935668,0.08276646671481558,NONE,106.1736449171808,0.004732812433676994,0
2026-08-12 00:49:00,105.89434426378986,106.12800988195184,105.54970696359096,105.87181347158575,444620,6691,105.811687783336,105.90437933592597,1669330,639118,0.446279058484315,3080.0,0.19830146593561437,200950.0,104.17836371352239,98.87037922672498,5.307984486797409,0.03029335274533196,8880.0,0.18765484573373126,0.09269155258996875,NONE,106.79433048683222,0.008713528039208078,0
2026-08-12 00:50:00,105.75063468777928,105.96200333439192,105.4622251884957,105.7875873806626,192416,3593,105.71856571547164,105.87809587736426,788384,1029222,-0.13250286365692016,-3098.0,-0.0842260909231527,-252204.0,104.2588248968794,98.92802262800778,5.330802268871622,0.022817782074213255,-6178.0,-0.07955478248774517,0.1595301618926186,NONE,106.53997399293748,0.007112239071749621,0
2026-08-12 00:51:00,105.53454167952644,105.7351014012686,105.11427819624934,105.5476889390936,364724,1095,105.49295681079364,105.62204844431922,1004204,1477060,-0.1905706123975522,-2498.0,-0.23989844156899665,172308.0,104.32326809899011,98.9831865139335,5.340081585056609,0.009279316184986897,600.0,-0.22677371467576535,0.12909163352557584,NONE,106.14894797493108,0.005696562775376631,0
2026-08-12 00:52:00,105.9093413884505,106.1374019833842,105.37975014257508,105.82673667130636,222834,7041,105.81385095476784,105.89429651568032,904138,763498,0.08433495079261902,5946.0,0.27904773221276,-141890.0,104.39844152760593,99.04021609857827,5.358225429027655,0.01814384397104618,8444.0,0.26438071265946217,0.08044556091248012,NONE,106.00795782326573,0.0017124325823466415,0
2026-08-12 00:53:00,105.92279880910168,106.32583428945662,105.5065789469358,105.96647523282552,212148,6063,105.90136721682988,106.03621423907649,1350630,1129065,0.08935171462619394,-978.0,0.13973856151915243,-10686.0,104.4768432128669,99.097934924697,5.378908288169896,0.020682859142240773,-6924.0,0.13204466651293156,0.1348470222466034,NONE,106.0608031712158,0.0008901677458179611,0
2026-08-12 00:54:00,105.70323797495088,105.91919748446132,105.81647108839816,105.86389568502474,288467,9437,105.78944003609868,105.91117373491215,1869459,754164,0.4250972796015281,3374.0,-0.10257954780077227,76319.0,104.5461958364748,99.15431793103306,5.391877905441731,0.012969617271835432,4352.0,-0.09680377456680045,0.12173369881347185,NONE,106.2002532008362,0.0031772637274960725,0
2026-08-12 00:55:00,105.7214406278302,105.5642773528129,105.27441923642812,105.54648223740966,404465,4349,105.4989748219535,105.56049233425526,774233,1601622,-0.3482489461688529,-5088.0,-0.31741344761508117,115998.0,104.59621015652154,99.20758596691954,5.388624189601998,-0.0032537158397332178,-8462.0,-0.2998316334017037,0.06151751230176217,NONE,106.1942457916664,0.00613723489902489,0
2026-08-12 00:56:00,106.0130646768261,106.37208442029991,105.5046645083479,105.87491926895706,371530,8644,105.79676266747065,105.95551900774342,1056888,873242,0.09514695901312346,4295.0,0.328437031547395,-32935.0,104.66014561214331,99.26314707776986,5.396998534373452,0.008374344771453934,9383.0,0.31117762012060624,0.15875634027277385,NONE,106.36612921866094,0.00463953080763209,0
2026-08-12 00:57:00,106.00746327357648,106.25305371754482,105.75822612052352,106.13668954308704,415315,7560,106.1062594261466,106.20777373434645,677248,1089352,-0.2332752179327522,-1084.0,0.26177027412998655,43785.0,104.73397280869048,99.32042659831417,5.41354621037631,0.016547676002858225,-5379.0,0.2472448394175375,0.10151430819985308,NONE,106.05682580298298,-0.0007524611936538501,0
2026-08-12 00:58:00,106.24261569770532,106.20056017963503,105.8702868161958,106.1736449171808,250594,6247,106.14373002398486,106.22619731895097,1364784,1867904,-0.15563518656919567,-1313.0,0.03695537409375049,-164721.0,104.80595641411499,99.37753675097139,5.4284196631436,0.014873452767290019,-229.0,0.0348186609671286,0.08246729496610783,NONE,106.55599342230464,0.0036011620908568123,0
2026-08-12 00:59:00,106.74403300977708,106.88926815138018,106.7109368192404,106.79433048683222,296604,6356,106.76980295794034,106.88530885221536,848109,1158323,-0.1546097749637167,109.0,0.6206855696514282,46010.0,104.90537511775085,99.43934336543688,5.466031752313967,0.0376120891703664,1422.0,0.5845947646759164,0.11550589427501734,NONE,106.59725437778106,-0.001845379882553473,0
2026-08-12 01:00:00,106.5663227144706,106.55945291611172,106.14126371596664,106.53997399293748,493887,5077,106.49649446455643,106.58022836278612,887684,527424,0.25458127577541784,-1279.0,-0.2543564938947469,197283.0,104.98710506151019,99.49851528733274,5.488589774177456,0.022558021863488875,-1388.0,-0.23817415469082892,0.08373389822968136,NONE,106.9982057750052,0.004301031480429155,0
2026-08-12 01:01:00,106.17837038783244,106.34485342223968,105.7888923081736,106.14894797493108,133545,5898,106.06271689174606,106.18543693191188,1317847,1235399,0.032291443911005836,821.0,-0.3910260180064,-360342.0,105.04519720718125,99.55393555972938,5.491261647451864,0.0026718732744086537,2100.0,-0.3670228209670112,0.12272004016581661,NONE,107.16663065885228,0.009587308243144828,0
2026-08-12 01:02:00,105.98451704323408,106.4091587154914,105.9648899374912,106.00795782326573,285151,2417,105.92344573767232,106.09650949252288,1530358,1513281,0.005610717959652903,-3481.0,-0.14099015166534912,151606.0,105.09333523798546,99.60771907859218,5.485616159393274,-0.005645488058590331,-4302.0,-0.13282293829105507,0.1730637548505598,NONE,107.3690968578081,0.012839970342713692,0
2026-08-12 01:03:00,105.98242660465716,106.23142539609464,105.8288982588786,106.0608031712158,388999,9846,106.01634899249908,106.1425320601441,1620471,769283,0.35618226813303794,7429.0,0.052845347950068344,103848.0,105.14170863464696,99.66149477936406,5.480213855282898,-0.005402304110376122,10910.0,0.04985035938356308,0.12618306764503018,NONE,107.60528857918966,0.014562263925915935,0
2026-08-12 01:04:00,106.13119909560456,106.4223449042754,106.11326450107528,106.2002532008362,135790,1110,106.13723251459798,106.25660138379456,1366332,773370,0.2771236368428875,-8736.0,0.13945002962040576,-253209.0,105.19463586295642,99.71598443287631,5.478651430080106,-0.0015624252027919283,-16165.0,0.13148121214516806,0.11936886919657752,NONE,107.80467237124536,0.01510748912599133,0
2026-08-12 01:05:00,106.10262660011828,106.5320391784501,106.0255072688099,106.1942457916664,151012,9281,106.11937232318364,106.2160119182176,1607226,1915954,-0.08762765456207176,8171.0,-0.006007409169797029,15222.0,105.24461635939193,99.76996994419957,5.474646415192353,-0.004005014887752623,16907.0,-0.005656680646926038,0.09663959503396313,NONE,108.06235852650924,0.017591468548189822,0
2026-08-12 01:06:00,106.2829469978379,106.62057625369587,106.3570886725581,106.36612921866094,217827,9954,106.33442060894444,106.3954856510928,1549191,973514,0.2281983030120446,673.0,0.1718834269945404,66815.0,105.30069200235539,99.82493793815341,5.475754064201979,0.0011076490096257885,-7498.0,0.16185757120188438,0.06106504214835695,NONE,108.52576016856032,0.020303746744978788,0
2026-08-12 01:07:00,106.05010797397804,106.48754864599364,105.8566608687776,106.05682580298298,360123,8391,106.03169310525246,106.12588632211978,1200972,845796,0.1735301704931873,-1563.0,-0.3093034156779595,142296.0,105.33849869238676,99.87687033702699,5.461628355359778,-0.01412570884220088,-2236.0,-0.29079126781244025,0.09419321686732474,NONE,108.64914744864018,0.024442761001284664,0
2026-08-12 01:08:00,106.48441742339357,106.98901125982752,106.28105496172654,106.55599342230464,114260,6132,106.45850478291553,106.60064713371028,1364369,1540062,-0.06049136646730461,-2259.0,0.49916761932165343,-245863.0,105.39937342888265,99.93252969607096,5.4668437328116966,0.005215377451918357,-696.0,0.4706605308449685,0.14214235079475657,NONE,108.92604308173918,0.022242293308096888,0
2026-08-12 01:09:00,106.66545958435232,106.60220972552663,106.2874630813675,106.59725437778106,296211,3504,106.5316742195922,106.682536965031,1022915,1193468,-0.07695105042765624,-2628.0,0.041260955476417394,181951.0,105.45926747632757,99.98806906841854,5.471198407909029,0.004354675097332006,-369.0,0.0387223225566391,0.15086274543880052,NONE,108.96306902850972,0.02219395484938299,0
2026-08-12 01:10:00,107.1469303905388,107.3872289282468,106.66646060244084,106.9982057750052,363218,9289,106.89987836004018,107.09370172584512,1852656,1094935,0.2570644977542678,5785.0,0.40095139722414785,67007.0,105.53621439126145,100.04648687430677,5.489727516954687,0.018529109045658743,8413.0,0.3761367021735573,0.19382336580494552,NONE,109.45879161413724,0.02299651495377533,0
2026-08-12 01:11:00,107.10862533471528,107.39699745897312,106.74848500230104,107.16663065885228,240547,6239,107.12623262001038,107.24913798212702,869956,660887,0.13657115719900734,-3050.0,0.16842488384708076,-122671.0,105.61773520464101,100.10582140584464,5.511913798796371,0.022186281841683808,-8835.0,0.15740907300936247,0.12290536211664005,NONE,109.3192907732968,0.020087037366110373,0
2026-08-12 01:12:00,107.39303730786165,107.86351712845992,107.26136540417023,107.3690968578081,309486,1292,107.29582400481044,107.41307594587772,1531362,1197590,0.12230775770332347,-4947.0,0.2024661989558183,68939.0,105.70530328729936,100.16634870127767,5.538954586021688,0.02704078722531733,-1897.0,0.18892653217803534,0.11725194106728054,NONE,109.9227078927456,0.023783482488628195,0
2026-08-12 01:13:00,107.65525709021996,107.84690461712738,107.54504766797042,107.60528857918966,246192,2734,107.57525425190094,107.68627035782048,830019,1539719,-0.29948458437177444,1442.0,0.23619172138155875,-63294.0,105.80030255189388,100.22833986692694,5.571962684966934,0.03300809894524548,6389.0,0.21998110098135903,0.11101610591953204,NONE,109.9735023981144,0.02200834039102001,0
2026-08-12 01:14:00,107.85187259833728,108.2981203439395,107.3789037852964,107.80467237124536,364130,6120,107.7711643558307,107.84630212185772,1610276,1743020,-0.039586126604988045,3386.0,0.19938379205569845,117938.0,105.90052104286147,100.29147597112959,5.6090450717318845,0.03708238676495057,1944.0,0.18529181482467294,0.07513776602701228,NONE,109.60680747239115,0.016716669709266475,0
2026-08-12 01:15:00,108.06995405330083,108.43964320711213,107.98405211906292,108.06235852650924,340201,7393,108.00628733559498,108.08739753440815,508109,976665,-0.31557395266889104,1273.0,0.25768615526388317,-23929.0,106.00861291704386,100.35623332575776,5.652379591286106,0.04333451955422163,-2113.0,0.23903060006202903,0.08111019881317816,NONE,109.7074609836568,0.015223640123901159,0
2026-08-12 01:16:00,108.60002841039628,108.65006261086695,108.0383801278922,108.52576016856032,263502,3196,108.48699453726458,108.53876555699824,523758,1697113,-0.5283310016655628,-4197.0,0.4634016420510818,-76699.0,106.1344702796197,100.42431271611444,5.710157563505263,0.05777797221915648,-5470.0,0.42882799188341814,0.05177101973366405,NONE,109.5650411787654,0.009576353195691787,0
2026-08-12 01:17:00,108.69737234390824,108.91834493828364,108.22787833394086,108.64914744864018,338569,4466,108.62406150789452,108.69386195278868,1243987,901210,0.15978812202329204,1270.0,0.12338728007985367,75067.0,106.26020413807073,100.49285300555215,5.767351132518584,0.05719356901332162,5467.0,0.11369400213203651,0.06980044489415604,NONE,109.87879242317038,0.011317575916658447,0
2026-08-12 01:18:00,108.80227683950643,109.42211090147848,108.67560477879438,108.92604308173918,155479,2906,108.89238381856016,109.01736341907194,1395024,952282,0.18861707847208672,-1560.0,0.2768956330990022,-183090.0,106.39349608525416,100.56312958952039,5.83036649573377,0.06301536321518597,-2830.0,0.2548530196519794,0.1249796005117787,NONE,109.74421493832529,0.007511260240786865,0
2026-08-12 01:19:00,109.04998463494864,109.39183433238568,108.47235831604873,108.96306902850972,492977,2721,108.9498516730078,108.99457782140772,1037605,1254380,-0.09457958930795794,-185.0,0.03702594677054094,337498.0,106.52197473241692,100.6331290848453,5.888845647571628,0.05847915183785801,1375.0,0.03399182208680962,0.044726148399917065,NONE,109.67121025045584,0.006498910394684637,0
2026-08-12 01:20:00,109.54752069786392,109.50747506103286,109.41010324958326,109.45879161413724,364320,2816,109.38539348820429,109.48737779898092,700073,1423733,-0.34073733664939265,95.0,0.4957225856275187,-128657.0,106.66881557650295,100.70667627258939,5.96213930391356,0.07329365634193152,280.0,0.4549455058922902,0.10198431077662917,NONE,109.16482817430044,-0.002685608305206562,0
2026-08-12 01:21:00,109.24296216287892,109.67247677170178,109.16775789270925,109.3192907732968,184258,9444,109.26500027415906,109.41657464396847,1468927,1905031,-0.1292559065643378,6628.0,-0.1395008408404408,-180062.0,106.80133933634264,100.7784480600953,6.022891276247336,0.06075197233377594,6533.0,-0.12744599020625413,0.15157436980940986,NONE,109.08923545647109,-0.0021044347726586936,0
2026-08-12 01:22:00,109.92650167629036,110.095497685681,109.6035956852253,109.9227078927456,339423,5227,109.9042260167692,109.93495826290216,1574198,1247662,0.11571658409701403,-4217.0,0.6034171194488067,155165.0,106.95740776416278,100.85465022536738,6.102757538795402,0.07986626254806595,-10845.0,0.5519767967578249,0.03073224613295622,NONE,108.42177917284536,-0.013654400884708361,0
2026-08-12 01:23:00,110.04183529739552,109.97699352905458,109.79849896387782,109.9735023981144,477332,6775,109.94804993873284,110.05422279164983,1008911,1630700,-0.23556084589736898,1548.0,0.05079450536879904,137909.0,107.10821249586036,100.93064066014026,6.1775718357201015,0.07481429692469987,5765.0,0.04620929227685533,0.1061728529169983,NONE,108.00591354790151,-0.017891481195988785,0
2026-08-12 01:24:00,109.58587609043322,109.80854795690465,109.14262119640075,109.60680747239115,184153,4849,109.587579363961,109.64573076840784,1031088,981920,0.02442513889661641,-1926.0,-0.3666949257232517,-293179.0,107.2331422446869,101.00294205024235,6.230200194444549,0.05262835872444782,-3474.0,-0.33343934468484937,0.0581514044468463,NONE,108.29293031752005,-0.011987185697403513,0
2026-08-12 01:25:00,109.8147587884334,109.82483819451927,109.67464793956788,109.7074609836568,292990,6228,109.64232763091196,109.72083489977506,733259,1200149,-0.2414855012496069,1379.0,0.10065351126564792,108837.0,107.3568581816354,101.07547970802081,6.281378473614595,0.05117827917004547,3305.0,0.09183144148323663,0.0785072688630919,NONE,108.5871394049906,-0.01021189961577091,0
2026-08-12 01:26:00,109.80142842822735,109.97447581402564,109.29033526273491,109.5650411787654,359642,7849,109.54656224604028,109.65764340738428,1157960,1257758,-0.041311941211681164,1621.0,-0.1424198048914036,66652.0,107.46726733149191,101.14622605361033,6.3210412778815765,0.039662804266981766,242.0,-0.12981779326076692,0.11108116134400348,NONE,108.77281197228672,-0.007230675021479577,0
2026-08-12 01:27:00,109.80019381990688,110.04745772759328,109.58335928947282,109.87879242317038,333984,2058,109.80090701319722,109.90136023288925,1795341,1767050,0.007941576317703475,-5791.0,0.31375124440498325,-25658.0,107.58784358607583,101.21899744002333,6.368846146052505,0.047804868170928216,-7412.0,0.28636072330139317,0.10045321969202803,NONE,108.5403103559904,-0.01218144136518316,0
2026-08-12 01:28:00,109.60611047800992,110.1579767853022,109.41785087643667,109.74421493832529,177442,3322,109.73236895558644,109.8038750738606,778833,1427028,-0.29385124448004657,1264.0,-0.1345774848450958,-156542.0,107.69566215368832,101.29004091917585,6.405621234512466,0.03677508845996158,7055.0,-0.12247812510243206,0.07150611827415787,NONE,108.58313385171896,-0.010579884208555702,0
2026-08-12 01:29:00,109.70159211001634,109.67150921987324,109.54337713878994,109.67121025045584,402146,9378,109.63876642953622,109.70587512912452,1367891,588074,0.3986865818151143,6056.0,-0.07300468786944236,224704.0,107.79443955852669,101.35988399693652,6.434555561590173,0.028934327077706712,4792.0,-0.06652258427514157,0.06710869958830301,NONE,108.63872549741384,-0.009414364541834782,0
2026-08-12 01:30:00,109.23698442481306,109.3187377493135,108.98254496054052,109.16482817430044,157124,1948,109.07466817347016,109.18069552649706,538469,1656921,-0.5094548121290522,-7430.0,-0.5063820761554041,-245022.0,107.86295898931537,101.42492519841454,6.438033790900832,0.003478229310658776,-13486.0,-0.4617274442389907,0.10602735302690292,NONE,108.34741391453716,-0.007487890316266881,0
2026-08-12 01:31:00,109.0661488190866,109.20981806362497,108.6673951916386,109.08923545647109,499826,9179,109.01456763784007,109.1037284801808,1803481,1766410,0.010384350670650728,7231.0,-0.07559271782935184,342702.0,107.92427281267317,101.48879445056501,6.435478362108157,-0.0025554287926752295,14661.0,-0.069246403895451,0.08916084234073196,NONE,108.85414664149722,-0.002155013865393429,0
2026-08-12 01:32:00,108.56710523917744,108.53856285337966,108.32430778836029,108.42177917284536,411896,5359,108.40521202288204,108.4421792757406,1346444,1425607,-0.028557555398511788,-3820.0,-0.6674562836257252,-87930.0,107.94914813068176,101.54656932325068,6.402578807431084,-0.03289955467707273,-11051.0,-0.6118443133576235,0.03696725285855962,NONE,109.17257406000115,0.00692476080805572,0
2026-08-12 01:33:00,107.8720529679292,108.04000685778423,107.59247962431483,108.00591354790151,359488,6660,107.92201219849784,108.02233657915156,1608597,1602779,0.0018116844617385196,1301.0,-0.41586562494384793,-52408.0,107.95198640154274,101.60039719178944,6.3515892097533,-0.050989597677784104,5121.0,-0.3835628119336354,0.10032438065371707,NONE,109.16099920446528,0.010694651974324352,0
2026-08-12 01:34:00,108.3622221798232,108.38649245272528,108.01160260606868,108.29293031752005,178947,8254,108.23855715658142,108.37138054791684,681854,1694738,-0.42619179059762885,1594.0,0.28701676961853195,-180541.0,107.9690335973416,101.65616830117054,6.3128652961710685,-0.03872391358223126,293.0,0.26574171745812336,0.1328233913354211,NONE,109.2232652782168,0.008590911317746855,0
2026-08-12 01:35:00,108.52655332291472,108.86491418993342,108.20604564939356,108.5871394049906,481116,9401,108.50092893254542,108.64084036319612,968735,1736635,-0.2838428754662024,1147.0,0.2942090874705485,302169.0,107.99993888772406,101.71392639370237,6.286012494021691,-0.026852802149377908,-447.0,0.2716789421136845,0.13991143065069878,NONE,109.33945671976431,0.006928235874856683,0
2026-08-12 01:36:00,108.94474976290743,108.91849250870558,108.416008289155,108.77281197228672,436860,3093,108.70874539258618,108.81367226050811,1780555,878884,0.33904556562493066,-6308.0,0.18567256729612325,-44256.0,108.0385825419522,101.77275044019056,6.265832101761632,-0.020180392260058966,-7455.0,0.17098946368190315,0.1049268679219324,NONE,108.7800795804095,6.681456506465891e-05,0
2026-08-12 01:37:00,108.73956189130725,108.749007747155,108.43655460829795,108.5403103559904,372217,2563,108.46894538310744,108.5879635579023,1889723,622217,0.5045924663805664,-530.0,-0.23250161629631805,-64643.0,108.06366893265411,101.82914677282224,6.234522159831869,-0.031309941929762886,5778.0,-0.21374975242485217,0.11901817479485999,NONE,108.75852694866433,0.0020104658993347203,0
2026-08-12 01:38:00,108.50646819294064,108.77156729189257,108.29872748350203,108.58313385171896,399395,9217,108.48371871128336,108.6767390579205,1024493,646101,0.22650147193154052,6654.0,0.04282349572855537,27178.0,108.08964217860736,101.8854299984797,6.204212180127669,-0.030309979704199463,7184.0,0.039454001548455686,0.19302034663714096,NONE,108.60598015555787,0.00021040379871626144,0
2026-08-12 01:39:00,108.583769783823,109.0766779599138,108.2048639210113,108.63872549741384,196496,1174,108.60781529828068,108.73069316056028,1379377,1251727,0.048515756123665196,-8043.0,0.05559164569488928,-202899.0,108.11709634454769,101.94170746097082,6.175388883576872,-0.028823296550797295,-14697.0,0.05119731188714116,0.1228778622795943,NONE,108.35698126688852,-0.0025934051530457844,0
2026-08-12 01:40:00,108.43337270323514,108.8000634140424,108.1313557961362,108.34741391453716,302509,2334,108.28125881280864,108.4218247977482,1561018,589067,0.45205236072062266,1160.0,-0.2913115828766877,106013.0,108.12861222304718,101.99508834808385,6.1335238749633305,-0.04186500861354148,9203.0,-0.26814709169579176,0.1405659849395562,NONE,108.32356776098273,-0.0002200897344281776,0
2026-08-12 01:41:00,108.81543357651827,109.10062512732516,108.37085125638556,108.85414664149722,401041,1321,108.80271771639204,108.94376805546516,1423195,553520,0.43995973117014847,-1013.0,0.5067327269600668,98532.0,108.16488894396969,102.05224716719563,6.112641776774055,-0.020882098189275666,-2173.0,0.46769249828129134,0.14105033907311793,NONE,108.91321070487488,0.0005425981940052731,0
2026-08-12 01:42:00,109.16803293820792,109.33765203515895,108.9464665099503,109.17257406000115,413760,6698,109.15902338423813,109.21134238248403,538909,1618629,-0.5004407801855634,5377.0,0.31842741850392997,12719.0,108.21527319977126,102.11158322463568,6.10368997513558,-0.008951801638474421,6390.0,0.292526677511562,0.05231899824590869,NONE,109.15521199236136,-0.00015903323512599744,0
2026-08-12 01:43:00,109.16353804651952,109.21439955646646,109.08960638613134,109.16099920446528,362037,6604,109.14969684673002,109.20529904380604,781648,551464,0.17266666266600256,-94.0,-0.011574855535869233,-51723.0,108.26255950000598,102.17032835780091,6.0922311422050655,-0.011458832930514973,-5471.0,-0.010602347371146958,0.05560219707601277,NONE,109.03300931196424,-0.0011724873666767704,0
2026-08-12 01:44:00,109.03129796259702,109.69996671790784,109.02854793817797,109.2232652782168,366626,7742,109.2025347062132,109.28849937458368,1644274,653033,0.4314795541040009,1138.0,0.06226607375151616,4589.0,108.31059478891652,102.22910283213771,6.081491956778805,-0.010739185426260178,1232.0,0.05704058611160079,0.08596466837047956,NONE,109.25332900084908,0.00027525017271456335,0
2026-08-12 01:45:00,109.33807294515488,109.36957019221448,108.86360551656904,109.33945671976431,470134,8436,109.27103846311584,109.40558305502108,1456302,1444339,0.0041242608099382174,694.0,0.11619144154751382,103508.0,108.3620378854589,102.28835578120128,6.073682104257628,-0.007809852521177163,-444.0,0.10637975458025473,0.13454459190523949,NONE,109.7210656826566,0.003490130409833166,0
2026-08-12 01:46:00,108.71110680300308,108.92890471919364,108.62021915573958,108.7800795804095,322036,9524,108.7190349024973,108.83343256583062,1204690,1445229,-0.09077220850901481,1088.0,-0.5593771393548082,-148098.0,108.38293997020644,102.342453479528,6.040486490678433,-0.03319561357919554,394.0,-0.5115967795491061,0.11439766333332102,NONE,110.04576250257192,0.011635245414826415,0
2026-08-12 01:47:00,108.70921466642434,108.90756004924933,108.3244778687308,108.75852694866433,270646,6674,108.6987182881596,108.80458615502374,587087,1311789,-0.3816478801143413,-2850.0,-0.021552631745180406,-51390.0,108.40171931912934,102.39592075843748,6.005798560691858,-0.03468792998657477,-3938.0,-0.019813031786986013,0.10586786686414484,NONE,110.11032657161684,0.012429366789700842,0
2026-08-12 01:48:00,108.75034335590476,108.766180798628,108.16535481471696,108.60598015555787,405428,6002,108.59311304693034,108.70473638360266,1758567,1526713,0.07057358885696197,-672.0,-0.15254679310645258,134782.0,108.41193236095077,102.44767125341349,5.964261107537283,-0.04153745315457513,2178.0,-0.1402619154436069,0.1116233366723236,NONE,109.96228043067956,0.012488265132168918,0
2026-08-12 01:49:00,108.23133057746058,108.43912468852471,108.18188800472252,108.35698126688852,435076,1910,108.30474399721612,108.44088239323912,1237392,632316,0.32362058674402633,-4092.0,-0.24899888866934816,29648.0,108.40918480624767,102.49691550352578,5.912269302721882,-0.05199180481540111,-3420.0,-0.22926811977821426,0.13613839602300004,NONE,110.21713405666138,0.01716689379885185,0
2026-08-12 01:50:00,108.40488827965753,108.71514847644455,108.2819389319574,108.32356776098273,369482,1949,108.23035170737688,108.37271597879264,1590292,567952,0.473690648508695,39.0,-0.0334135059057985,-65594.0,108.40490395398442,102.5454709390046,5.859433014979814,-0.05283628774206761,4131.0,-0.030836504962705735,0.14236427141575803,NONE,110.3799099643252,0.018983331567141614,0
2026-08-12 01:51:00,108.88531441184168,108.97445963585788,108.55093175029546,108.91321070487488,273790,6425,108.86742743663692,108.98866702782644,1754272,1596637,0.04704245922524306,4476.0,0.5896429438921587,-95692.0,108.43031929152895,102.59853543705351,5.831783854475432,-0.027649160504381598,4437.0,0.5443348627449218,0.12123959118952143,NONE,110.69253391996324,0.016337074295879817,0
2026-08-12 01:52:00,109.1272359755118,109.47266532193797,108.99945584285436,109.15521199236136,243572,3514,109.08896897008042,109.1894725447541,678054,1292922,-0.3119611806536457,-2911.0,0.24200128748647387,-30218.0,108.46656392657056,102.65317440834775,5.813389518222806,-0.01839433625262643,-7387.0,0.22219644974219577,0.10050357467368087,NONE,110.92647930339687,0.016227052091286928,0
2026-08-12 01:53:00,109.1120465015694,109.09493232531716,108.64154750483544,109.03300931196424,242617,8701,108.95282563115816,109.0520245513256,1707092,1014072,0.2546777775981161,5187.0,-0.12220268039712323,-955.0,108.49488619584024,102.70633969921123,5.78854649662901,-0.02484302159379581,8098.0,-0.11195313367691195,0.09919892016743859,NONE,111.28405908957846,0.02064558056151183,0
2026-08-12 01:54:00,109.28733413030598,109.28859681964558,109.03200157671888,109.25332900084908,161480,1100,109.17277572572632,109.29504779314884,534571,1412737,-0.4509641001834327,-7601.0,0.22031968888484244,-81137.0,108.5328083360907,102.76089794339154,5.771910392699155,-0.01663610392985504,-12788.0,0.20206696144142722,0.1222720674225144,NONE,111.16551502273572,0.017502313562196163,0
2026-08-12 01:55:00,109.77812698237857,110.17578043449954,109.47843231148528,109.7210656826566,236313,5646,109.66433047524104,109.7673332346677,723023,1573568,-0.3703510986501297,4546.0,0.4677366818075228,74833.0,108.59222120341899,102.81889934121877,5.77332186220022,0.0014114695010647438,12147.0,0.42812121706963246,0.10300275942665849,NONE,111.60206478285308,0.017143463641128325,0
2026-08-12 01:56:00,110.1425809686252,110.14082688573129,109.65680779919764,110.04576250257192,320386,7945,109.9585468274857,110.05725084378238,1432893,754166,0.3103377640932412,2299.0,0.3246968199153173,84073.0,108.66489826837665,102.8791232008967,5.785775067479946,0.012453205279726376,-2247.0,0.29592933489583917,0.09870401629667924,NONE,111.70197389096236,0.015050205939113177,0
2026-08-12 01:57:00,110.07719573329852,110.52095164889668,109.91914490608602,110.11032657161684,104695,3400,110.0651025432141,110.19365785176409,1239578,676010,0.2942010494949854,-4545.0,0.06456406904491985,-215691.0,108.73716968353867,102.93938322898605,5.797786454552622,0.012011387072675461,-6844.0,0.05867020008463175,0.1285553085499913,NONE,112.36447183321935,0.02047169717670757,0
2026-08-12 01:58:00,109.9010567572288,110.23459586623312,109.7407167580181,109.96228043067956,308138,6801,109.87229804134893,110.00460783689458,1069326,1279375,-0.0894319881500455,3401.0,-0.1480461409372822,203443.0,108.79842522089571,102.99790737233349,5.800517848562222,0.0027313940096007627,7946.0,-0.1344525491357884,0.1323097955456518,NONE,112.19691851583116,0.020321860154221903,0
2026-08-12 01:59:00,110.1086190040056,110.25606231646576,110.02903882227656,110.21713405666138,114318,3343,110.18551361168578,110.2793716915816,1331600,818393,0.23870170740090782,-3458.0,0.2548536259818235,-193820.0,108.86936066268399,103.05806759470289,5.811293067981097,0.010775219418874826,-6859.0,0.23176458780562736,0.09385807989582418,NONE,112.75618705376316,0.023036826522784368,0
2026-08-12 02:00:00,110.2973689113273,110.85763406004423,110.19623970668655,110.3799099643252,413078,1352,110.34469048769604,110.39656665117958,1233442,1462239,-0.08487539883242862,-1991.0,0.16277590766381422,298760.0,108.94488812776606,103.11908294778307,5.825805179982993,0.014512112001895616,1467.0,0.14768657256152284,0.051876163483541404,NONE,112.85330920491784,0.022408056333729973,0
2026-08-12 02:01:00,110.9874433624941,110.8160145034592,110.42956063151252,110.69253391996324,483426,3955,110.67775306378532,110.7182836345508,1616266,1861454,-0.0705025131407934,2603.0,0.31262395563804546,70348.0,109.03227041737594,103.1821950392179,5.850075378158039,0.02427019817504572,4594.0,0.28322541279395264,0.040530570765483276,NONE,112.69489551930732,0.018089400688865803,0
2026-08-12 02:02:00,111.05094726147055,111.35630197607318,110.5220795811463,110.92647930339687,283744,2018,110.84487693810809,111.01655173867636,1491806,705532,0.35783024732653784,-1937.0,0.23394538343363536,-199682.0,109.12698086167697,103.2467307414194,5.880250120257571,0.030174742099532637,-4540.0,0.21134703050775805,0.1716748005682689,NONE,112.585997695378,0.014960525227183554,0
2026-08-12 02:03:00,111.14895165295766,111.36846409247076,111.10317493361718,111.28405908957846,191891,2179,111.23652411831752,111.34884096708792,1400485,1149914,0.09824776436941828,161.0,0.3575797861815886,-91853.0,109.23483477307204,103.31370847765405,5.9211262954179915,0.0408761751604203,2098.0,0.3223574645361049,0.11231684877040493,NONE,112.52541118387887,0.011154806038312997,0
2026-08-12 02:04:00,111.03326922706135,111.59248646380664,110.90338766246686,111.16551502273572,324757,6193,111.1348945274837,111.26104058725106,1369733,1214967,0.05987774209772894,4014.0,-0.11854406684274466,132866.0,109.33136878555521,103.37914019886307,5.952228586692144,0.031102291274152094,3853.0,-0.10652385239410256,0.1261460597673647,NONE,112.68742208084277,0.013690460191686104,0
2026-08-12 02:05:00,111.65025138902494,111.60867918930572,111.26670112013178,111.60206478285308,168754,4536,111.5712036578676,111.70195228594832,636974,1610428,-0.4331463618880823,-1657.0,0.4365497601173587,-156003.0,109.44490358542012,103.44766457039631,5.997239015023808,0.0450104283316648,-5671.0,0.392702503135145,0.13074862808072396,NONE,112.87827108447132,0.011435328764762477,0
2026-08-12 02:06:00,111.75670037070016,111.9578641192471,111.56725416781052,111.70197389096236,447821,3502,111.61084789625173,111.74544130134234,527050,1576956,-0.499003329838413,-1034.0,0.0999091081092871,279067.0,109.55775710069724,103.51645048140104,6.041306619296208,0.04406760427239931,623.0,0.0895226341050881,0.13459340509061235,NONE,112.7393906325527,0.009287362662033229,0
2026-08-12 02:07:00,112.41936021675107,112.74919312293014,112.22571043076816,112.36447183321935,464464,4819,112.27941933917786,112.40136410898684,861949,977563,-0.06285036466193208,1317.0,0.6624979422569908,16643.0,109.69809283732336,103.5901839926662,6.10790884465716,0.06660222536095262,2351.0,0.5930942123759442,0.12194476980897662,NONE,112.7645390809102,0.0035604425595009686,0
2026-08-12 02:08:00,112.1714229364758,112.66431627457756,111.73021195231944,112.19691851583116,496053,7855,112.13710073614902,112.28417056079547,1754234,1619833,0.03983353027666611,3036.0,-0.16755331738819734,31589.0,109.82303412124875,103.66190678035923,6.1611273408895215,0.05321849623236119,1719.0,-0.14911592130019136,0.1470698246464508,NONE,113.43889451394055,0.011069608814025952,0
2026-08-12 02:09:00,112.74364162776288,113.2107881218664,112.39441976709762,112.75618705376316,487405,1979,112.69073708172574,112.85606208219652,1355542,672263,0.3369549833440592,-5876.0,0.5592685379319988,-8648.0,109.96969176787448,103.73769244930426,6.231999318570217,0.07087197768069586,-8912.0,0.4984704975235843,0.16532500047077292,NONE,113.98804565140556,0.01092497564727902,0
2026-08-12 02:10:00,112.88609715733378,113.26312163969168,112.5647158668062,112.85330920491784,467482,1976,112.80061990356832,112.91997691599876,1625269,1815650,-0.05532853287159622,-3.0,0.0971221511546787,-19923.0,110.11387263972665,103.81365592226771,6.300216717458937,0.06821739888872003,5873.0,0.08613465362070638,0.1193570124304415,NONE,114.14903930124994,0.011481542769643862,0
2026-08-12 02:11:00,112.70348481993666,113.13899119413796,112.37103549209702,112.69489551930732,140077,3280,112.64964553044824,112.77645818433336,802388,1425336,-0.279634281445996,1304.0,-0.15841368561051183,-327405.0,110.24292378370569,103.88766625224304,6.355257531462655,0.05504081400371774,1307.0,-0.1403713251534877,0.12681265388512486,NONE,114.18973989859076,0.013264526067441386,0
2026-08-12 02:12:00,112.36406765810324,112.68560753829657,112.5713479738263,112.585997695378,442059,6897,112.49360477606837,112.66635482267138,1825682,1013279,0.28616208535446597,3617.0,-0.10889782392932545,301982.0,110.36007747928929,103.96015234760249,6.3999251316868,0.04466760022414462,2313.0,-0.09663066230951589,0.17275004660301363,NONE,114.25424663976052,0.014817552613392286,0
2026-08-12 02:13:00,112.50243122082136,112.66750333173476,112.21635970109804,112.52541118387887,235311,1107,112.50410604056206,112.56739175761864,731898,1204914,-0.2442240134819487,-5790.0,-0.06058651149912464,-206748.0,110.46834416451877,104.03152950457145,6.436814659947316,0.03688952826051661,-9407.0,-0.05381354052841347,0.06328571705657282,NONE,114.46599209111707,0.017245712651225754,0
2026-08-12 02:14:00,112.60228143741674,112.83190634330327,112.43266764423066,112.68742208084277,341504,2626,112.63976186976832,112.74910641506592,862839,1243847,-0.1808565680884574,1519.0,0.16201089696389204,106193.0,110.57929806033496,104.10366194270705,6.475636117627914,0.03882145768059786,7309.0,0.14397716503264935,0.10934454529760274,NONE,114.1860321683039,0.013298823061069028,0
2026-08-12 02:15:00,112.89579222636218,113.06679804997218,112.6053962445816,112.87827108447132,391813,9895,112.8372605127524,112.9632462091851,1272723,816161,0.2185674264344023,7269.0,0.19084900362855706,50309.0,110.69424671154177,104.1767836855551,6.517463025986672,0.041826908358757464,5750.0,0.1693614070713556,0.12598569643270707,NONE,114.1348800564418,0.01113242575296098,0
2026-08-12 02:16:00,113.03791653281304,112.93605096774527,112.5596787191373,112.7393906325527,410768,7229,112.6845570677301,112.8113208814162,747943,1999090,-0.45545393884966073,-2666.0,-0.13888045191862375,18955.0,110.79650390759232,104.24813874344675,6.548365164145579,0.030902138158907633,-9935.0,-0.12303559452526702,0.12676381368609668,NONE,113.65954404710736,0.00816177388747544,0
2026-08-12 02:17:00,112.80128724745762,113.03681674323754,112.72380213205372,112.7645390809102,437291,7877,112.71335221220112,112.77644382416858,1638964,944605,0.2687596112199829,648.0,0.02514844835749841,26523.0,110.89490566625823,104.31910874625895,6.575796919999277,0.027431755853697837,3314.0,0.02230670949736613,0.06309161196746516,NONE,113.80372406728864,0.0092155299427315,0
2026-08-12 02:18:00,113.40754154532333,113.51883439562378,113.34222489713454,113.43889451394055,235222,1874,113.38219445609197,113.47919802414134,577332,1228666,-0.36065045476240837,-6003.0,0.6743554330303567,-202069.0,111.02210510864234,104.39510696098962,6.6269981476527136,0.051201227653436376,-6651.0,0.5980208304194878,0.09700356804937371,NONE,114.02146545733808,0.005135548489728409,0
2026-08-12 02:19:00,114.08022580160328,114.33366898329857,113.5126732947992,113.98804565140556,242181,6543,113.96545294345512,114.01104846409908,1208854,656597,0.2960447634379032,4669.0,0.5491511374650031,6959.0,111.1704021357805,104.47504811674308,6.695354019037424,0.06835587138471055,10672.0,0.484094225193199,0.04559552064395689,NONE,113.89925745352892,-0.0007789255212618333,0
2026-08-12 02:20:00,114.19730808997086,114.2328225709022,113.94468952011448,114.14903930124994,330822,4809,114.09285656611377,114.18000680033695,1413818,1104918,0.12264088018752263,-1734.0,0.1609936498443858,88641.0,111.31933399405398,104.55566470994731,6.763669284106669,0.0683152650692449,-6403.0,0.1412373103901965,0.0871502342231878,NONE,114.39336269472386,0.0021403893976639395,0
2026-08-12 02:21:00,114.23174934763594,114.34489413964305,113.95639832067532,114.18973989859076,257088,3107,114.15792220534092,114.28123395156496,1855757,1490975,0.10899647775800393,-1702.0,0.0407005973408161,-73734.0,111.46285428928081,104.63594866985268,6.826905619428132,0.06323633532146289,32.0,0.03565566349919003,0.12331174622403296,NONE,114.04669958524671,-0.001252654690965018,0
2026-08-12 02:22:00,114.3149316990821,114.5059192050636,114.2278917448338,114.25424663976052,243008,1559,114.2276568183516,114.2675670357625,1661242,1055568,0.22293572240973789,-1548.0,0.06450674116976529,-14080.0,111.6024239068048,104.71610115293524,6.886322753869564,0.05941713444143204,154.0,0.05649083816730016,0.039910217410891846,NONE,113.62760733770853,-0.005484604034262021,0
2026-08-12 02:23:00,114.67164644760004,114.86421237187882,114.4472089763451,114.46599209111707,242108,9308,114.45015701142631,114.49577415519366,1151336,1690888,-0.18983443950934198,7749.0,0.2117454513565491,-900.0,111.74560231602042,104.79735024408676,6.948252071933666,0.06192931806410229,9297.0,0.18532829858322053,0.045617143767344714,NONE,113.71431312745295,-0.0065668322086945155,0
2026-08-12 02:24:00,114.0729433247713,114.55576678492326,113.82744144478052,114.1860321683039,245093,5969,114.10739343801583,114.22389341000532,1286360,962757,0.14388002047025567,-3339.0,-0.27995992281317683,2985.0,111.8676238086346,104.8755892601219,6.992034548512706,0.04378247657903955,-11088.0,-0.2445791258161023,0.1164999719894837,NONE,114.04695944192088,-0.0012179486732495839,0
2026-08-12 02:25:00,114.18224326412296,114.45764723464708,113.86583272438124,114.1348800564418,399087,4046,114.08641028356472,114.20039962291878,845184,1292976,-0.20942866763946572,-1923.0,-0.051152111862094785,153994.0,111.98098662102498,104.95275001675789,7.028236604267093,0.036202055754387175,1416.0,-0.04479717080168033,0.11398933935406319,NONE,114.56979785632596,0.003810559924092322,0
2026-08-12 02:26:00,113.56690593410922,113.73743067739746,113.40519105499924,113.65954404710736,213694,1043,113.59314611560931,113.71761319921512,1185401,1213341,-0.011647772040511234,-3003.0,-0.4753360093344412,-185393.0,112.06491449232911,105.02530663367746,7.0396078586516495,0.01137125438455655,-1080.0,-0.41646866330378174,0.12446708360580772,NONE,114.44893282399816,0.006945204500940394,0
2026-08-12 02:27:00,113.85927533192284,114.0772467400964,113.68216180207727,113.80372406728864,334456,1508,113.7282406663912,113.83336832074544,1297147,1434836,-0.05039892268729344,465.0,0.14418002018128107,120762.0,112.15185497107709,105.0984601122909,7.053394858786191,0.013787000134541927,3468.0,0.12685254141220348,0.10512765435423432,NONE,114.78847446947316,0.008653059557192207,0
2026-08-12 02:28:00,113.92959680618948,114.06518870823804,113.64909009152312,114.02146545733808,312079,7107,113.95032695745986,114.04624715338817,1963595,657908,0.4980680929985585,5599.0,0.21774139004944004,-22377.0,112.24533549539015,105.17281849016628,7.072517005223872,0.019122146437680954,5134.0,0.19133063687855056,0.0959201959283007,NONE,114.7919936359272,0.00675774667075662,0
2026-08-12 02:29:00,113.85752077216844,114.08793904192726,113.81513916397468,113.89925745352892,344269,4439,113.84691238881086,113.9305692766426,962122,776532,0.10674349237973743,-2668.0,-0.1222080038091633,32190.0,112.3280315932971,105.24553881486098,7.082492778436119,0.009975773212246963,-8267.0,-0.10717982207910648,0.08365688783173653,NONE,114.75440878215684,0.007507962279533114,0
2026-08-12 02:30:00,114.36385370330008,114.60012095986885,114.29839532289336,114.39336269472386,345385,4928,114.3484518271182,114.44859036112702,1943700,744335,0.4461865265891255,489.0,0.49410524119494426,1116.0,112.43129814836843,105.3217706805265,7.109527467841929,0.02703468940580933,3157.0,0.4338090100337588,0.10013853400882056,NONE,115.03283920015222,0.005590153924707179,0
2026-08-12 02:31:00,114.1442812571812,114.06660530496958,113.81634349957258,114.04669958524671,223351,6411,114.00286319337906,114.08110558596071,1404640,1025982,0.1557864612432538,1483.0,-0.3466631094771486,-122034.0,112.51206822021234,105.39447842139917,7.117589798813171,0.008062330971242204,994.0,-0.303044775772765,0.07824239258165733,NONE,115.2409952276239,0.010471987762210358,0
2026-08-12 02:32:00,113.71945278210276,113.76460138744348,113.48446740665254,113.62760733770853,401129,1916,113.5600029459848,113.7228915628532,668147,1676303,-0.43001812791912813,-4495.0,-0.4190922475381882,177778.0,112.56784517608715,105.46308782903508,7.104757347052072,-0.01283245176109915,-5978.0,-0.36747424437734155,0.1628886168684005,NONE,114.77966125378876,0.010138855715374314,0
2026-08-12 02:33:00,113.58974138980832,114.1921378610862,113.59058163683638,113.71431312745295,494718,1798,113.65978163550818,113.76606099738154,1744235,1504181,0.07389878636233783,-118.0,0.08670578974442833,93589.0,112.62516857365543,105.53184803985523,7.0933205338001954,-0.011436813251876288,4377.0,0.07630697484171112,0.10627936187336218,NONE,115.23332947924152,0.013358180777876445,0
2026-08-12 02:34:00,114.05245285302088,114.52377574583574,113.72434061964422,114.04695944192088,415980,5971,113.96053753960192,114.0622510834099,815792,1137345,-0.16463412448793915,4173.0,0.33264631446792237,-78738.0,112.69625811706871,105.60280730153912,7.093450815529593,0.00013028172939755223,4291.0,0.2925280954694687,0.10171354380798903,NONE,115.6571835474733,0.01411895690540032,0
2026-08-12 02:35:00,114.49883987085104,114.7459613834522,114.24431198371668,114.56979785632596,461858,2760,114.48107467773654,114.64543183285124,1045422,1860014,-0.28036824765715024,-3211.0,0.5228384144050864,45878.0,112.78993510403157,105.67753222282902,7.112402881202556,0.018952065672962704,-7384.0,0.4584413446562241,0.1643571551147005,NONE,115.4784601911927,0.00793108089451483,0
2026-08-12 02:36:00,114.3230823329306,114.47048287847232,114.0366742890982,114.44893282399816,103770,4275,114.42358238997755,114.48852889993697,1270545,1063057,0.08891319085259612,1515.0,-0.12086503232779933,-358088.0,112.87288499002992,105.75062722783876,7.122257762191154,0.009854880988598325,4726.0,-0.10549467188496475,0.06494650995941242,NONE,115.60526390517906,0.010103467569759899,0
2026-08-12 02:37:00,114.76677276443074,114.87802193913728,114.57962018598668,114.78847446947316,405009,1818,114.76621344083404,114.8572884733584,1342575,932636,0.18017625618019603,-2457.0,0.3395416454749949,301239.0,112.96866446400209,105.82594262151905,7.142721842483041,0.0204640802918874,-3972.0,0.29667523942502605,0.09107503252435833,NONE,115.7606513795494,0.008469290271252657,0
2026-08-12 02:38:00,114.76114535708165,114.98810253264398,114.75545109041414,114.7919936359272,153811,6040,114.72525755258395,114.8271571292743,1617699,1924009,-0.08648652006320115,4222.0,0.003519166454040601,-251198.0,113.05983092259835,105.90065971330577,7.15917120929258,0.0164493668095389,6679.0,0.003065783799560684,0.101899576690343,NONE,115.84514641446488,0.009174444533804728,0
2026-08-12 02:39:00,114.9970804307914,115.22829863114146,114.61757558969612,114.75440878215684,366145,4065,114.71729846483125,114.81577571891285,988775,1651461,-0.250994986811785,-1975.0,-0.0375848537703547,212334.0,113.14455981557629,105.9744409555462,7.170118860030087,0.010947650737506365,-6197.0,-0.03274170312744795,0.09847725408160102,NONE,115.6854611399472,0.008113434313079907,0
2026-08-12 02:40:00,115.07613518268828,115.10343873192082,114.54283646855382,115.03283920015222,160848,4259,115.02116783546336,115.1123329255849,676225,1071934,-0.22635755672109917,194.0,0.2784304179953807,-205297.0,113.23897378480508,106.04992760758458,7.189046177220504,0.018927317190417625,2169.0,0.24263156505293093,0.09116509012153529,NONE,115.48849280528584,0.003961074144582329,0
2026-08-12 02:41:00,115.10323347754849,115.622753149458,114.94286594000756,115.2409952276239,152635,1906,115.15101738738124,115.3345160143836,1535992,1983044,-0.12703820023438236,-2353.0,0.2081560274716736,-8213.0,113.33907485694601,106.12651983775159,7.212555019194426,0.023508841973921335,-2547.0,0.18095356849316957,0.18349862700235064,NONE,115.48445685941223,0.0021126304168707514,0
2026-08-12 02:42:00,114.72318385337168,114.8340025234761,114.42479271138824,114.77966125378876,120946,1602,114.74924018473682,114.81316269678774,1770222,1951627,-0.04874055879214874,-304.0,-0.4613339738351385,-31689.0,113.41110417678814,106.19862934955191,7.212474827236235,-8.019195819031211e-05,2049.0,-0.40032106016084645,0.06392251205092236,NONE,115.83901679408358,0.009229470872478714,0
2026-08-12 02:43:00,115.33546780878449,115.72395826793718,115.22965056442882,115.23332947924152,195852,5295,115.13969422058982,115.27346660483144,1702203,613947,0.4698555793018587,3693.0,0.4536682254527591,74906.0,113.5022154419108,106.27391851729931,7.228296924611499,0.01582209737526341,3997.0,0.39525140647493906,0.13377238424162385,NONE,116.00394853485238,0.006687466717254636,0
2026-08-12 02:44:00,115.8660278247603,115.84799179702786,115.39808068138204,115.6571835474733,453247,4527,115.58261444689424,115.70896752529904,1952744,510910,0.585242083506856,-768.0,0.4238540682317762,257395.0,113.60996384718894,106.35211239255075,7.257851454638185,0.02955453002668662,-4461.0,0.36782246086894954,0.12635307840480436,NONE,115.89372606548936,0.0020452038581673837,0
2026-08-12 02:45:00,115.3198618599689,115.86607746064222,115.4596958624268,115.4784601911927,405888,5543,115.39982137710066,115.57190592658894,1224353,1107045,0.050316591161183116,1016.0,-0.17872335628059943,-47359.0,113.70338866438912,106.42816529087277,7.275223373516354,0.017371918878168913,1784.0,-0.15452853925604915,0.17208454948827523,NONE,116.1253074736013,0.005601453997028048,0
2026-08-12 02:46:00,115.41727146666516,115.77655944658464,115.32064879913334,115.60526390517906,217729,2811,115.57713237055768,115.696388722292,967216,984365,-0.008787234554958261,-2732.0,0.12680371398636225,-188159.0,113.79848242642863,106.50464111265866,7.293841313769974,0.018617940253619736,-3748.0,0.10980724351226101,0.1192563517343217,NONE,115.26992643420394,-0.002900711089160849,0
2026-08-12 02:47:00,115.9477478970866,116.0744858181288,115.30026595473136,115.7606513795494,270231,8963,115.7295738812439,115.77874042475844,1615262,1252249,0.12659515517115716,6152.0,0.15538747437034317,52502.0,113.89659087408468,106.58177453154941,7.314816342535266,0.020975028765292336,8884.0,0.13441210989992847,0.04916654351454497,NONE,115.61284798864072,-0.0012768016519194268,0
2026-08-12 02:48:00,115.88410783220198,115.94115445683492,115.36093684921468,115.84514641446488,385815,6249,115.78823231662072,115.86702009878272,1399273,1294895,0.03874220167413465,-2714.0,0.08449503491547716,115584.0,113.99401865110369,106.65896929724039,7.3350493538632975,0.020233011328031125,-8866.0,0.0729911536506922,0.07878778216199578,NONE,115.08833610093876,-0.006532947965022543,0
2026-08-12 02:49:00,115.59863186675956,115.75847164959568,115.41518480225272,115.6854611399472,247522,5615,115.6599721532087,115.74005696590694,1056552,644408,0.24230081836139591,-634.0,-0.15968527451768466,-138293.0,114.07859077554585,106.73419006259628,7.3444007129495645,0.009351359086267053,2080.0,-0.1378437331732263,0.08008481269824586,NONE,114.97611692848818,-0.006131662565626141,0
2026-08-12 02:50:00,115.54195571389808,115.9575248750699,115.25939040265972,115.48849280528584,419957,9916,115.45100395294436,115.50808853983833,1785406,1157729,0.2132681647291069,4301.0,-0.19696833466134933,172435.0,114.14908587703285,106.80714258545203,7.341943291580819,-0.002457421368745827,4935.0,-0.17026196094171997,0.05708458689396423,NONE,114.6358405548192,-0.007383006131218832,0
2026-08-12 02:51:00,115.22088208551057,115.94328049836446,115.011948312288,115.48445685941223,196748,7766,115.44552523639696,115.52555913801363,940769,1967173,-0.3529657744205352,-2150.0,-0.004035945873610558,-223209.0,114.21585442615181,106.87945353773503,7.336400888416776,-0.005542403164042753,-6451.0,-0.003494673603898768,0.08003390161667312,NONE,114.24217297044682,-0.010757152284811292,0
2026-08-12 02:52:00,115.8393543447433,116.28275126419,115.50221187808523,115.83901679408358,339292,1802,115.81465010009084,115.86237147812317,685431,1398728,-0.34224692070038804,-5964.0,0.35455993467134306,142544.0,114.29701254454838,106.95411656487127,7.34289597967711,0.006495091260333652,-3814.0,0.30701961485861684,0.04772137803232113,NONE,114.58427106553376,-0.010831805753153687,0
2026-08-12 02:53:00,116.0367306521367,116.31666525993568,115.97149889508316,116.00394853485238,204733,3582,115.9754820798468,116.07119216681426,1396317,847238,0.24473614419971876,1780.0,0.16493174076880734,-134559.0,114.38235934406359,107.02953183128778,7.352827512775804,0.00993153309869399,7744.0,0.14238012833101,0.09571008696745764,NONE,114.43692505930896,-0.013508363252588971,0
2026-08-12 02:54:00,115.98615307944314,116.2978601710975,115.66086327665562,115.89372606548936,226865,7445,115.81275639970862,115.98918065434589,1689456,787551,0.36411079984836536,3863.0,-0.11022246936302338,22132.0,114.45792768013487,107.1034001165728,7.354527563562073,0.0017000507862690029,2083.0,-0.09501613587740154,0.17642425463726852,NONE,114.53295612572458,-0.011741532401812966,0
2026-08-12 02:55:00,116.02391787837205,116.15982594205698,116.00518496436916,116.1253074736013,445695,4837,116.10025984669204,116.2250135129278,1600906,1348984,0.08540047255999376,-2608.0,0.23158140811193562,218830.0,114.5412966698082,107.17858267788138,7.3627139919268245,0.008186428364751919,-6471.0,0.1998222129652394,0.12475366623576178,NONE,114.51007681156068,-0.013909376837669997,0
2026-08-12 02:56:00,115.27849515034428,115.43732095514927,115.0350242734796,115.26992643420394,491479,9718,115.257365268938,115.31369813612866,1138960,1715587,-0.20200297980730392,4881.0,-0.8553810393973578,45784.0,114.57772815802801,107.2460105425174,7.3317176155106125,-0.030996376416212,7489.0,-0.7366017434156769,0.05633286719066177,NONE,114.6435044438991,-0.005434392210377577,0
2026-08-12 02:57:00,115.52030552603476,115.76969955101929,115.38511520263752,115.61284798864072,401364,2665,115.5462060438041,115.67675912598102,800489,1116591,-0.1648872243203205,-7053.0,0.34292155443678496,-90115.0,114.62948414955864,107.31573418790177,7.3137499616568675,-0.01796765385374499,-11934.0,0.2974943812708464,0.13055308217691675,NONE,114.6559866440422,-0.008276427414819296,0
2026-08-12 02:58:00,115.1138744765062,115.40615876191508,114.79726369953138,115.08833610093876,379302,9651,114.99049762019344,115.17540018975592,1606331,1485080,0.03922189576216168,6986.0,-0.5245118877019621,-22062.0,114.65242674712763,107.3805058705104,7.27192087661723,-0.04182908503963745,14039.0,-0.45367958391051566,0.18490256956248174,NONE,114.25964673885258,-0.007200463488840211,0
2026-08-12 02:59:00,114.88658229625187,115.1540958152235,114.79773168331356,114.97611692848818,443136,7975,114.9363076851721,114.99668851503984,1354639,1807729,-0.14327554541406945,-1676.0,-0.11221917245057966,63834.0,114.66861125619566,107.4438026293269,7.224808626868764,-0.04711224974846573,-8662.0,-0.09750699006731978,0.060380829867739294,NONE,114.54620871285606,-0.0037391088437915784,0
2026-08-12 03:00:00,114.59503047090318,114.71009394564103,114.55370533009123,114.6358405548192,162576,3552,114.61516154153156,114.70790135181387,674811,1506156,-0.3811818335628187,-4423.0,-0.3402763736689849,-280560.0,114.66697272112683,107.503736278706,7.163236442420825,-0.06157218444793955,-2747.0,-0.2959539622308105,0.09273981028231049,NONE,114.38489002494896,-0.002189110566605325,0
2026-08-12 03:01:00,114.1425914309678,114.5404065081536,113.99031325315184,114.24217297044682,450171,8475,114.18083811116374,114.28896890000208,678810,1967962,-0.48706575405815083,4923.0,-0.3936675843723805,287595.0,114.64573273359284,107.55988991780386,7.085842815788979,-0.07739362663184579,9346.0,-0.3434070727506233,0.10813078883833782,NONE,113.903852449553,-0.0029614328237728485,0
2026-08-12 03:02:00,114.64938468971611,114.9914630258683,114.16916962336089,114.58427106553376,255260,3808,114.49269918653516,114.61282421995897,1391123,1096196,0.11857224585989976,-4667.0,0.3420980950869392,-194911.0,114.64265965018987,107.61842642736828,7.024233222821593,-0.061609592967386106,-9590.0,0.2994499195804412,0.12012503342380398,NONE,113.7604861060154,-0.0071893371739233285,0
2026-08-12 03:03:00,114.5227701709746,114.62798680653891,114.10491894527514,114.43692505930896,323687,6633,114.35635949912438,114.48317288499622,1129425,624506,0.2878784855276519,2825.0,-0.14734600622479377,68427.0,114.63237292064582,107.67524724930111,6.957125671344713,-0.06710755147688019,7492.0,-0.12859182578429662,0.12681338587184143,NONE,114.19491611655292,-0.0021147801955585465,0
2026-08-12 03:04:00,114.50949406872884,114.59909048327384,114.36377219276196,114.53295612572458,420974,7096,114.46692969756744,114.54979255155142,1764192,784513,0.38438304943098556,463.0,0.09603106641561965,97287.0,114.62740208089974,107.7323948232713,6.895007257628436,-0.06211841371627713,-2362.0,0.08391615413105846,0.08286285398398263,NONE,114.43332139335634,-0.0008699219485688791,0
2026-08-12 03:05:00,114.51390061105668,114.60842091021708,114.04231530018124,114.51007681156068,235091,9823,114.47172172686598,114.58266345493372,1385250,1490602,-0.03663331770897807,2727.0,-0.022879314163901654,-185883.0,114.6215358174328,107.78887550650705,6.832660310925746,-0.062346946702689365,2264.0,-0.01997618409393942,0.11094172806774338,NONE,114.311204153934,-0.0017367262616891565,0
2026-08-12 03:06:00,114.49864530243576,114.7622460964838,114.18740065827453,114.6435044438991,112419,3456,114.58473522830424,114.67625128408646,860654,1462048,-0.25891999920781916,-6367.0,0.13342763233842447,-122672.0,114.62263424875611,107.84599741431865,6.776636834437468,-0.05602347648827788,-9094.0,0.11652042864140899,0.09151605578222188,NONE,114.1880480093312,-0.003972806281325645,0
2026-08-12 03:07:00,114.62601897924152,114.80593544053946,114.55131244435012,114.6559866440422,133697,6423,114.6377746083248,114.69401315209625,1460905,540733,0.4597094979212025,2967.0,0.012482200143097089,21278.0,114.6243018685204,107.90274732456633,6.7215545439540705,-0.055082290483397855,9334.0,0.010887838960993435,0.05623854377144255,NONE,114.07232469811194,-0.005090549242250039,0
2026-08-12 03:08:00,114.2546262771484,114.58104427410574,114.2399379462924,114.25964673885258,447076,5317,114.18854165066732,114.2805440556943,1170740,1262129,-0.03756429137779305,-1106.0,-0.39633990518962037,313379.0,114.60606911203702,107.95572148635205,6.650347625684972,-0.0712069182690982,-4073.0,-0.3456774624600145,0.09200240502698875,NONE,114.67526575845572,0.0036374961017782985,0
2026-08-12 03:09:00,114.80828802195906,114.84668145512492,114.17555435868069,114.54620871285606,481856,2556,114.47095007115529,114.63402803310616,780356,1155949,-0.19397408982572478,-2761.0,0.28656197400347594,34780.0,114.60307609207798,108.01064221323959,6.592433878838392,-0.05791374684658024,-1655.0,0.25079893224109195,0.16307796195087576,NONE,114.76891609561308,0.0019442580008501565,0
2026-08-12 03:10:00,114.27369332237156,114.73292995573247,113.9710848942744,114.38489002494896,195428,3205,114.28803717888708,114.43930001008442,1838894,1225959,0.19998838443475103,649.0,-0.16131868790709802,-286428.0,114.59216678872153,108.06376094500384,6.528405843717692,-0.06402803512069966,3410.0,-0.1408328479133636,0.15126283119734296,NONE,114.8761550533236,0.004294841987149612,0
2026-08-12 03:11:00,114.05027017342825,114.08510344181876,113.41992016657731,113.903852449553,239045,4955,113.87041668726594,113.96534566855378,1948653,1371985,0.1736618083633326,1750.0,-0.48103757539595904,43617.0,114.55775107176312,108.1124283742084,6.445322697554715,-0.08308314616297707,1101.0,-0.4205429364761759,0.09492898128783622,NONE,115.1626271911114,0.011051204278765705,0
2026-08-12 03:12:00,113.86017198336198,114.17248493195538,113.31556790897125,113.7604861060154,339073,7805,113.74882502830152,113.82173504749392,1128937,1239270,-0.0465892550777867,2850.0,-0.14336634353759337,100028.0,114.51788782347573,108.15949552197347,6.358392301502263,-0.0869303960524519,1100.0,-0.1258661058905708,0.07291001919239193,NONE,115.2108157037992,0.012748975038944581,0
2026-08-12 03:13:00,114.22297975700197,114.29695994713082,113.89464873244972,114.19491611655292,186649,1404,114.1358113547545,114.24186049686163,1075607,1899155,-0.2768450047432366,-6401.0,0.4344300105375112,-152424.0,114.5017392381296,108.20979069359495,6.291948544534648,-0.06644375696761529,-9251.0,0.3818812888445766,0.106049142107139,NONE,115.10882366251128,0.008003049321614176,0
2026-08-12 03:14:00,114.60918344177584,114.66784176711542,114.16829522375016,114.43332139335634,484793,2620,114.35971024796062,114.46064908574576,917579,1597584,-0.270362199189476,1216.0,0.2384052768034195,298144.0,114.49831834589095,108.2616534494263,6.236664896464646,-0.0552836480700023,7617.0,0.20877048200647064,0.10093883778513657,NONE,115.02481246975664,0.005168871000144218,0
2026-08-12 03:15:00,114.34841470119468,114.7116735147047,114.2972836283027,114.311204153934,373280,3952,114.23006748110453,114.38826610129884,1636422,1023343,0.2305011908946843,1332.0,-0.12211723942233732,-111513.0,114.48896263629311,108.31206637196387,6.176896264329244,-0.059768632135401845,116.0,-0.1067147557507031,0.1581986201943124,NONE,114.97740348263784,0.005827944282755706,0
2026-08-12 03:16:00,114.226963928898,114.27812733319752,114.06471978590882,114.1880480093312,446883,9080,114.16061150535896,114.2094830732134,670372,1091082,-0.2388424562889522,5128.0,-0.12315614460280244,73603.0,114.47391690494503,108.3610328856086,6.112884019336434,-0.06401224499281,3796.0,-0.10773759712736641,0.04887156785444802,NONE,114.93949044673906,0.006580745099928969,0
2026-08-12 03:17:00,114.0670126328102,114.12725625498231,113.84251732224548,114.07232469811194,424646,4118,114.0387669398986,114.09167333923703,554808,1627710,-0.49158907280489783,-4962.0,-0.11572331121925572,-22237.0,114.45383729460339,108.40862698404612,6.045210310557266,-0.0676737087791679,-10090.0,-0.10134450429505337,0.05290639933843977,NONE,115.13021995041804,0.009273899301217676,0
2026-08-12 03:18:00,114.79762264669758,115.11710774229972,114.36101380841392,114.67526575845572,262357,8380,114.61913257518164,114.7491788118394,1423447,1863610,-0.13390793040704801,4262.0,0.602941060343781,-162289.0,114.46490871779599,108.46084897383288,6.004059743963111,-0.041150566594154725,9224.0,0.5285603339280076,0.13004623665776194,NONE,115.11743626818986,0.003855849008150532,0
2026-08-12 03:19:00,114.87856301899416,114.94038092699267,114.49029017895388,114.76891609561308,385183,7630,114.72916202271578,114.79771142745376,1759753,877403,0.3345839229836991,-750.0,0.09365033715735649,122826.0,114.48010908668684,108.5134161998477,5.966692886839141,-0.037366857123970476,-5012.0,0.08166568138121555,0.0685494047379791,NONE,115.30805780458373,0.004697628306618247,0
2026-08-12 03:20:00,114.813587324574,115.21809011577812,114.50483705848276,114.8761550533236,428864,1565,114.78870901953074,114.91376460094536,1066904,1983296,-0.3004366926758901,-6065.0,0.10723895771052128,43681.0,114.49991138501869,108.56643902362666,5.933472361392035,-0.0332205254471063,-5315.0,0.09343902631369083,0.12505558141461393,NONE,115.25387449768856,0.0032880578583921547,0
2026-08-12 03:21:00,115.03070247165152,115.17530149324335,115.02274372566788,115.1626271911114,223168,5799,115.1099887772749,115.21539766314156,1259103,1995166,-0.2261838219274436,4234.0,0.286472137787797,-205696.0,114.53304717532333,108.6214072583557,5.91163991696763,-0.021832444424404684,10299.0,0.24937476158983785,0.10540888586665176,NONE,115.24670421056426,0.0007300720859149727,0
2026-08-12 03:22:00,115.19051764005964,115.55583914800393,114.92833939997296,115.2108157037992,188263,8670,115.12885362583002,115.26125732230486,656359,1840124,-0.4741730666701916,2871.0,0.04818851268780122,-34905.0,114.56693560174713,108.67631899540108,5.890616606346057,-0.021023310621572477,-1363.0,0.04184388100823,0.13240369647483874,NONE,114.61569612544096,-0.00516548359390369,0
2026-08-12 03:23:00,115.02881980607152,115.26687431828476,115.06475254081587,115.10882366251128,159155,3868,115.04656788406788,115.18259578376714,1189331,827367,0.17948349232259864,-4802.0,-0.1019920412879145,-29108.0,114.59403000478535,108.72992320096031,5.864106803825038,-0.02650980252101931,-7673.0,-0.08852644664033571,0.13602789969925766,NONE,114.85826512845767,-0.0021767100564612243,0
2026-08-12 03:24:00,115.01846001229512,115.05268289655038,114.81797970796504,115.02481246975664,116911,9776,114.94523435701112,115.09092133116656,556152,1528512,-0.46643487871426764,5908.0,-0.08401119275464453,-42244.0,114.61556912803391,108.78238061153363,5.833188516500286,-0.030918287324752214,10710.0,-0.07298414672445297,0.14568697415543852,NONE,114.92910670721923,-0.0008320444996384592,0
2026-08-12 03:25:00,115.10114729610623,115.28230986341188,114.60232306616052,114.97740348263784,100916,5327,114.9374629138501,115.0453991372432,542351,1287069,-0.4070787462693094,-4449.0,-0.04740898711879993,-15995.0,114.6336608457641,108.83400580212616,5.799655043637941,-0.03353347286234509,-10357.0,-0.04121631333349196,0.1079362233930965,NONE,115.19463500464994,0.0018893409959888537,0
2026-08-12 03:26:00,114.8937602812304,115.05989235477564,114.59279002002454,114.93949044673906,421196,7413,114.85466295076532,115.01375533649804,727977,1245512,-0.26224367098068446,2086.0,-0.037913035898782255,320280.0,114.64895232581284,108.88488484083126,5.764067484981581,-0.035587558656359874,6535.0,-0.03297433647865278,0.15909238573271978,NONE,114.29111991426862,-0.005640972740964785,0
2026-08-12 03:27:00,115.12593761228688,115.32362357144396,114.63489858183196,115.13021995041804,332695,8614,115.09550844201844,115.16655509588615,1933097,1913906,0.004988558626026546,1201.0,0.19072950367898045,-88501.0,114.6730157070431,108.93692930007782,5.736086406965285,-0.027981078016296124,-885.0,0.16593905448656354,0.07104665386771103,NONE,114.88223627346244,-0.0021539407903710716,0
2026-08-12 03:28:00,115.1232385416707,115.15772667433312,114.97849070519598,115.11743626818986,379934,2245,115.05828737546956,115.1564462662519,560616,777972,-0.16237707195940798,-6369.0,-0.012783682228175053,47239.0,114.69523673510045,108.9884335248121,5.706803210288356,-0.02928319667692847,-7570.0,-0.011103672201517867,0.09815889078234363,NONE,114.8042120583949,-0.002720910228275468,0
2026-08-12 03:29:00,115.39290089280424,115.3816394301312,115.05896315499672,115.30805780458373,498422,9243,115.27879716439809,115.35747760189432,1703545,684616,0.42665842043312824,6998.0,0.1906215363938628,118488.0,114.72587778857462,109.04109706047686,5.684780728097763,-0.022022482190592996,13367.0,0.16558876098471398,0.07868043749623155,NONE,115.09977473708734,-0.001806318408808564,0
2026-08-12 03:30:00,115.02918556429012,115.40286311543647,115.08910929080156,115.25387449768856,221937,1537,115.20107711074222,115.2915460932616,1833730,984948,0.30112769177607374,-7706.0,-0.054183306895168926,-276485.0,114.75227762403033,109.09287020578695,5.659407418243376,-0.02537330985438757,-14704.0,-0.046990043824168826,0.09046898251938273,NONE,114.75017252017652,-0.004370369149907745,0
2026-08-12 03:31:00,115.18603418108772,115.29158396084432,115.02640265353467,115.24670421056426,185053,1540,115.20806844170848,115.34534861877164,1699762,1126264,0.2029344386782004,3.0,-0.007170287124296237,-36884.0,114.77699895335702,109.14415215582676,5.632846797530263,-0.026560620713112826,7709.0,-0.006221298117348173,0.1372801770631611,NONE,114.89564267916298,-0.0030461741514088755,0
2026-08-12 03:32:00,114.63682449466891,115.07110925778412,114.18722106050627,114.61569612544096,412094,1814,114.5816928166836,114.69896079881887,1794885,1069385,0.25329316021185155,274.0,-0.6310080851232982,227041.0,114.7689338119612,109.18974835557354,5.579185456387663,-0.05366134114260035,271.0,-0.547528095875438,0.11726798213527445,NONE,114.54053125283372,-0.000655799119563711,0
2026-08-12 03:33:00,114.97827302410036,114.86128865004969,114.51616059086344,114.85826512845767,478355,2415,114.76123647683517,114.88308405040073,783269,1137559,-0.1844464991139238,601.0,0.2425690030167118,66261.0,114.77340037778603,109.23698599534758,5.536414382438451,-0.04277107394921131,327.0,0.2116368099803978,0.1218475735655602,NONE,114.3135960203309,-0.004742097641102361,0
2026-08-12 03:34:00,114.8799164624686,115.1710368166514,114.48788611154544,114.92910670721923,418505,2652,114.90470003772543,114.9396101812486,987310,1056490,-0.0338487131813289,237.0,0.07084157876155928,-59850.0,114.78118569425769,109.28442033461319,5.496765359644499,-0.03964902279395233,-364.0,0.06167738880813456,0.03491014352316313,NONE,114.84729018098288,-0.0007118869064629464,0
2026-08-12 03:35:00,115.00697973404576,115.2562587337162,115.092879450484,115.19463500464994,423595,5062,115.11377567927876,115.2084854987922,943612,1577280,-0.25136657976620974,2410.0,0.2655282974307056,5090.0,114.80185815977731,109.33367212353015,5.468186036247161,-0.02857932339733793,2173.0,0.23103659728873627,0.09470981951344015,NONE,114.74886672624837,-0.0038696965217484237,0
2026-08-12 03:36:00,114.35309105886525,114.4449594590076,113.8544393553479,114.29111991426862,399840,3356,114.19254506791512,114.32308562486249,1724494,1639987,0.025117395521032815,-1706.0,-0.9035150903813189,-23755.0,114.77632124750187,109.37498418845298,5.401337059048885,-0.06684897719827632,-4116.0,-0.7843378212404106,0.13054055694736633,NONE,114.77218170214564,0.004209091557050764,0
2026-08-12 03:37:00,114.81870003457988,115.34526605337156,114.85235513637323,114.88223627346244,202395,4810,114.87044513992583,114.90252248918776,913612,1047929,-0.06847524471831076,1454.0,0.5911163591938191,-197445.0,114.78161699879988,109.42087795582806,5.360739042971815,-0.04059801607706959,3160.0,0.5172023510113588,0.03207734926192529,NONE,114.99059844511446,0.0009432456676250294,0
2026-08-12 03:38:00,114.68524539248584,114.88505933503188,114.35991241817632,114.8042120583949,486265,1185,114.7312995911311,114.86221248873522,854805,1848199,-0.36751480944904263,-3625.0,-0.07802421506754342,283870.0,114.78274675177963,109.46573907334944,5.317007678430187,-0.04373136454162818,-5079.0,-0.0679166924308583,0.1309128976041194,NONE,115.09601832905255,0.002541773210457057,0
2026-08-12 03:39:00,115.03734019811604,115.58269089694652,114.935237847357,115.09977473708734,408872,2551,115.06701267458728,115.1869943071328,1281444,709843,0.28705103784637775,1366.0,0.29556267869244834,-77393.0,114.79859815104503,109.51268937054725,5.285908780497778,-0.031098897932409386,4991.0,0.25744933342872756,0.11998163254553162,NONE,115.0971859171368,-2.2491963659002475e-05,0
2026-08-12 03:40:00,114.73171998441094,114.85306970867124,114.5928787034695,114.75017252017652,417545,8013,114.73652861598698,114.82648004005873,1016941,1308459,-0.12536251827642556,5462.0,-0.3496022169108244,8673.0,114.7961768695016,109.55633506346084,5.239841806040758,-0.04606697445701968,4096.0,-0.3037384023638512,0.08995142407174228,NONE,115.16205055849711,0.003589345700096215,0
2026-08-12 03:41:00,114.83516821270916,115.2664257333964,114.63959839081365,114.89564267916298,297298,1761,114.84938261705688,114.92504749484036,1112404,1515967,-0.1535411096835264,-6252.0,0.14547015898645554,-120247.0,114.80115015998464,109.60082929359169,5.200320866392957,-0.0395209396478009,-11714.0,0.12677118978698942,0.07566487778348119,NONE,115.83779394233352,0.008200060865679886,0
2026-08-12 03:42:00,114.3199746471238,114.81386988528236,114.0701861589721,114.54053125283372,125103,7163,114.44636164991834,114.58646818587604,619233,805056,-0.13046720153002656,5402.0,-0.35511142632925896,-172195.0,114.78811921462709,109.64199347658538,5.146125738041704,-0.054195128351253175,11654.0,-0.3090730144753029,0.14010653595769895,NONE,115.77457743976478,0.010773882165842819,0
2026-08-12 03:43:00,114.40330264001962,114.75583538412928,114.2897053379902,114.3135960203309,357777,8635,114.30253716183788,114.36930649918872,1965366,1006313,0.32273102175571455,1472.0,-0.2269352325028109,232674.0,114.76439305491229,109.68092349778325,5.083469557129035,-0.06265618091266845,-3930.0,-0.19812657582483073,0.06676933735084845,NONE,115.78833489486078,0.012900817801826399,0
2026-08-12 03:44:00,114.97477768511074,115.12428680873444,114.6711746934475,114.84729018098288,412188,4281,114.7843804687092,114.93020870743815,513869,870371,-0.25754348956828294,-4354.0,0.5336941606519758,54411.0,114.76853791121582,109.72397655347659,5.0445613577392265,-0.03890819938980883,-5826.0,0.4668684909160392,0.1458282387289529,NONE,116.05632584972484,0.01052733300748058,0
2026-08-12 03:45:00,114.81401892538231,115.01614633582652,114.3205807319067,114.74886672624837,157730,2536,114.69374104317478,114.83438767052792,959410,985774,-0.013553473604553605,-1745.0,-0.0984234547345153,-254458.0,114.76755435196745,109.76585063824969,5.00170371371776,-0.04285764402146697,2609.0,-0.08569941404747983,0.14064662735313505,NONE,116.34015356379496,0.013867560377244141,0
2026-08-12 03:46:00,114.65841313510316,114.86991070232985,114.57415446342792,114.77218170214564,125825,7201,114.68357712735224,114.86405635021734,1086455,702546,0.21459406674451273,4665.0,0.0233149758972786,-31905.0,114.76778571947636,109.80757006378217,4.960215655694199,-0.04148805802356037,6410.0,0.020318262447771573,0.18047922286510243,NONE,116.64781640211208,0.016342241405099784,0
2026-08-12 03:47:00,114.9704492917197,115.07371312614028,114.89101999631592,114.99059844511446,307328,4164,114.9730382908076,115.04643051765972,1792334,628773,0.48059049021790445,-3037.0,0.21841674296881308,181503.0,114.77892635575827,109.85076196695994,4.928164388798336,-0.032051266895862796,-7702.0,0.1903046014544163,0.07339222685212121,NONE,116.7903816518705,0.015651568311604983,0
2026-08-12 03:48:00,115.0953661975296,115.55426290461033,114.88362123838684,115.09601832905255,137271,3770,115.02468098636275,115.16850305623178,1167482,609658,0.3138886075379542,-394.0,0.10541988393809731,-170057.0,114.79478095442298,109.89447243664404,4.900308517778939,-0.027855871019397682,2643.0,0.09167695912846163,0.14382206986903157,NONE,116.39782752988992,0.011310636282096003,0
2026-08-12 03:49:00,115.157065356093,115.2611050165618,114.90440966639096,115.0971859171368,177256,8399,115.0259760442778,115.11724795054783,1723475,1066980,0.23526449987546832,4629.0,0.0011675880842432207,39985.0,114.80990120255868,109.9378283823148,4.872072820243872,-0.028235697535066606,5023.0,0.0010144469819062252,0.09127190627003756,NONE,116.83761434889531,0.01512138127348763,0
2026-08-12 03:50:00,115.22888460736893,115.34809168597856,114.70434245776376,115.16205055849711,166433,4845,115.0918333569795,115.22292656489296,751536,1056497,-0.16867004086761692,-3554.0,0.064864641360316,-10823.0,114.82750867035558,109.98136356711633,4.846145103239252,-0.025927717004620376,-8183.0,0.05635640944949838,0.1310932079134517,NONE,116.44288704159491,0.011122036095104036,0
2026-08-12 03:51:00,115.76437656245568,116.21770577154771,115.456826754462,115.83779394233352,313702,4435,115.74298383778938,115.87017620518594,1045965,1212923,-0.07391158835674898,-410.0,0.6757433838364051,147269.0,114.87802293395448,110.03016715357647,4.847855780378012,0.0017106771387602748,3144.0,0.5867760955621026,0.12719236739656026,NONE,116.48228199030946,0.005563711341885362,0
2026-08-12 03:52:00,115.78277699540614,115.9439891809762,115.52201966189278,115.77457743976478,201999,5710,115.69049956215416,115.82343195941718,921439,1343170,-0.18622684975640386,1275.0,-0.06321650256873568,-111703.0,114.922850659245,110.0780372392947,4.844813419950299,-0.00304236042771322,1685.0,-0.05457329634592778,0.1329323972630192,NONE,116.20404069205496,0.003709478037297244,0
2026-08-12 03:53:00,115.83406293532232,116.26436611818028,115.2941496115,115.78833489486078,332062,1561,115.77455734949886,115.85539944060838,923030,1847962,-0.3337909311899854,-4149.0,0.013757455095998239,130063.0,114.9661248710258,110.12562305309108,4.840501817934722,-0.0043116020155764545,-5424.0,0.011882967228404873,0.0808420911095169,NONE,116.13228704170248,0.0029705250287433527,0
2026-08-12 03:54:00,116.20190808193952,116.42528973422424,115.82368708408688,116.05632584972484,123572,5717,116.00392839316144,116.08945458413169,625662,1427445,-0.3905217799169746,4156.0,0.2679909548640609,-208490.0,115.02063491996076,110.17504557639634,4.845589343564413,0.005087525629690504,8305.0,0.23144901004699125,0.08552619097024206,NONE,116.17785936310676,0.0010471942179117993,0
2026-08-12 03:55:00,116.41060421777745,116.63886818508166,116.31103464838482,116.34015356379496,138546,8623,116.29433778873684,116.35485021899666,976827,1424577,-0.1864534247465233,2906.0,0.28382771407011376,14974.0,115.08661085215246,110.22642147629134,4.860189375861125,0.014600032296712584,-1250.0,0.24456031327204641,0.060512430259819894,NONE,116.22067531544091,-0.0010269734454882464,0
2026-08-12 03:56:00,116.72672207084965,117.08826398238446,116.5166792412046,116.64781640211208,416309,8187,116.60990315221392,116.65873744918888,936401,607966,0.21266641931613406,-436.0,0.30766283831712826,277763.0,115.16467112965043,110.27993310067318,4.884738028977253,0.02454865311612764,-3342.0,0.26445111931918674,0.04883429697495956,NONE,116.29313505869744,-0.003040617084437922,0
2026-08-12 03:57:00,116.79876431466344,116.81518460604524,116.57234641176083,116.7903816518705,425834,3180,116.73976134660664,116.80237601006952,1101082,1193187,-0.04014568474751653,-5007.0,0.14256524975841955,9525.0,115.24595665576143,110.33418683859982,4.911769817161613,0.027031788184359584,-4571.0,0.12221853280729444,0.06261466346288103,NONE,116.72261631909332,-0.0005802304249606814,0
2026-08-12 03:58:00,116.53887344441029,116.52635887598451,116.31937621781688,116.39782752988992,306271,2960,116.35325005324658,116.40857900626617,1513567,677297,0.38170785589612133,-220.0,-0.3925541219805808,-119563.0,115.30355019946788,110.3847171776939,4.9188330217739775,0.007063204612364871,4787.0,-0.33611853684211157,0.05532895301958263,NONE,116.80353857711371,0.0034855551502420137,0
2026-08-12 03:59:00,116.87859062849128,117.07013251600578,116.36383178573332,116.83761434889531,136948,4879,116.78870429790624,116.85754630398554,1624251,1192456,0.1532978048480016,1919.0,0.4397868190053913,-169323.0,115.38025340693926,110.43849132078725,4.941762086152011,0.022929064378033104,2139.0,0.3778307794382707,0.0688420060793078,NONE,116.67465745723472,-0.0013947297072840288,0
2026-08-12 04:00:00,116.35677825057758,116.5563763113307,116.05946259268605,116.44288704159491,389151,6153,116.34475347369016,116.47444102590624,540503,1205906,-0.3810121225898401,1274.0,-0.39472730730039984,252203.0,115.43338508867205,110.48852795179397,4.944857136878085,0.003095050726074078,-645.0,-0.3378426626562958,0.1296875522160832,NONE,116.90776328513692,0.003992311212413931,0
2026-08-12 04:01:00,116.622618987322,116.85423458396052,116.34813839009556,116.48228199030946,200819,8035,116.464305022582,116.51219192658588,1080484,1939977,-0.28455689379866184,1882.0,0.03939494871454485,-188332.0,115.48582993375392,110.53847590211493,4.947354031638994,0.0024968947609096404,608.0,0.0338319924174213,0.04788690400388873,NONE,117.20800790605146,0.0062303545512817065,0
2026-08-12 04:02:00,116.27383101930889,116.66364470758184,115.90863842529602,116.20404069205496,453351,4270,116.11103991376947,116.30285238553115,1107612,830453,0.14300810344338297,-3765.0,-0.2782412982544997,252532.0,115.52174047166898,110.5856889420311,4.936051529637879,-0.011302502001115045,-5647.0,-0.2388700611803296,0.19181247176167915,NONE,116.782662907453,0.004979363987276589,0
2026-08-12 04:03:00,116.08798263958964,116.34417210166794,115.77156246314767,116.13228704170248,438916,5687,116.07906573749008,116.16982759117128,918277,1110784,-0.09487491997529891,1417.0,-0.07175365035247694,-14435.0,115.55226780017065,110.63191059286169,4.920357207308967,-0.01569432232891188,5182.0,-0.061747982191628914,0.09076185368120093,NONE,116.9043643039167,0.006648256758578791,0
2026-08-12 04:04:00,116.12991006636685,116.3489256631627,115.70721989865336,116.17785936310676,122024,1582,116.1117225610118,116.19932723360913,847694,1185628,-0.16619797552969967,-4105.0,0.04557232140427914,-316892.0,115.58354737831743,110.67812683261373,4.905420545703706,-0.014936661605261747,-5522.0,0.03924173248039953,0.08760467259732252,NONE,117.05675177071386,0.007565059404823192,0
2026-08-12 04:05:00,116.250332869955,116.70145068150973,115.77985764085322,116.22067531544091,343480,1288,116.13595884844534,116.27977594441604,1366763,1260397,0.04048706588102742,-294.0,0.04281595233415203,221456.0,115.6154037751736,110.72431473663728,4.891089038536322,-0.014331507167383961,3811.0,0.03685379690145929,0.1438170959707037,NONE,116.90908295077968,0.005923280289589763,0
2026-08-12 04:06:00,116.3394535382242,116.5155612751112,116.03553894562832,116.29313505869744,182912,6664,116.250693386074,116.3803512296832,1712280,610078,0.4746046905774217,5376.0,0.07245974325653037,-160568.0,115.64929033934979,110.77072157265444,4.878568766695352,-0.012520271840969599,5670.0,0.062346689227088525,0.12965784360919486,NONE,117.2629702087006,0.008339573522664408,0
2026-08-12 04:07:00,116.74234554565643,116.96714051931797,116.3352900091968,116.72261631909332,355233,8979,116.6738783473654,116.7936417530042,650424,1644818,-0.43324146212033415,2315.0,0.42948126039587464,172321.0,115.70295663833697,110.82032069554143,4.882635942795545,0.004067176100193137,-3061.0,0.36930921174247455,0.11976340563879262,NONE,117.15871420091386,0.003736190085290331,0
2026-08-12 04:08:00,116.834669444458,116.97936351328468,116.52246620019991,116.80353857711371,333746,4859,116.75668191388864,116.8401859651359,1834373,943092,0.32089729303519576,-4120.0,0.08092225802039366,-21487.0,115.7579857352758,110.87018084455454,4.887804890721256,0.005168947925710654,-6435.0,0.06932868759483846,0.08350405124726024,NONE,117.13674380501028,0.002852698059970061,0
2026-08-12 04:09:00,116.84465319469236,117.12943169374078,116.39830551221196,116.67465745723472,361139,4060,116.6309316652065,116.73520291161594,698187,1382479,-0.3288812332205169,-799.0,-0.1288811198789972,27393.0,115.80381932137375,110.91855148299355,4.8852678383802015,-0.002537052341054391,3321.0,-0.11034008168674392,0.1042712464094393,NONE,117.02478554276529,0.0030008923373861618,0
2026-08-12 04:10:00,117.0149176003604,117.19224102677784,116.85039230596784,116.90776328513692,447625,2183,116.81446564618872,116.98210032281496,1383726,1188839,0.07575590898577879,-1877.0,0.23310582790220735,86486.0,115.85901651956189,110.96846158134476,4.890554938217136,0.005287099836934317,-1078.0,0.19979131114025162,0.16763467662623555,NONE,116.9690398463455,0.0005241445006446615,0
2026-08-12 04:11:00,117.22707146517796,117.58909519964229,117.1449390770434,117.20800790605146,450697,5335,117.12340421584408,117.28353731036457,1068043,628863,0.2588122147013447,3152.0,0.3002446209145404,3072.0,115.92646608888637,111.02045780071731,4.906008288169062,0.015453349951926043,5029.0,0.25682179906414415,0.1601330945204893,NONE,116.57936596925336,-0.005363472582026942,0
2026-08-12 04:12:00,116.87679396552974,117.18856626662844,116.51789609994177,116.782662907453,232828,2446,116.76285290836532,116.85265136842978,834132,540478,0.21362713787910753,-2889.0,-0.42534499859846164,-217869.0,115.9692759298147,111.06847617660678,4.90079975320792,-0.005208534961141709,-6041.0,-0.3628975581083105,0.08979846006445769,NONE,116.08619823473704,-0.005963767697846474,0
2026-08-12 04:13:00,116.80111191356394,117.07528882487532,116.76993353142718,116.9043643039167,331749,7679,116.88463320219375,116.9927372421465,1324353,659574,0.335082389624215,5233.0,0.12170139646369194,98921.0,116.0160303485198,111.1171085776677,4.8989217708521124,-0.0018779823558077169,8122.0,0.10421186966780294,0.10810403995274953,NONE,116.50304705115072,-0.0034328680127174013,0
2026-08-12 04:14:00,117.09654447570854,117.27359893637404,117.04623331948362,117.05675177071386,202488,7213,117.00824351437709,117.14506126196484,952219,1275128,-0.14497471655741112,-466.0,0.15238746679716542,-129261.0,116.0680664196295,111.1666056042764,4.901460815353104,0.0025390445009918494,-5699.0,0.13035224792892208,0.1368177475877559,NONE,116.18711665953,-0.0074291751481987195,0
2026-08-12 04:15:00,117.090013585753,117.33331883798284,116.5476633488296,116.90908295077968,196741,2903,116.89020378687374,116.97118724112632,1333100,1824114,-0.15552129187315145,-4310.0,-0.14766881993418224,-5747.0,116.110117246187,111.21445958216394,4.895657664023062,-0.005803151330042056,-3844.0,-0.12615147584432718,0.08098345425257492,NONE,115.8275286916377,-0.009251242348700403,0
2026-08-12 04:16:00,117.24116561916136,117.4445978845385,117.2467269103555,117.2629702087006,289123,8894,117.1972518301262,117.3116572819206,1865895,1778342,0.024025056548188276,5991.0,0.3538872579209169,92382.0,116.1677598943127,111.26486383738506,4.902896056927631,0.007238392904568514,10301.0,0.30270296283985143,0.1144054517943971,NONE,115.11902418564942,-0.018283231434744064,0
2026-08-12 04:17:00,117.07395080805196,117.55568176763978,116.86107578036184,117.15871420091386,331773,3377,117.1357819562603,117.22645552751472,1864172,1164622,0.23096651670598925,-5517.0,-0.10425600778673072,42650.0,116.21730760964276,111.31397925708114,4.903328352561616,0.00043229563398483606,-11508.0,-0.08890786887043589,0.09067357125441333,NONE,114.86454210412924,-0.019581745262673134,0
2026-08-12 04:18:00,117.07153491615097,117.60723996629748,116.8671469079466,117.13674380501028,440354,1847,117.07973021125326,117.22038288513362,699395,1553063,-0.37899397014283953,-1530.0,-0.021970395903579742,108581.0,116.26327941941113,111.36250229498056,4.900777124430576,-0.0025512281310398066,3987.0,-0.018752677556621578,0.14065267388035352,NONE,114.40452670161996,-0.023325021804758934,0
2026-08-12 04:19:00,116.91582223903104,117.33639072929928,116.54037819747636,117.02478554276529,274166,8370,117.01413574753494,117.03529423220098,808293,1182701,-0.18805079271961644,6523.0,-0.11195826224499683,-166188.0,116.30135472557883,111.4096879887121,4.891666736866739,-0.009110387563836753,8053.0,-0.09557911429685095,0.02115848466604575,NONE,114.83375910842992,-0.01872275539043553,0
2026-08-12 04:20:00,116.89056365553272,117.33985349007143,116.72693327667167,116.9690398463455,318961,7341,116.93054617498836,117.06831957715684,1793541,758432,0.405611266263397,-1029.0,-0.0557456964197911,44795.0,116.33473898161716,111.45601592085904,4.878723060758119,-0.012943676108619684,-7552.0,-0.04763580310037652,0.13777340216847733,NONE,115.07305969828543,-0.01620924776804773,0
2026-08-12 04:21:00,116.54231515939436,116.98191462527392,116.54756525106444,116.57936596925336,497751,2239,116.5084188041228,116.60582640876298,1302271,1657500,-0.12001908255740056,-5102.0,-0.38967387709213597,178790.0,116.34697033099899,111.49871050459566,4.848259826403321,-0.03046323435479792,-4073.0,-0.33314275093992984,0.09740760464018194,NONE,114.80270899158604,-0.015239892264776003,0
2026-08-12 04:22:00,115.9456415328192,116.50871805918536,115.81035425083384,116.08619823473704,147367,6600,116.03263473011654,116.13852064344644,1020724,1955362,-0.31404939238987045,4361.0,-0.49316773451631946,-350384.0,116.3339317261859,111.53693956901353,4.796992157172369,-0.051267669230952606,9463.0,-0.4230317521596305,0.1058859133298995,NONE,115.41428443983494,-0.005788059262165035,0
2026-08-12 04:23:00,116.50460888454568,116.70057372007912,116.08249896584267,116.50304705115072,338544,5791,116.40500279741082,116.59152972728658,1948811,1081556,0.2861881085690281,-809.0,0.4168488164136761,191177.0,116.34238749243414,111.57832379803133,4.764063694402807,-0.032928462769561406,-5170.0,0.3590855956629557,0.18652692987576813,NONE,115.6444205228082,-0.007369992030899687,0
2026-08-12 04:24:00,116.27734437690869,116.212748389118,115.68869201738929,116.18711665953,159884,3365,116.09844731788404,116.21737029544398,1150329,1578181,-0.15680792813660202,-2426.0,-0.3159303916207108,-178660.0,116.33462395078894,111.61673040521049,4.717893545578448,-0.0461701488243591,-1617.0,-0.2711777928709469,0.11892297755994719,NONE,115.48235073771502,-0.00606578372953517,0
2026-08-12 04:25:00,115.736753073623,116.02846682725608,115.61235710479316,115.8275286916377,244352,6055,115.78521232152382,115.88044026178872,1836910,1748756,0.0245851119429417,2690.0,-0.35958796789230973,84468.0,116.30926918783139,111.65182039093071,4.657448796900681,-0.06044474867776728,5116.0,-0.3094903963802076,0.09522794026490544,NONE,114.66769334952386,-0.010013468777371684,0
2026-08-12 04:26:00,115.2709525780136,115.45590230054148,114.95887481440106,115.11902418564942,464716,6622,115.10493039691691,115.14095658186572,999127,1364638,-0.15463085374392124,567.0,-0.7085045059882731,220364.0,116.24975693772228,111.6807137558867,4.569043181835582,-0.08840561506509914,-2123.0,-0.6116892192999268,0.036026184948809714,NONE,115.2899366854381,0.0014846590387444939,0
2026-08-12 04:27:00,114.91562131298198,115.08971729701962,114.41121545565323,114.86454210412924,153251,1372,114.77843573711888,114.91009897341416,1821648,1477602,0.10428006365082973,-5250.0,-0.25448208152018026,-311465.0,116.18049619604263,111.70724565878872,4.473250537253904,-0.09579264458167813,-5817.0,-0.22105997103466501,0.13166323629528165,NONE,114.80783332523896,-0.0004937013446575509,0
2026-08-12 04:28:00,114.50758476018238,114.77900827705017,114.3089056370819,114.40452670161996,184821,8783,114.31251561369164,114.43046889255136,810569,593375,0.15470275167670505,7411.0,-0.46001540250928485,31570.0,116.0916977213215,111.72972300081233,4.361974720509167,-0.11127581674473674,12661.0,-0.4004851228086248,0.11795327885971574,NONE,114.24880150871276,-0.0013611803430938283,0
2026-08-12 04:29:00,114.7679756530447,115.01225032316424,114.52604465091343,114.83375910842992,183583,2949,114.7499026430222,114.87648560581933,1134163,1990499,-0.27405716202264435,-5834.0,0.4292324068099589,-1238.0,116.02880079067693,111.7555899683758,4.273210822301124,-0.0887638982080432,-13245.0,0.3751883069534889,0.12658296279713,NONE,114.48999151778956,-0.002993610879843767,0
2026-08-12 04:30:00,115.1585122209921,115.39043176883744,114.87020248619496,115.07305969828543,344697,1244,115.05154420360266,115.1166714777968,717189,1204388,-0.25354123201932577,-1705.0,0.2393005898555174,161114.0,115.98101373605735,111.78323554945838,4.197778186598967,-0.07543263570215686,4129.0,0.20838871052679675,0.06512727419413977,NONE,115.1561788653317,0.0007223164767165868,0
2026-08-12 04:31:00,114.6935156015465,114.89591889401302,114.78216780910826,114.80270899158604,110207,8795,114.70289662948892,114.90209436264988,1148552,822904,0.16518146993896896,7551.0,-0.2703507066993893,-234490.0,115.92209849883378,111.80839782814277,4.113700670691003,-0.08407751590796408,9256.0,-0.23493831432677137,0.19919773316095757,NONE,115.50557678493816,0.006122397280743836,0
2026-08-12 04:32:00,115.5033091899186,115.78896915815744,115.2406402026821,115.41428443983494,302199,6772,115.3810118598952,115.51381761247228,1728622,1854559,-0.03514670344590463,-2023.0,0.6115754482488995,191992.0,115.89670779588383,111.83844688324022,4.058260912643604,-0.05543975804739887,-9574.0,0.5327186558757191,0.1328057525770845,NONE,115.60873177157666,0.0016847769986658642,0
2026-08-12 04:33:00,115.66160445678756,115.91726850721471,115.51180626155688,115.6444205228082,127757,1124,115.56924208065546,115.66475128788764,872335,1027930,-0.08188068506234657,-5648.0,0.23013608297326016,-174442.0,115.88409343223005,111.87016333023664,4.0139301019934095,-0.04433081065019451,-3625.0,0.19939999982689915,0.09550920723218326,NONE,115.72101825324728,0.0006623556077568721,0
2026-08-12 04:34:00,115.5376758597135,115.58438293198832,115.13930516074328,115.48235073771502,251328,2919,115.3906275988448,115.55768792785456,1728391,1007866,0.2633250458564382,1795.0,-0.16206978509318049,123571.0,115.86400629750429,111.90026489196562,3.96374140553867,-0.050188696454739556,7443.0,-0.14014492386272837,0.16706032900975742,NONE,115.91079280230966,0.003710022023778483,0
2026-08-12 04:35:00,114.55013388896135,114.81364893627276,114.1932981006779,114.66769334952386,395966,1530,114.6364815092341,114.68235044269407,972671,1862481,-0.31384913401468423,-1389.0,-0.814657388191165,144638.0,115.80419065010526,111.9233267957786,3.8808638543266483,-0.08287755121202167,-3184.0,-0.7054388683526369,0.04586893345997112,NONE,116.07212275627457,0.012247821210371804,0
2026-08-12 04:36:00,115.20042970121044,115.664241039729,115.15591309174876,115.2899366854381,362070,8849,115.19819341551715,115.30265396681844,1547697,1033910,0.19901828589711756,7319.0,0.6222433359142343,-33896.0,115.7784779518719,111.95138187819244,3.8270960736794706,-0.05376778064717769,8708.0,0.5426492133381755,0.10446055130128684,NONE,116.09004486697316,0.006939965486477061,0
2026-08-12 04:37:00,114.86755614706428,115.04913394306972,114.40210035566312,114.80783332523896,141340,7929,114.76997998311144,114.827313375721,701107,548423,0.12219314462237801,-920.0,-0.48210336019913314,-220730.0,115.72994572054024,111.97518564025115,3.7547600802890884,-0.07233599339038221,-8239.0,-0.4181660377822305,0.05733339260956427,NONE,116.0547950144564,0.01086129450492221,0
2026-08-12 04:38:00,114.15396670829035,114.3568172289093,114.22112160024356,114.24880150871276,342955,5349,114.1509243186982,114.34569521784348,1455181,1259904,0.07192297847028731,-2580.0,-0.5590318165262005,201615.0,115.65588850994887,111.99413243915501,3.6617560707938566,-0.0930040094952318,-1660.0,-0.48692828732558313,0.19477089914528278,NONE,115.9694438648122,0.015060484953693175,0
2026-08-12 04:39:00,114.53631214699948,114.97362711297473,114.22093101276964,114.48999151778956,405495,5756,114.45467811595532,114.58466923710009,1080609,1596141,-0.1925962454469039,407.0,0.24119000907680288,62540.0,115.59759366034089,112.0149312648103,3.5826623955305905,-0.07909367526326605,2987.0,0.21110944350555272,0.1299911211447693,NONE,115.67663010016372,0.010364561710966474,0
2026-08-12 04:40:00,115.01946508468568,115.51374137524014,115.12090383347676,115.1561788653317,468455,2801,115.06036964110348,115.18363236915695,1924502,1287189,0.198435341382468,-2955.0,0.6661873475421345,62960.0,115.57552292059043,112.041108328148,3.534414592442431,-0.04824780308815946,-3362.0,0.5818738727381367,0.12326272805347571,NONE,115.52576387236908,0.0032094240246508545,0
2026-08-12 04:41:00,115.59039420620482,115.98414420120804,115.03856028937284,115.50557678493816,175320,6156,115.49075776635782,115.530127295138,609398,1438974,-0.40499284309685935,3355.0,0.34939791960646005,-293135.0,115.57202561380782,112.06997889862126,3.502046715186566,-0.032367877255865096,6310.0,0.30341222073291263,0.03936952878018474,NONE,114.95118567359653,-0.004799691294333437,0
2026-08-12 04:42:00,115.4854794400998,115.82228429425685,115.22555613129796,115.60873177157666,464709,8856,115.53489729052636,115.64037992936308,1869693,506220,0.5738732857642515,2700.0,0.10315498663850065,289389.0,115.57386092169625,112.09946850589589,3.4743924158003665,-0.027654299386199455,-655.0,0.08930736463967914,0.10548263883671893,NONE,114.85497705311802,-0.006519877062123036,0
2026-08-12 04:43:00,115.77624824701525,115.95856842359314,115.392043297645,115.72101825324728,382081,6461,115.66312825120195,115.77741748271404,918818,1394840,-0.20574432349119878,-2395.0,0.1122864816706226,-82628.0,115.5812187882738,112.12964808712381,3.45157070114999,-0.022821714650376634,-5095.0,0.09712629829075059,0.11428923151208892,NONE,114.49168928523284,-0.010623212503403166,0
2026-08-12 04:44:00,115.97335589567426,116.35977041040216,115.49884461149732,115.91079280230966,373363,6302,115.85778386536862,115.97206621919284,1797325,1116139,0.233806218302337,-159.0,0.18977454906237767,-8718.0,115.59769748897558,112.16115762641702,3.4365398625585613,-0.015030838591428619,2236.0,0.1639931551993934,0.11428235382422258,NONE,114.09391022631394,-0.015674835207921352,0
2026-08-12 04:45:00,116.0024455744316,116.33464742639724,115.74836285848949,116.07212275627457,109399,8432,116.04200826799152,116.10206616501412,1840412,1210114,0.2066194485803432,2130.0,0.16132995396490912,-263964.0,115.62141875234053,112.19374900249917,3.427669749841357,-0.008870112717204393,2289.0,0.13918458330284267,0.06005789702260245,NONE,114.08119625372233,-0.01715249497704751,0
2026-08-12 04:46:00,116.14824752368165,116.443684322926,115.60557266838605,116.09004486697316,226733,7189,116.0165412458933,116.16814091790128,868102,627636,0.16076746061141725,-1243.0,0.017922110698592064,117334.0,115.64485005807217,112.22621813470313,3.418631923369034,-0.009037826472322763,-3373.0,0.015440495334284599,0.15159967200798974,NONE,114.43214663776696,-0.01428114039499228,0
2026-08-12 04:47:00,116.08083924078974,116.18088145320417,115.697816040524,116.0547950144564,329920,2142,116.02762216022622,116.09265479970264,1859470,1000846,0.3001850145228709,-5047.0,-0.035249852516756164,103187.0,115.66534730589137,112.25812294203439,3.407224363856983,-0.01140755951205108,-3804.0,-0.03036423369217056,0.06503263947642779,NONE,114.64103509836876,-0.012181831142018186,0
2026-08-12 04:48:00,115.91555967919292,116.19280709916352,115.50711456002108,115.9694438648122,382191,8076,115.90968810317356,116.06243568410984,1534416,915721,0.252514451232727,5934.0,-0.08535114964419677,52271.0,115.68055213383741,112.28905061639087,3.3915015174465424,-0.01572284641044064,10981.0,-0.07354383731715819,0.15274758093627838,NONE,114.10333403353025,-0.016091392431417714,0
2026-08-12 04:49:00,115.57577463175612,115.73835503306891,115.41806415415842,115.67663010016372,331615,8614,115.64383801749013,115.74573514374484,1963552,1098780,0.28239002172200794,538.0,-0.29281376464848563,-50576.0,115.68035603215371,112.31728044542231,3.363075586731398,-0.028425930715144432,-5396.0,-0.2524921693940585,0.10189712625471259,NONE,113.73996219313818,-0.016742084424041292,0
2026-08-12 04:50:00,115.32950130320182,115.62875389030756,115.46723166587816,115.52576387236908,185693,5840,115.42975794818877,115.5750354798564,1879176,781253,0.41268645019280725,-2774.0,-0.1508662277946371,-145922.0,115.67262642416449,112.34401780731353,3.328608616850957,-0.034466969880440956,-3312.0,-0.1304206628979454,0.1452775316676309,NONE,113.95578946931454,-0.013589820577070807,0
2026-08-12 04:51:00,114.98615067832648,114.95165738123032,114.687096812885,114.95118567359653,200931,2629,114.9386088661513,115.03227775374975,785069,1945289,-0.42493328713670514,-3211.0,-0.5745781987725564,15238.0,115.6365543866361,112.36574420619922,3.2708101804368823,-0.05779843641407467,-437.0,-0.4973593590840375,0.09366888759845438,NONE,113.59473031098425,-0.011800272912920884,0
2026-08-12 04:52:00,114.6984967759818,114.87460957894235,114.79154063908648,114.85497705311802,275963,6062,114.827001507908,114.93858936946222,1292047,557326,0.3972811325784469,3433.0,-0.09620862047850665,75032.0,115.5974755199602,112.38648781325688,3.210987706703321,-0.05982247373356131,6644.0,-0.0836951962824406,0.11158786155422717,NONE,113.461130370194,-0.012135709907280695,0
2026-08-12 04:53:00,114.50122370517698,114.98033119682133,114.19544254564464,114.49168928523284,237852,1762,114.45988133065798,114.52783262973766,1014004,1558440,-0.21164153622003046,-4300.0,-0.3632877678851827,-38111.0,115.54218620822382,112.40403115885668,3.1381550493671426,-0.07283265733617839,-7733.0,-0.3163012846340685,0.0679512990796809,NONE,113.56005073478892,-0.008137171844175803,0
2026-08-12 04:54:00,114.06756540470572,114.21508707388232,113.8526636960501,114.09391022631394,389194,7905,114.04664412199485,114.1344845352592,1921484,849706,0.38675731364504057,6143.0,-0.39777905891889986,151342.0,115.46977240912834,112.41811348441884,3.0516589247095,-0.08649612465764278,10443.0,-0.34743050906334005,0.08784041326435954,NONE,113.2035786296736,-0.007803497968246478,0
2026-08-12 04:55:00,114.14911053126612,114.41285160847433,113.76990855480592,114.08119625372233,173551,5889,114.050250531954,114.17543221755788,1033893,1622886,-0.22169439008664252,-2016.0,-0.012713972591612333,-215643.0,115.40034360135803,112.43197250749637,2.9683710938616628,-0.08328783084783709,-8159.0,-0.011143427871296296,0.1251816856038772,NONE,113.16936075257696,-0.00799286412738339,0
2026-08-12 04:56:00,114.40194208781796,114.85169648716676,114.42712314723951,114.43214663776696,430810,5839,114.37792521964276,114.45697333121964,1397525,881598,0.2263708452768894,-50.0,0.3509503840446371,257259.0,115.35193375317847,112.44864062524863,2.9032931279298424,-0.06507796593182036,1966.0,0.3076321037729146,0.0790481115768813,NONE,112.703472533528,-0.01510654265458334,0
2026-08-12 04:57:00,114.60809031973405,114.91636532798704,114.54361485254108,114.64103509836876,324691,4957,114.55251320127547,114.65482863589544,1939508,743415,0.4458171181207959,-882.0,0.20888846060179844,-106119.0,115.316388820438,112.46691057919129,2.8494782412467003,-0.05381488668314205,-832.0,0.18254351311177697,0.1023154346199675,NONE,112.4575433200929,-0.019046336910708287,0
2026-08-12 04:58:00,114.17652110395908,114.17990628357222,113.85766881757418,114.10333403353025,182016,1557,114.02924832560342,114.1541990125651,519192,1307449,-0.4315336182643442,-3400.0,-0.5377010648385152,-142675.0,115.25573608109259,112.48054744131079,2.7751886397818026,-0.07428960146489771,-2518.0,-0.4690301900860727,0.12495068696168232,NONE,112.4881322935906,-0.014155605124255255,0
2026-08-12 04:59:00,113.7734679960466,114.10402041180626,113.26471041234362,113.73996219313818,213135,5621,113.67776561489002,113.82207108416011,1420835,1943613,-0.15538299299023198,4064.0,-0.3633718403920625,31119.0,115.17994738669488,112.49104256424269,2.688904822452187,-0.08628381732961543,7464.0,-0.31845856518555316,0.14430546927009402,NONE,111.9450735126198,-0.01578063370084949,0
2026-08-12 05:00:00,113.98740506503282,114.25591517436432,113.76398494913695,113.95578946931454,153010,1839,113.9377791832961,114.03523959888253,1777040,938701,0.30869622692296506,-3782.0,0.21582727617635555,-60125.0,115.11873949082585,112.50324878845163,2.615490702374217,-0.07341412007797032,-7846.0,0.18975500959801384,0.0974604155864256,NONE,112.0122518183367,-0.017055190087566296,0
2026-08-12 05:01:00,113.64165706996508,113.96035560565792,113.3825442979574,113.59473031098425,332084,9194,113.5222710212292,113.6874880675864,1860669,1632133,0.06543056262565126,7355.0,-0.361059158330292,179074.0,115.04253903183375,112.51234446780607,2.5301945640276813,-0.0852961383465356,11137.0,-0.3168414347456405,0.16521704635719914,NONE,111.94160447264645,-0.014552839148542336,0
2026-08-12 05:02:00,113.30757315787328,113.84600368162256,113.10378232569067,113.461130370194,138165,9348,113.43615308460602,113.51911842998722,1616958,687460,0.4033547733093562,154.0,-0.13359994079024773,-193919.0,114.96346859875177,112.52025101699263,2.443217581759143,-0.08697698226853845,-7201.0,-0.1176110374350059,0.08296534538119715,NONE,112.04281508999112,-0.012500450820252574,0
2026-08-12 05:03:00,113.63572960278763,114.04775591863132,113.25815435614588,113.56005073478892,373672,7998,113.47927767005238,113.57905655522993,1123521,510372,0.37526875994939696,-1350.0,0.09892036459491749,235507.0,114.89329770555364,112.52891601464093,2.3643816909127082,-0.07883589084643461,-1504.0,0.08718436373069682,0.09977888517754252,NONE,112.04568408653644,-0.013335381927480532,0
2026-08-12 05:04:00,113.26482550907495,113.49036026968696,113.05411555462442,113.2035786296736,482984,1510,113.17107352140768,113.26656063736382,1979378,999900,0.32876354606720154,-6488.0,-0.3564721051153157,109312.0,114.80881175175963,112.53453820309953,2.274273548660105,-0.09010814225260333,-5138.0,-0.3139062573579099,0.09548711595614634,NONE,112.3908635442924,-0.007179234925424575,0
2026-08-12 05:05:00,113.0676924397193,113.34018130892224,112.96395255479324,113.16936075257696,280680,2137,113.12182636702806,113.24941635786874,1600819,1648626,-0.014712358572002296,627.0,-0.03421787709663704,-202304.0,114.72683920180052,112.53982839101185,2.1870108107886637,-0.08726273787144123,7115.0,-0.03022685105086298,0.12758999084067568,NONE,112.36462220023904,-0.007110922488086943,0
2026-08-12 05:06:00,112.67906448616058,113.02770481197813,112.59462263409938,112.703472533528,499130,6606,112.6619302153194,112.72187206435228,1911286,833477,0.392678347820923,4469.0,-0.4658882190489635,218450.0,114.62567086838689,112.5411920921995,2.084478776187396,-0.1025320346012677,3842.0,-0.4116734564468705,0.05994184903288158,NONE,112.1722571781819,-0.0047133894227444975,0
2026-08-12 05:07:00,112.45361259133011,112.4917636747142,111.9745325905278,112.4575433200929,137136,5666,112.37025006777216,112.48308248619168,1869338,778427,0.4120120176828382,-940.0,-0.24592921343510454,-361994.0,114.51726449097221,112.54049501909861,1.9767694718735953,-0.10770930431380066,-5409.0,-0.21820908256570126,0.11283241841951508,NONE,112.14567971600678,-0.0027731674984081962,0
2026-08-12 05:08:00,112.47468261515044,112.9368309527514,112.42281510281192,112.4881322935906,448152,9906,112.4667432923064,112.49923845309462,638621,1589433,-0.4267454918058539,4240.0,0.030588973497700067,311016.0,114.41580788110313,112.5400586630527,1.87574921805043,-0.10102025382316526,5180.0,0.027200463921417395,0.03249516078821557,NONE,112.24569032052784,-0.0021552671212460637,0
2026-08-12 05:09:00,111.97845950927665,112.0047640182889,111.7591551203366,111.9450735126198,112076,6434,111.88416547320516,112.00850224477,1404600,1527945,-0.042060735640885305,-3472.0,-0.5430587809707959,-336076.0,114.29227116267896,112.53510045346576,1.7571707092131987,-0.11857850883723131,-7712.0,-0.4827698441586925,0.1243367715648418,NONE,112.19766865733942,0.0022564203746862077,0
2026-08-12 05:10:00,112.1553884965198,112.1761732372796,111.99933233222669,112.0122518183367,486055,7446,111.9894662734868,112.10205791361184,552494,1215030,-0.37483847461194303,1012.0,0.06717830571689376,373979.0,114.17827019546185,112.53074338150635,1.6475268139554942,-0.10964389525770457,4484.0,0.06001005994187292,0.11259164012504641,NONE,112.14747675807996,0.001207233472661341,0
2026-08-12 05:11:00,112.04978114541372,112.3494771629595,111.83071472667967,111.94160447264645,255855,3654,111.86817284739456,112.01196417108665,786102,595856,0.13766409688282857,-3792.0,-0.07064734569024722,-230200.0,114.06643690932108,112.52583389059919,1.540603018721896,-0.10692379523359818,-4804.0,-0.06307108779923798,0.14379132369208492,NONE,111.87483122531124,-0.0005965007170459351,0
2026-08-12 05:12:00,111.91159317064796,112.34147127915648,111.65257952080104,112.04281508999112,478769,1990,111.9513580584896,112.1411986978743,720851,924477,-0.12376012564060175,-1664.0,0.10121061734467673,222914.0,113.96525581835458,112.52180873392746,1.4434470844271203,-0.09715593429477565,2128.0,0.09041376333802642,0.1898406393846983,NONE,111.614245349132,-0.0038250533112265768,0
2026-08-12 05:13:00,112.10789108556703,112.24250184667514,111.945096470392,112.04568408653644,277788,8820,111.99656939768838,112.0613571152614,1656536,1292539,0.1234275154073735,6830.0,0.0028689965453168043,-200981.0,113.86927723176366,112.51784102853254,1.351436203231117,-0.09201088119600342,8494.0,0.0025606251886856057,0.06478771757302582,NONE,111.13209157833384,-0.008153750103368562,0
2026-08-12 05:14:00,112.52375687624594,112.62758137397992,112.35083184302792,112.3908635442924,150298,3160,112.33693524086856,112.48213364195604,1651054,722368,0.3912856626423788,-5660.0,0.34517945775596104,-127490.0,113.79535654739009,112.51678288283054,1.278573664559545,-0.072862538671572,-12490.0,0.30807028451838026,0.14519840108748383,NONE,111.59594674869872,-0.007072788396900322,0
2026-08-12 05:15:00,112.40330305230798,112.79189589684016,112.1273956103168,112.36462220023904,416448,6740,112.2711541449556,112.44788834610384,1022419,1321993,-0.1277821475064963,3580.0,-0.02624134405336065,266150.0,113.72381983003254,112.51551487714228,1.2083049528902592,-0.07026871166928572,9240.0,-0.023348289376756703,0.17673420114823557,NONE,111.16213512409227,-0.010701651931013289,0
2026-08-12 05:16:00,112.28135522070048,112.34225937121184,112.16727256081464,112.1722571781819,441504,5457,112.11536795320345,112.21053891502685,1539339,707746,0.3700763433514976,-1283.0,-0.192365022057146,25056.0,113.64624169744002,112.5126543963176,1.133587301122418,-0.07471765176784118,-4863.0,-0.1711971422057923,0.09517096182339913,NONE,110.8939869062918,-0.01139560087357076,0
2026-08-12 05:17:00,112.34690676057686,112.58050455841288,112.1032966387936,112.14567971600678,169835,3063,112.09179585658232,112.24329710567214,930754,1973400,-0.3590188399100048,-2394.0,-0.026577462175112032,-271669.0,113.57121359836836,112.50959627398167,1.0616173243866882,-0.0719699767357298,-1111.0,-0.023693436187965933,0.15150124908981866,NONE,110.61857479367998,-0.013617153386505647,0
2026-08-12 05:18:00,112.34806127513852,112.28975753601618,111.84187738574636,112.24569032052784,212424,2977,112.18364070128446,112.28160471786327,505833,1979485,-0.5929430358610045,-86.0,0.10001060452106003,42589.0,113.50493743447635,112.50739705770289,0.9975403767734576,-0.06407694761323057,2308.0,0.089179186192756,0.09796401657881404,NONE,110.82755956049428,-0.012634166674764623,0
2026-08-12 05:19:00,112.2225995169036,112.58606787594374,111.81193198490962,112.19766865733942,239190,9567,112.12563798106676,112.28770608248396,1540397,1280985,0.09194501134550373,6590.0,-0.048021663188421826,26766.0,113.4395739956195,112.50481598769987,0.9347580079196263,-0.06278236885383137,6676.0,-0.042782634283144994,0.16206810141720496,NONE,110.67999008782128,-0.013526828031991022,0
2026-08-12 05:20:00,112.25198560548844,112.57125057460732,111.68990734787752,112.14747675807996,354394,9933,112.12785725432212,112.23674413001665,1965178,1238360,0.22687978104208534,366.0,-0.05019189925945966,115204.0,113.37496913374252,112.50183816078636,0.8731309729561616,-0.061627034963464666,-6224.0,-0.044735242594695634,0.10888687569452316,NONE,110.99564663530828,-0.01027067354583792,0
2026-08-12 05:21:00,111.88932000862094,111.96574005172992,111.44757350735588,111.87483122531124,419055,3667,111.79093127781452,111.95302041080552,1796629,1148431,0.22009670431162692,-6266.0,-0.2726455327687205,64661.0,113.29996223832094,112.49661310299075,0.803349135330194,-0.06978183762596757,-6632.0,-0.24311339019856826,0.16208913299099947,NONE,110.73536231187964,-0.010185212356984538,0
2026-08-12 05:22:00,111.6166356534605,111.8294186153181,111.2726575675121,111.614245349132,203088,5919,111.5650498966612,111.67495769177516,1517853,1782405,-0.0801610055941081,2252.0,-0.2605858761792348,-215967.0,113.21567639386151,112.48926003837526,0.7264163554862506,-0.07693277984394342,8518.0,-0.23292627423447954,0.10990779511396909,NONE,110.76126272948392,-0.007642237932800947,0
2026-08-12 05:23:00,111.09695015476248,111.21484146566569,111.10592514968351,111.13209157833384,115185,9609,111.11558021244306,111.15289182579936,1647917,1305064,0.11610403182411265,3690.0,-0.48215377079816335,-87903.0,113.11149715308514,112.47795030120825,0.6335468518768863,-0.0928695036093643,1438.0,-0.43198228800452876,0.037311613356294515,NONE,110.45331037626713,-0.006107877503486583,0
2026-08-12 05:24:00,111.75228808458192,111.94924881319584,111.2045224397054,111.59594674869872,150613,8642,111.51519030847088,111.6538242048034,1118528,1596123,-0.1759323758376307,-967.0,0.4638551703648801,35428.0,113.0357196328658,112.47060027160401,0.5651193612617931,-0.06842749061509323,-4657.0,0.4173908398348747,0.13863389633252154,NONE,111.03996667988216,-0.004982081204692586,0
2026-08-12 05:25:00,111.08029225749809,111.42980900812312,110.739379718672,111.16213512409227,341084,9798,111.11820962664052,111.20424678710124,1394387,774244,0.2859605898836639,1156.0,-0.43381162460644873,190471.0,112.94204040742713,112.45969639537475,0.48234401205237987,-0.08277534920941321,2123.0,-0.38873421234854044,0.08603716046071952,NONE,110.6272686488257,-0.004811588718312107,0
2026-08-12 05:26:00,111.0472236787596,111.21164857964597,110.49444583340582,110.8939869062918,264999,9759,110.87495383173324,110.97528643927578,1966624,1858650,0.02822647475710237,-39.0,-0.2681482178004728,-76085.0,112.83963773237038,112.44664881629906,0.39298891607131736,-0.0893550959810625,-1195.0,-0.24122262270434014,0.10033260754254059,NONE,110.66427632910975,-0.002071443038441373,0
2026-08-12 05:27:00,110.66856120605402,110.71681827715808,110.36433527602595,110.61857479367998,362530,1543,110.5515346801211,110.6968064222647,1757505,707977,0.425688769984936,-8216.0,-0.27541211261181786,97531.0,112.72858458543587,112.43141486611057,0.29716971932529646,-0.09581919674602091,-8177.0,-0.24835621866905466,0.14527174214360628,NONE,110.79896079092198,0.0016307025974475367,0
2026-08-12 05:28:00,110.68762894301408,110.93343249152048,110.71110864116956,110.82755956049428,392164,1883,110.73834773868523,110.9195146861578,670002,969092,-0.18247275629097537,340.0,0.20898476681429656,29634.0,112.6335333341888,112.41804940523043,0.21548392895836344,-0.08168579036693302,8556.0,0.18892375643428938,0.1811669474725619,NONE,110.8681517185461,0.00036626411528682624,0
2026-08-12 05:29:00,110.71675501712042,110.70073875057624,110.25732509997692,110.67999008782128,142678,5798,110.59009227197402,110.69132480244014,663479,578944,0.06804043389409244,3915.0,-0.14756947267299836,-249486.0,112.53585617187044,112.40356557758535,0.13229059428508094,-0.08319333467328249,3575.0,-0.13315232534056864,0.10123253046612035,NONE,110.7581262016962,0.0007059642290618237,0
2026-08-12 05:30:00,110.78564398454311,111.15668040290616,110.6320652304382,110.99564663530828,317767,9040,110.89945692257548,111.07846592482235,1290505,944056,0.15504119153605564,3242.0,0.315656547486995,175089.0,112.45884569504233,112.39183291973305,0.06701277530927996,-0.06527781897580098,-673.0,0.28519748442019655,0.17900900224687177,NONE,110.66526004587104,-0.00297657250038617,0
2026-08-12 05:31:00,110.79791311356274,111.01523464254647,110.24498172468522,110.73536231187964,161394,6718,110.64726882050064,110.82982389666086,909251,1115929,-0.10205413839757453,-2322.0,-0.2602843234286354,-156373.0,112.3726715258842,112.37802899800093,-0.00535747211672799,-0.07237024742600795,-5564.0,-0.2344995784238635,0.18255507616021305,SELL,110.62501241326066,-0.00099651905511614,0
2026-08-12 05:32:00,110.84978587778284,111.1902301864826,110.68341643060596,110.76126272948392,300017,3068,110.75107004674284,110.84229976990366,1555308,1418965,0.04584078193225706,-3650.0,0.025900417604276527,138623.0,112.29210108606419,112.36455594576329,-0.07245485969909282,-0.06709738758236483,-1328.0,0.023389472941204303,0.09122972316082212,NONE,110.52805911454288,-0.0021054618663078456,0
2026-08-12 05:33:00,110.3940747807019,110.78677409999644,110.34047808474108,110.45331037626713,215377,8478,110.40908867128992,110.47502787765544,1865817,991592,0.3059502507341441,5410.0,-0.30795235321679115,-84640.0,112.20016155057434,112.34862889935083,-0.14846734877649226,-0.07601248907739944,9060.0,-0.27803254100570163,0.06593920636551331,NONE,110.76491793576322,0.002821169944427945,0
2026-08-12 05:34:00,111.05232144947772,111.25766484158204,110.9340676049414,111.03996667988216,221716,9120,110.95629784769066,111.05728179931783,1552063,1544733,0.002366962499305734,642.0,0.5866563036150296,6339.0,112.14215180703972,112.33772338085527,-0.1955715738155419,-0.04710422503904965,-4768.0,0.5311351028018496,0.10098395162717111,NONE,111.37632701775748,0.0030291826261531142,0
2026-08-12 05:35:00,110.82268439220071,111.10382870602275,110.23099876501504,110.6272686488257,287486,8820,110.58430587828585,110.6391447204084,1780136,1502220,0.08466967020030734,-300.0,-0.41269803105645053,65770.0,112.06640764912902,112.32346959142168,-0.25706194229266544,-0.061490368477123525,-942.0,-0.371666205778165,0.054838842122549636,NONE,111.1578979708609,0.004796550873181381,0
2026-08-12 05:36:00,110.61370165868357,111.02389892939767,110.57082268088467,110.66427632910975,155918,2786,110.60013696353558,110.73086339943428,1344134,769861,0.27165296039016174,-6034.0,0.03700768028404866,-131568.0,111.99630108312806,112.30964298090242,-0.3133418977743645,-0.05627995548169906,-5734.0,0.03345258428237852,0.13072643589870836,NONE,110.6963509836261,0.000289837475835127,0
2026-08-12 05:37:00,110.69307003221633,111.26404339235326,110.76563087601032,110.79896079092198,342556,6715,110.73439226565829,110.86563132958938,1282031,1758515,-0.15671001195180076,3929.0,0.1346844618122276,186638.0,111.93643406851777,112.2970539626526,-0.3606198941348282,-0.0472779963604637,9963.0,0.12170545570793223,0.13123906393109053,NONE,110.61984470230554,-0.0016165863590943943,0
2026-08-12 05:38:00,111.01631805879236,111.1319457051822,110.36887131525329,110.8681517185461,477784,9269,110.8252994411826,110.96697395282574,857105,1759120,-0.34477730317537675,2554.0,0.06919092762412049,135228.0,111.88301995101918,112.28514644395172,-0.4021264929325383,-0.041506598797710126,-1375.0,0.062447271283239125,0.1416745116431457,NONE,111.34432916781006,0.004294988613797754,0
2026-08-12 05:39:00,110.95438492074928,110.88757833909278,110.74571759597364,110.7581262016962,260527,2308,110.6667235482409,110.80395008736558,1005410,1088310,-0.03959459717631775,-6961.0,-0.1100255168499018,-217257.0,111.82677526355303,112.27242127526624,-0.44564601171320817,-0.04351951878066984,-9515.0,-0.09923996670316848,0.13722653912468274,NONE,111.05440059150796,0.002674967516805275,0
2026-08-12 05:40:00,110.66562961305584,110.6916733890534,110.2476380157916,110.66526004587104,466590,9839,110.60996949478628,110.70513161151182,607721,684740,-0.05959096638119061,7531.0,-0.09286615582516333,206063.0,111.76869950266894,112.25902826502127,-0.490328762352334,-0.04468275063912586,14492.0,-0.08384590730259323,0.09516211672553254,NONE,111.49792024878136,0.007524133613070432,0
2026-08-12 05:41:00,110.72615871680148,110.9880548390026,110.44232899248534,110.62501241326066,269807,9744,110.57318183472628,110.69121065670726,833175,1600221,-0.31521626566329525,-95.0,-0.040247632610373785,-196783.0,111.71151514819853,112.2454114662566,-0.5338963180580691,-0.04356755570573512,-7626.0,-0.03636880498332218,0.11802882198097109,NONE,111.95363451313256,0.012010141928016912,0
2026-08-12 05:42:00,110.66220670609596,110.58871061354564,110.10725138466395,110.52805911454288,194702,9473,110.4282828774333,110.61236389506855,1894937,1315982,0.18030819214063015,-271.0,-0.09695329871777858,-75105.0,111.65234234651575,112.23110019665897,-0.5787578501432193,-0.0448615320851502,-176.0,-0.08764139013660577,0.18408101763525053,NONE,111.7405899379117,0.010970343938748024,0
2026-08-12 05:43:00,110.6906695125094,110.9163054998992,110.48760769015765,110.76491793576322,205509,5861,110.71050290299668,110.85922759122028,1825501,979367,0.3016662459695073,-3612.0,0.23685882122033775,10807.0,111.60797112597811,112.2188820111515,-0.6109108851733964,-0.03215303503017708,-3341.0,0.2142974581457846,0.14872468822359508,NONE,111.8649529970273,0.009931258757416605,0
2026-08-12 05:44:00,111.32779643422067,111.64256247169942,110.9255114030143,111.37632701775748,455752,3776,111.3502711750839,111.45860819271358,1326297,1421080,-0.034499451658800376,-2085.0,0.6114090819942533,250243.0,111.59638892056708,112.21186071953989,-0.6154717989728056,-0.00456091379940915,1527.0,0.5519880241764197,0.10833701762967962,NONE,112.30778460504132,0.008363155907766075,0
2026-08-12 05:45:00,111.28098542217636,111.44010626475078,110.69480147765358,111.1578979708609,214310,2596,111.1017217228032,111.20629862911632,807311,1065156,-0.13770336139435302,-1180.0,-0.21842904689657416,-241442.0,111.57446437308178,112.20307769663422,-0.6286133235524431,-0.013141524579637576,905.0,-0.1961180196414114,0.10457690631311323,NONE,112.14901152245643,0.008916267486952158,0
2026-08-12 05:46:00,110.86485241149695,110.99664258211968,110.69180189298572,110.6963509836261,407946,1479,110.61308947742933,110.7634932648042,1280226,1646615,-0.12518240656052038,-1117.0,-0.46154698723479726,193636.0,111.53055870360899,112.19052164069248,-0.6599629370834919,-0.0313496135310487,63.0,-0.4152174480267612,0.15040378737487003,NONE,112.0435632895193,0.012170340701587084,0
2026-08-12 05:47:00,110.67613278832296,110.7029723674804,110.58213861430914,110.61984470230554,299092,4312,110.5399272728847,110.70691164171,1761386,1726028,0.010138744640011195,2833.0,-0.0765062813205617,-108854.0,111.48502300354383,112.17743266620592,-0.6924096626620866,-0.03244672557859474,3950.0,-0.06911364344058812,0.16698436882529677,NONE,111.82535342495544,0.010897761842769702,0
2026-08-12 05:48:00,111.25634773245986,111.53419787022088,111.21914980302464,111.34432916781006,134622,7156,111.26335680895028,111.39848403975812,1756169,1947520,-0.05166497510995119,2844.0,0.7244844655045171,-164470.0,111.47798831175714,112.17049013705262,-0.69250182529548,-9.216263339340003e-05,11.0,0.6549317325966308,0.13512723080783928,NONE,111.477897130033,0.0011995937576815138,0
2026-08-12 05:49:00,111.25310670267793,111.36299770506643,110.71974288332622,111.05440059150796,209935,8919,110.98067845094816,111.08390238944146,801743,1843520,-0.39382738124715766,1763.0,-0.28992857630210267,75313.0,111.4568089257447,112.16118939083975,-0.7043804650950563,-0.011878639799576263,-1081.0,-0.2603891715626916,0.1032239384933007,NONE,111.24076856520844,0.0016781682914664752,0
2026-08-12 05:50:00,111.44482315900017,111.98282968109824,111.0537841505256,111.49792024878136,360440,7744,111.46504064416536,111.52319535835866,909991,1749557,-0.3156799576469385,-1175.0,0.4435196572733986,150505.0,111.45886449189652,112.15566214798926,-0.6967976560927411,0.007582809002315116,-2938.0,0.3993715286481958,0.0581547141933072,NONE,110.83193269627402,-0.005973093946697278,0
2026-08-12 05:51:00,111.92012073501542,112.3174500819824,111.72366353748558,111.95363451313256,217919,4898,111.86604694540694,111.96364871014458,1877224,678308,0.4691453677746943,-2846.0,0.4557142643512009,-142521.0,111.48360299295832,112.15397858436545,-0.6703755914071223,0.026422064685618807,-1671.0,0.4087199683495246,0.09760176473764659,NONE,110.80120287513648,-0.010293829610872432,0
2026-08-12 05:52:00,111.77482372136066,112.20189181645868,111.43710337977456,111.7405899379117,495813,3072,111.65018002602784,111.81523135746,969134,1070093,-0.049508465707839296,-1826.0,-0.21304457522086295,277894.0,111.49645234020599,112.15053367897833,-0.6540813387723432,0.016294252634779127,1020.0,-0.19029714948277654,0.1650513314321529,NONE,110.52996226196764,-0.010834269593678848,0
2026-08-12 05:53:00,112.02036903909878,112.2460590261844,111.77070307062952,111.8649529970273,272026,6624,111.83747925433164,111.88495174582344,570687,1535790,-0.45815976153549265,3552.0,0.12436305911560908,-223787.0,111.51487737304706,112.14815383996208,-0.6332764669150208,0.020804871857322382,5378.0,0.11129622564611807,0.04747249149180277,NONE,110.56056277417584,-0.011660401116747706,0
2026-08-12 05:54:00,112.39318220269656,112.60364308948752,111.9053011881005,112.30778460504132,169519,1938,112.28604359775171,112.33973012401395,920020,1661341,-0.28718222674008015,-4686.0,0.4428316080140178,-102507.0,111.55452273464678,112.14948409633774,-0.594961361690963,0.03831510522405779,-8238.0,0.39586268634626,0.05368652626223991,NONE,110.05497923927516,-0.020059209374387744,0
2026-08-12 05:55:00,112.19049807249264,112.24502320702462,111.6653474667797,112.14901152245643,287187,9176,112.05120707528344,112.1858203922935,1187619,1577264,-0.1409263972471891,7238.0,-0.15877308258488654,117668.0,111.58424717403727,112.14948015822208,-0.565232984184803,0.029728377506160086,11924.0,-0.1413731765284587,0.13461331701005008,NONE,110.11615579771282,-0.01812638111693529,0
2026-08-12 05:56:00,112.08989214253111,112.37690611546556,111.909263823062,112.0435632895193,356587,1761,111.95541413279076,112.1039974769316,1281085,1428567,-0.05442839154253019,-7415.0,-0.10544823293713534,69400.0,111.60721297981138,112.14859751764955,-0.5413845378381694,0.023848446346633523,-14653.0,-0.09402511132791114,0.14858334414083174,NONE,110.32886108483136,-0.015303888544290292,0
2026-08-12 05:57:00,111.8297048918198,112.1370432079354,111.57794044915516,111.82535342495544,248112,8254,111.73496217170654,111.87116957991206,585227,1833809,-0.5161485815010608,6493.0,-0.21820986456386038,-108475.0,111.6181200020686,112.14590381687711,-0.5277838148085152,0.013600723029654205,13908.0,-0.19475448491406144,0.13620740820552157,NONE,109.69412774992747,-0.01905851946587588,0
2026-08-12 05:58:00,111.53371108148484,111.77913171526164,111.43483907477982,111.477897130033,144772,2669,111.3881232554168,111.54861778931507,597556,949158,-0.22732192247564836,-5585.0,-0.3474562949224378,-103340.0,111.6111088584668,112.14033709448674,-0.5292282360199323,-0.0014444212114170796,-12078.0,-0.3107133438711718,0.16049453389827306,NONE,109.77047935548562,-0.015316200058526122,0
2026-08-12 05:59:00,110.987812557439,111.48566149920256,110.96120023697696,111.24076856520844,222431,8128,111.1820167510454,111.25577604454804,1067848,1468057,-0.15781703178944007,5459.0,-0.2371285648245589,77659.0,111.59259184380389,112.1328406900761,-0.5402488462722062,-0.011020610252273855,11044.0,-0.2127135252183332,0.07375929350264698,NONE,110.103668349048,-0.01022197374961401,0
2026-08-12 06:00:00,110.80227195036704,111.09626099826866,110.58054097535069,110.83193269627402,458234,4862,110.7637565399741,110.85308722375784,789400,1057873,-0.14533477185018132,-3266.0,-0.4088358689344176,235803.0,111.55455888642742,112.12199979012775,-0.5674409037003301,-0.027192057428123917,-8725.0,-0.3675234126908844,0.08933068378374287,NONE,109.7064242507967,-0.010155091751054163,0
2026-08-12 06:01:00,110.82533506862816,110.96842413869553,110.72898463305891,110.80120287513648,294904,3685,110.74212021844444,110.85613191045448,1553414,1489243,0.021090448249671257,-1177.0,-0.03072982113754108,-163330.0,111.51689108586285,112.11099314916947,-0.5941020633066216,-0.026661159606291562,2089.0,-0.02772650479871963,0.11401169201003825,NONE,110.17461020078515,-0.0056551071476854415,0
2026-08-12 06:02:00,110.41486085360567,110.7896186082888,110.3089291554086,110.52996226196764,258988,7634,110.51535369054052,110.57028909287384,614479,1214364,-0.328013394260743,3949.0,-0.2712406131688425,-35916.0,111.4675446446681,112.09781789177613,-0.6302732471080361,-0.036171183801414486,5126.0,-0.24479933983614366,0.05493540233331373,NONE,110.26750214279642,-0.0023745608321946673,0
2026-08-12 06:03:00,110.599195105957,110.65934072701508,110.39351044813256,110.56056277417584,407015,2931,110.48346749649409,110.59718597682344,1606005,1798898,-0.0566515404403591,-4703.0,0.030600512208195596,148027.0,111.42219555114347,112.08500743246279,-0.662811881319314,-0.032538634211277895,-8652.0,0.027685264322863112,0.11371848032935361,NONE,110.02396267179132,-0.004853449448159355,0
2026-08-12 06:04:00,110.03453211717655,110.45756643795536,109.79406380162256,110.05497923927516,388516,8308,109.99949935627494,110.07101176638857,1420638,750483,0.30866773431789385,5377.0,-0.5055835349006799,-18499.0,111.35383473555007,112.0680905308529,-0.714255795302833,-0.051443913983518996,10080.0,-0.457291028748974,0.07151241011362686,NONE,109.97597958352776,-0.0007178199141325452,0
2026-08-12 06:05:00,110.29170336754436,110.20904427506215,109.82332862999844,110.11615579771282,139080,4939,110.0478619809817,110.20677052344014,1067487,502438,0.3599210153351275,-3369.0,0.06117655843766556,-249436.0,111.29195078865821,112.05182440807673,-0.7598736194185136,-0.045617824115680605,-8746.0,0.055587269981360876,0.1589085424584482,NONE,110.11301440493818,-2.8527991663711403e-05,0
2026-08-12 06:06:00,110.48616305735284,110.37134422977611,110.32461329552775,110.32886108483136,206242,2126,110.27362350238356,110.40112475758262,1101380,855239,0.1257991463846564,-2813.0,0.21270528711853842,67162.0,111.24379630346687,112.03746638038302,-0.7936700769161575,-0.03379645749764393,556.0,0.19316446853565594,0.1275012551990642,NONE,110.10614730547302,-0.002018635714793613,0
2026-08-12 06:07:00,109.64754719301564,109.91225076310606,109.3136247584527,109.69412774992747,404866,7021,109.63986473091845,109.71507338404125,887069,916428,-0.016278929213633293,4895.0,-0.6347333349038848,198624.0,111.16631287578988,112.01793855846257,-0.8516256826726902,-0.05795560575653269,7708.0,-0.5753103301010642,0.07520865312280023,NONE,110.23890520317502,0.004966331967099378,0
2026-08-12 06:08:00,109.75539558432897,110.09963307523866,109.41397220955474,109.77047935548562,129048,7437,109.74501833563262,109.78633349168196,1189182,965393,0.10386688790132624,416.0,0.0763516055581448,-275818.0,111.09652119977468,111.9992097317711,-0.902688531996418,-0.05106284932372773,-4479.0,0.06960409561047598,0.04131515604933611,NONE,109.93463918109885,0.001495482451904059,0
2026-08-12 06:09:00,110.09627359248717,110.32252676151478,109.92052515594474,110.103668349048,185205,8039,110.06858411468532,110.20140687705684,1248873,1696631,-0.1520140526035612,602.0,0.3331889935623735,56157.0,111.04687855723834,111.98341355358174,-0.9365349963433971,-0.03384646434697913,186.0,0.3035324210285628,0.1328227623715179,NONE,109.9581934357672,-0.001321254009626748,0
2026-08-12 06:10:00,109.66125830318074,109.84480131677236,109.67995628301227,109.7064242507967,416855,6373,109.68212750852176,109.77772978033626,1218954,1300458,-0.03235040557082367,-1666.0,-0.39724409825129214,231650.0,110.97985584191626,111.9644386427252,-0.984582800808937,-0.04804780446553991,-2268.0,-0.3607909747311622,0.09560227181449932,NONE,109.50763989731202,-0.0018119663897735647,0
2026-08-12 06:11:00,110.19411269918798,110.4536957927304,109.79714393089264,110.17461020078515,267403,2203,110.14700023417888,110.2221812471836,764813,1930888,-0.43256837460831155,-4170.0,0.4681859499884524,-149452.0,110.93959355985972,111.94952340570903,-1.0099298458493138,-0.02534704504037677,-2504.0,0.426762564896066,0.07518101300472324,NONE,109.4486523991864,-0.006589156977962055,0
2026-08-12 06:12:00,110.19167393590766,110.44100331050252,109.78991456255736,110.26750214279642,356392,5135,110.1699341785586,110.34065793646444,680499,1473248,-0.36807898049306625,2932.0,0.0928919420112635,88989.0,110.90598898900654,111.93550656185144,-1.0295175728448953,-0.019587726995581534,7102.0,0.08431338385674891,0.17072375790583294,NONE,109.15268449730962,-0.010110119698214496,0
2026-08-12 06:13:00,109.91090113829758,110.49039651685464,109.90388687378032,110.02396267179132,120968,9711,110.00018246167184,110.10203253257454,974833,1343445,-0.15900250099427246,4576.0,-0.24353947100509288,-235424.0,110.86188767314577,111.91957702943428,-1.0576893562885061,-0.02817178344361082,1644.0,-0.22086241755047142,0.10185007090269949,NONE,108.9080583893052,-0.01014237494621915,0
2026-08-12 06:14:00,110.03825070591778,110.43730215332953,109.81421727665922,109.97597958352776,334417,8904,109.94174524534029,110.05617618174274,898933,551039,0.2399315297122979,-807.0,-0.0479830882635639,213449.0,110.81759226866488,111.90338038405172,-1.0857881153868334,-0.028098759098327264,-5383.0,-0.04361148889601152,0.1144309364024565,NONE,109.25575196729643,-0.006548953862095926,0
2026-08-12 06:15:00,110.17596736336036,110.36420031492425,110.02110796019728,110.11301440493818,111292,3283,110.04986133574172,110.16602336244696,1219935,1205191,0.006079684107135052,-5621.0,0.137034821410424,-223125.0,110.78236337547852,111.8884606675591,-1.1060972920805767,-0.020309176693743325,-4814.0,0.12460431989727017,0.1161620267052399,NONE,109.56084749776429,-0.005014547191881577,0
2026-08-12 06:16:00,110.025715729507,110.27008930248216,109.8176792438006,110.10614730547302,351942,5558,110.04123123361173,110.15483675370425,1104025,1189963,-0.03746227094474775,2275.0,-0.00686709946516828,240650.0,110.74855257197824,111.87360805620838,-1.1250554842301455,-0.01895819214956873,7896.0,-0.006236410384619084,0.1136055200925199,NONE,109.72213226642016,-0.003487680283530971,0
2026-08-12 06:17:00,110.32844074625127,110.60747141015334,110.16148450585128,110.23890520317502,441603,6347,110.21504753149809,110.24989773075924,1572982,1495262,0.02533044959918442,789.0,0.13275789770200674,89661.0,110.72307020353807,111.8599855324331,-1.1369153288950287,-0.011859844664883212,-1486.0,0.12057264825886538,0.0348501992611574,NONE,109.3738264270494,-0.007847309210221663,0
2026-08-12 06:18:00,109.8714814081823,109.95299565284036,109.75654220936816,109.93463918109885,349004,8867,109.85320461277816,110.02802932146162,727894,1485217,-0.3421983804698454,2520.0,-0.3042660220761775,-92599.0,110.68364865241611,111.84394097950532,-1.1602923270892092,-0.023376998194180487,1731.0,-0.2760060266522091,0.17482470868345956,NONE,109.2591402090129,-0.006144550772329147,0
2026-08-12 06:19:00,109.98350995957098,110.195577938789,109.60968692880006,109.9581934357672,412336,6944,109.87752517765504,110.0224911448222,1561449,1384884,0.05992703472418087,-1923.0,0.0235542546683547,63332.0,110.64737589158365,111.82822641664083,-1.1808505250571812,-0.02055819796797209,-4443.0,0.021425689704179796,0.1449659671671526,NONE,109.6041576809004,-0.0032197305521721956,0
2026-08-12 06:20:00,109.58967429857326,109.67580159444718,109.22758190580734,109.50763989731202,184193,9674,109.47628130393366,109.53592375165913,625812,1533687,-0.4204100117666181,2730.0,-0.450553538455182,-228143.0,110.59038909187007,111.80888819564643,-1.2184991037763666,-0.037648578719185366,4653.0,-0.4097498552651069,0.059642447725465786,NONE,109.6286161284498,0.0011047286860645614,0
2026-08-12 06:21:00,109.44529114271604,109.9089203417377,109.25542111702244,109.4486523991864,169165,3477,109.41267243194562,109.54141670693434,1368480,906321,0.20316458450651287,-6197.0,-0.05898749812561732,-15028.0,110.53330225723589,111.78921956400927,-1.2559173067733838,-0.03741820299701715,-8927.0,-0.05386610302343664,0.1287442749887191,NONE,110.30721678976911,0.007844449171026032,0
2026-08-12 06:22:00,109.19815858852374,109.15868601094596,108.94255969640584,109.15268449730962,429794,4093,109.05826558941828,109.24502836846897,1047749,1779696,-0.25887223270479176,616.0,-0.2959679018767787,260629.0,110.46427136923958,111.76724843845345,-1.302977069213867,-0.047059762440483155,6813.0,-0.2704171274739098,0.18676277905068162,NONE,110.40887542827272,0.01150856652539831,0
2026-08-12 06:23:00,108.85641542491643,109.1844658271644,108.6270029479936,108.9080583893052,492002,9534,108.82374795916704,109.00708496409815,913926,829326,0.04852998877959125,5441.0,-0.2446261080044252,62208.0,110.38646072024285,111.74342185471055,-1.3569611344676957,-0.05398406525382882,4825.0,-0.2241136891236506,0.18333700493111849,NONE,110.45101784540324,0.0141675416761407,0
2026-08-12 06:24:00,109.23610530895364,109.62608375782976,109.25281960335286,109.25575196729643,201398,8207,109.1829502343208,109.34441705797896,1502992,1076435,0.16536889782110523,-1327.0,0.3476935779912367,-290604.0,110.32992528259554,111.72269127231543,-1.3927659897198907,-0.03580485525219501,-6768.0,0.31925422520009406,0.16146682365815934,NONE,110.34367773808886,0.009957606361247444,0
2026-08-12 06:25:00,109.54026155467623,109.8033564915263,109.52159256353748,109.56084749776429,322182,7227,109.54344650782834,109.6606480926681,513448,1276691,-0.4263596290567381,-980.0,0.3050955304678524,120784.0,110.29147139335399,111.70467590752749,-1.4132045141735006,-0.02043852445360983,347.0,0.27924894110762377,0.11720158483976206,NONE,110.37000459113392,0.007385458508671598,0
2026-08-12 06:26:00,109.64747443176611,109.76483378150152,109.28150323253864,109.72213226642016,460029,4535,109.67448849913892,109.75415402335123,1097446,1070722,0.012325613144368886,-2692.0,0.16128476865587515,137847.0,110.2630044370073,111.68815471051828,-1.4251502735109796,-0.01194575933747899,-1712.0,0.1472102236697026,0.07966552421231654,NONE,110.31140041656914,0.005370549568961704,0
2026-08-12 06:27:00,109.3561490107378,109.86005712206334,109.33488693250376,109.3738264270494,253329,8004,109.31348925856248,109.45962888971732,999600,1575091,-0.22351847270216116,3469.0,-0.34830583937076653,-206700.0,110.21854553650942,111.66886864148935,-1.4503231049799297,-0.025172831468950108,6161.0,-0.3174435568979228,0.1461396311548384,NONE,110.51184428047752,0.010404846301936452,0
2026-08-12 06:28:00,109.10427837912653,109.51814542470096,108.90573841090765,109.2591402090129,200588,3913,109.23227319309436,109.34321275680452,1468303,1768946,-0.09286990280945334,-4091.0,-0.11468621803649626,-52741.0,110.1705752701346,111.64878757121872,-1.4782123010841133,-0.02788919610418361,-7560.0,-0.10485709587292336,0.11093956371016134,NONE,110.78774285511447,0.013990615734091959,0
2026-08-12 06:29:00,109.55504230618618,109.91125080305989,109.14413859884586,109.6041576809004,465500,3340,109.55381728851064,109.63494231323024,1773651,1213757,0.1874179891062754,-573.0,0.34501747188750187,264912.0,110.14225439067289,111.6317489887994,-1.4894945981265124,-0.011282297042399136,3518.0,0.3157790471602473,0.08112502471959715,NONE,110.5417124933528,0.008554007733739306,0
2026-08-12 06:30:00,109.60012857911283,109.74692101980357,109.49327432629894,109.6286161284498,352822,6289,109.56452379947582,109.6474755078599,1714609,1216775,0.16982899545061308,2949.0,0.024458447549406515,-112678.0,110.11657247756173,111.61505621496316,-1.498483737401429,-0.008989139274916624,3522.0,0.022315255248450683,0.08295170838407273,NONE,110.13298950216252,0.004600745603882703,0
2026-08-12 06:31:00,110.28159881451958,110.54896583232252,110.12197107123936,110.30721678976911,445653,1597,110.26775288855872,110.4053646360001,1198367,1434464,-0.08967419481159254,-4692.0,0.6786006613193081,92831.0,110.1261046931721,111.60415755308654,-1.4780528599144418,0.020430877486987242,-7641.0,0.6189995689849903,0.13761174744138316,NONE,109.57365686856372,-0.006650153476390085,0
2026-08-12 06:32:00,110.38472568368564,110.62345017425189,110.12441472535036,110.40887542827272,322345,9836,110.32859039456716,110.44551763790956,565470,1920311,-0.545036348737077,8239.0,0.10165863850360779,-123308.0,110.14024322992714,111.5941968687131,-1.4539536387859613,0.024099221128480508,12931.0,0.09215955352890326,0.11692724334240268,NONE,109.71846683637185,-0.00625319829789772,0
2026-08-12 06:33:00,110.44484142541722,110.48846576640425,110.01016336058396,110.45101784540324,413816,8145,110.36537738305574,110.53939810654536,683328,1772791,-0.44357093447019463,-1691.0,0.04214241713052047,91471.0,110.15578196070093,111.58467037685219,-1.4288884161512527,0.02506522263470856,-9930.0,0.03816941071725921,0.17402072348961894,NONE,109.38075436631289,-0.009689937675254294,0
2026-08-12 06:34:00,110.39162188989746,110.3967579148626,109.87272494445864,110.34367773808886,308655,3902,110.3045528858398,110.35404918200958,1868906,990073,0.3073940032438154,-4243.0,-0.10734010731438559,-105161.0,110.16517674957034,111.57432877152915,-1.4091520219588176,0.019736394192435114,-2552.0,-0.09718344783805621,0.04949629616977802,NONE,108.72907083540537,-0.014632527533801374,0
2026-08-12 06:35:00,110.4574562985472,110.78874085094331,110.0002229670783,110.37000459113392,384257,7645,110.2845254472296,110.3818968237837,526547,1389515,-0.4503862609873793,3743.0,0.026326853045063103,75602.0,110.17541814164852,111.56429273669252,-1.3888745950440011,0.020277426914816488,7986.0,0.023858959194344997,0.09737137655410777,NONE,108.84071523431086,-0.013856023314380702,0
2026-08-12 06:36:00,110.24642389388433,110.43131039267244,110.2680905361418,110.31140041656914,362838,9955,110.29207852561989,110.36332883435182,1643048,1982747,-0.0936895218841661,2310.0,-0.05860417456477762,-21419.0,110.18221725539453,111.55385196735817,-1.3716347119636367,0.017239883080364393,-1433.0,-0.05309791802752262,0.07125030873193339,NONE,109.5845739551106,-0.0065888607951111785,0
2026-08-12 06:37:00,110.3915241949386,110.60932341622684,110.1772672027101,110.51184428047752,115588,8694,110.42644866160148,110.54332860203168,1655463,709637,0.39990951756796755,-1261.0,0.20044386390837587,-247250.0,110.19869860664866,111.5451685699675,-1.3464699633188388,0.025164748644797896,-3571.0,0.18170729693525178,0.116879940430195,NONE,109.57960031461424,-0.008435692770607073,0
2026-08-12 06:38:00,110.68353841389016,111.04019858073954,110.58259099417816,110.78774285511447,292828,5830,110.76399531626438,110.8598285706237,1206791,1387708,-0.06973099623472585,-2864.0,0.27589857463695466,177240.0,110.22815081907197,111.53885668901039,-1.3107058699384169,0.03576409338042197,-1603.0,0.24965520794018037,0.09583325435932011,NONE,109.82888450847156,-0.008654913638748688,0
2026-08-12 06:39:00,110.49299220123328,110.92608605903403,110.30636199360724,110.5417124933528,342431,8546,110.52424904962692,110.6026132826539,1442980,1867628,-0.12826888595689975,2716.0,-0.24603036176166881,49603.0,110.24382890278602,111.53054715404657,-1.2867182512605524,0.023987618677864475,5580.0,-0.222073629646391,0.07836423302698847,NONE,109.85206000896278,-0.006238843861148746,0
2026-08-12 06:40:00,110.09779737038086,110.163962761452,110.10841530698993,110.13298950216252,345456,8368,110.06522971576284,110.14996322393306,1233771,1798284,-0.18618164907958465,-178.0,-0.4087229911902881,3025.0,110.23828693275486,111.51890084028086,-1.2806139075260035,0.006104343734548934,-2894.0,-0.3697454851849358,0.08473350817021696,NONE,109.82190978180326,-0.0028245825502916317,0
2026-08-12 06:41:00,109.49665726194398,109.86206082838284,109.47812579889056,109.57365686856372,292214,3160,109.52118250564575,109.59829341523216,1297118,1997488,-0.2125808063240339,-5208.0,-0.5593326335987996,-53242.0,110.20505542954531,111.5026904738499,-1.2976350443045845,-0.01702113677858108,-5030.0,-0.507870199589755,0.0771109095864091,NONE,110.09803945740718,0.004785662939701606,0
2026-08-12 06:42:00,109.58885516994684,109.77807205779212,109.323210032605,109.71846683637185,164373,6878,109.62675668233469,109.76339127067708,648608,1380480,-0.3606901228532227,3718.0,0.14480996780812916,-127841.0,110.18072599988666,111.48782194353757,-1.307095943650907,-0.009460899346322549,8926.0,0.13215764805754038,0.13663458834238895,NONE,110.01225381436488,0.0026776438503390188,0
2026-08-12 06:43:00,109.33514228356546,109.39898489172568,109.15377494978895,109.38075436631289,447747,8663,109.33806733866471,109.40745873206887,1844782,1756324,0.02456412002312623,1785.0,-0.33771247005896043,283374.0,110.14072741820796,111.4702630470607,-1.3295356288527387,-0.022439685201831594,-1933.0,-0.30779911513219016,0.06939139340416034,NONE,110.09465798747512,0.006526775439593233,0
2026-08-12 06:44:00,108.74721349741677,108.75544281148647,108.5782397145898,108.72907083540537,106704,4749,108.69322713169598,108.81037084665732,1842373,747387,0.4228136970221179,-3914.0,-0.6516835309075191,-341043.0,110.07014458906784,111.44741977863023,-1.377275189562397,-0.047739560709658235,-5699.0,-0.5957935970390627,0.1171437149613439,NONE,110.1942431776766,0.013475442501382325,0
2026-08-12 06:45:00,108.9002181808944,109.25779728841508,108.64870569732838,108.84071523431086,140136,3922,108.78564909275788,108.88816155551066,641439,1170207,-0.29187159080747566,-827.0,0.11164439890549716,33432.0,110.00867312132998,111.42569724076091,-1.417024119430934,-0.039748929868537175,3087.0,0.10268127746120292,0.10251246275278447,NONE,109.9977807118412,0.010630814718916748,0
2026-08-12 06:46:00,109.52883164979976,109.6435601969246,109.15737419844774,109.5845739551106,167507,7486,109.5335387983914,109.6029828231264,1568205,1202551,0.13196903660950296,3564.0,0.7438587207997358,27371.0,109.987468163019,111.41035454671382,-1.4228863836948165,-0.005862264263882366,4391.0,0.6834379204494923,0.06944402473499167,NONE,110.300246203114,0.0065307754748087365,0
2026-08-12 06:47:00,109.5383005323999,109.6021759968204,109.20510080591175,109.57960031461424,147361,9112,109.53860179045468,109.63319117581874,1145044,1413457,-0.1049102579987266,1626.0,-0.0049736404963596215,-20146.0,109.96707477059877,111.39509826144631,-1.4280234908475364,-0.005137107152719977,-1938.0,-0.0045386319596385505,0.09458938536405981,NONE,110.25349831481527,0.006149849043674233,0
2026-08-12 06:48:00,109.73621467758684,110.04783445204302,109.69272680988102,109.82888450847156,420991,9771,109.75644779158873,109.84705994476708,1506140,1970566,-0.13358218957829623,659.0,0.2492841938573207,273630.0,109.96016525749242,111.38204648017152,-1.4218812226791044,0.006142268168431997,-967.0,0.2274914246279458,0.09061215317835547,NONE,110.03340103617734,0.0018621378940619437,0
2026-08-12 06:49:00,109.8489160919253,110.2740567449338,109.7933090888566,109.85206000896278,468503,4804,109.77369944391052,109.87366436645056,965406,1151631,-0.08796492456201757,-4967.0,0.02317550049122019,47512.0,109.95475999506593,111.36929659291145,-1.414536597845526,0.00734462483357845,-5626.0,0.02110146214717723,0.09996492254003897,NONE,110.2018653094002,0.003184330821004938,0
2026-08-12 06:50:00,109.73706691838416,109.95311397004792,109.69591067098122,109.82190978180326,242513,5878,109.73514122459056,109.8534746666858,787207,1666827,-0.35843839164412555,1074.0,-0.03015022715952398,-225990.0,109.94811748440279,111.35640170281889,-1.4082842184160995,0.006252379429426469,6041.0,-0.027446210072945565,0.11833344209523489,NONE,109.9407199488482,0.0010818439351582586,0
2026-08-12 06:51:00,110.1553522387313,110.30889576617014,109.63766123187982,110.09803945740718,481050,3368,110.00048236298323,110.18539695087944,1830042,1183565,0.2145193450904514,-2510.0,0.27612967560392576,238537.0,109.95561358305301,111.3459153507738,-1.3903017677207856,0.0179824506953139,-3584.0,0.2514340500475276,0.18491458789620197,NONE,109.95845154945762,-0.0012678509866069212,0
2026-08-12 06:52:00,109.83366716517146,110.03221508064676,109.72145939544,110.01225381436488,114677,9093,109.97825475707296,110.10546894227484,1239906,1367595,-0.04896987575460182,5725.0,-0.08578564304229985,-366373.0,109.95844559461861,111.33480150463704,-1.3763559100184324,0.013945857702353237,8235.0,-0.07791750285933707,0.1272141852018791,NONE,109.96587367181016,-0.0004215906950964444,0
2026-08-12 06:53:00,110.05869502022988,110.31919724454256,109.82791788310271,110.09465798747512,389962,4932,110.02020957405102,110.179021183115,1008853,1738412,-0.2655582916100194,-4161.0,0.08240417311023407,275285.0,109.96525621426144,111.32446697532735,-1.3592107610659099,0.017145148952522504,-9886.0,0.07490454040628425,0.1588116090639744,NONE,110.30267892263429,0.001889473467303332,0
2026-08-12 06:54:00,110.22435391159576,110.48304971799516,109.89604637783036,110.1942431776766,364012,6608,110.14875993648198,110.2343101272442,1299125,1404711,-0.0390504453672486,1676.0,0.0995851902014806,-25950.0,109.9767055624322,111.31504844368027,-1.3383428812480673,0.02086787981784255,5837.0,0.090454152837105,0.08555019076221981,NONE,110.45700176865331,0.0023845037943864794,0
2026-08-12 06:55:00,110.01616416347343,110.28323423871726,109.81476657896792,109.9977807118412,183591,7635,109.9268433343656,110.03230089154098,1688889,556795,0.5041199028892756,1027.0,-0.1964624658353955,-180421.0,109.97775931990266,111.30407121258162,-1.3263118926789588,0.012030988569108558,-649.0,-0.1782874133620771,0.10545755717538441,NONE,110.46228173153646,0.004222821739577691,0
2026-08-12 06:56:00,110.56954956951203,110.46645954920116,109.89669269295425,110.300246203114,486106,7395,110.24740785098255,110.3596702152851,922994,1670305,-0.28817001047700247,-240.0,0.3024654912727982,302515.0,109.99388366406322,111.2957060041694,-1.3018223401061846,0.024489552572774187,-1267.0,0.2749741761292057,0.11226236430255199,NONE,110.72127206972314,0.0038170890918397204,0
2026-08-12 06:57:00,110.28847831727208,110.41126490514684,109.99185519016515,110.25349831481527,429408,7101,110.15405873556618,110.32846509926328,1913099,1187693,0.2339421670334547,-294.0,-0.046747888298725115,-56698.0,110.00686439660083,111.28702094009147,-1.2801565434906337,0.021665796615550903,-54.0,-0.04238239705525171,0.17440636369710205,NONE,111.15286474904548,0.00815725984187978,0
2026-08-12 06:58:00,109.93299557649314,110.08671284564564,109.97502708479294,110.03340103617734,173168,6531,109.95779984395617,110.13280458711176,1181326,1793196,-0.20570363910571177,-570.0,-0.2200972786379367,-256240.0,110.00819122857965,111.27657410755884,-1.268382878979196,0.011773664511437687,-276.0,-0.19962838549528739,0.175004743155597,NONE,111.33560563516455,0.011834630091630735,0
2026-08-12 06:59:00,110.19231888469128,110.38526446972332,110.13733274698566,110.2018653094002,243115,5970,110.1061410923611,110.2237066734693,1295707,1584655,-0.10031655743271159,-561.0,0.16846427322286672,69947.0,110.01787493262069,111.26761820090752,-1.249743268286835,0.018639610692360975,9.0,0.15310285025860182,0.11756558110819526,NONE,111.35497385392904,0.010463602782869357,0
2026-08-12 07:00:00,109.76309531550156,109.9904672832847,109.6722903755969,109.9407199488482,171939,7344,109.8555726893949,109.95515622876036,1594182,1632801,-0.011967525084575903,1374.0,-0.2611453605520069,-71176.0,110.01401718343206,111.2565607154737,-1.242543532041637,0.007199736245198096,1935.0,-0.23697000029793136,0.0995835393654545,NONE,110.9785471607185,0.009439880076764778,0
2026-08-12 07:01:00,109.95039157452794,110.34174952181364,109.4901664404222,109.95845154945762,377876,9408,109.86719045845292,110.0309435794672,501658,788715,-0.22246048235665192,2064.0,0.017731600609423026,205937.0,110.01123890173332,111.24574313909024,-1.2345042373569157,0.008039294684721199,690.0,0.01612832862807334,0.16375312101428108,NONE,110.6769959336575,0.006534689913095794,0
2026-08-12 07:02:00,109.88256806611008,110.44901082068424,109.81169761097206,109.96587367181016,417388,1375,109.88257594406085,110.0507739923255,725571,1599695,-0.37592430285395306,-8033.0,0.0074221223525370306,39512.0,110.00897064023715,111.23507756019623,-1.2261069199590793,0.008397317397836446,-10097.0,0.006749933495742155,0.16819804826465656,NONE,110.60426688840542,0.00580537575230409,0
2026-08-12 07:03:00,110.39421795019028,110.78771615096764,109.86790833820466,110.30267892263429,371484,8887,110.25135460090044,110.38885031282224,1621044,770153,0.35584311957567694,7512.0,0.3368052508241277,-45904.0,110.023656054357,111.2273075715499,-1.2036515171928954,0.022455402766183852,15545.0,0.30628161226573525,0.137495711921801,NONE,110.44110373454173,0.0012549542156136734,0
2026-08-12 07:04:00,110.40204774119375,110.88953731834104,110.07495397536388,110.45700176865331,335560,2609,110.4243408078521,110.52806348807027,1956040,1658786,0.08223189719228532,-6278.0,0.1543228460190278,-35924.0,110.0453233400718,111.22088835652576,-1.1755650164539588,0.028086500738936593,-13790.0,0.13990852037897294,0.10372268021816922,NONE,110.40555148600532,-0.00046579466963761414,0
2026-08-12 07:05:00,110.45060513995692,110.76267780620628,110.338375510083,110.46228173153646,384538,3939,110.41895291574592,110.5581431539072,1966229,1872549,0.024403599270392817,1330.0,0.005279962883150802,48978.0,110.06617125964506,111.21456663465084,-1.1483953750057765,0.027169641448182347,7608.0,0.004780107008706125,0.13919023816127662,NONE,110.44393058518656,-0.00016613042988284605,0
2026-08-12 07:06:00,110.65771628558272,111.07170491834508,110.70310169556502,110.72127206972314,460701,5062,110.70945080878556,110.77726249844216,1195087,800374,0.19780541939932678,1123.0,0.2589903381866776,76163.0,110.09892630014895,111.21045584660978,-1.1115295464608295,0.03686582854494702,-207.0,0.23446042769252884,0.0678116896565939,NONE,110.62506370591952,-0.0008689239385096848,0
2026-08-12 07:07:00,111.3267498842308,111.29546765038567,111.10194111647428,111.15286474904548,235174,2613,111.09570536397366,111.24510808089572,1697849,1659940,0.011289869613605858,-2449.0,0.43159267932233547,-225527.0,110.15162322259377,111.20997592079674,-1.0583526982029667,0.05317684825786273,-3572.0,0.38980104839343444,0.14940271692205442,NONE,110.62697658326334,-0.004731215582877282,0
2026-08-12 07:08:00,111.30348135855276,111.65099084525087,110.97135866824084,111.33560563516455,119159,7578,111.28015043314024,111.4327087274938,1065438,1866769,-0.2732859583242247,4965.0,0.18274088611907757,-116015.0,110.2108223432223,111.21102283508314,-1.0002004918608378,0.05815220634212892,7414.0,0.1644050169391953,0.15255829435356816,NONE,110.79682269809516,-0.004839268929249248,0
2026-08-12 07:09:00,111.53822955827695,111.582798628649,111.25513898490873,111.35497385392904,222366,8851,111.2977013120943,111.44121802505931,1270508,1912482,-0.2016889779735406,1273.0,0.019368218764483913,103207.0,110.26802991875763,111.21222242690686,-0.9441925081492286,0.0560079837116092,-3692.0,0.01739624862504563,0.14351671296500967,NONE,110.84088950142734,-0.0046166267631300665,0
2026-08-12 07:10:00,111.05996233693033,111.21955583060698,110.7929117004658,110.9785471607185,296164,4679,110.88088435047102,111.01642543141178,1800351,1933993,-0.03578727615881129,-4172.0,-0.3764266932105329,73798.0,110.30355578085566,111.21027513302197,-0.9067193521663057,0.03747315598292289,-5445.0,-0.33804210102398313,0.13554108094075445,NONE,110.2737984663514,-0.006350314654475505,0
2026-08-12 07:11:00,110.72520260639104,111.05588421384508,110.42614635065428,110.6769959336575,368356,8540,110.58496507334657,110.70465534226284,768520,881610,-0.06853399429135887,3861.0,-0.3015512270610117,72192.0,110.32222778849575,111.20583113969393,-0.8836033511981753,0.02311600096813038,8033.0,-0.2717202871869495,0.11969026891627266,NONE,110.01836669094962,-0.00595091362167684,0
2026-08-12 07:12:00,110.64114020313716,110.74522606620404,110.24153280418034,110.60426688840542,399549,8074,110.57971273835572,110.66359769425378,1862393,1143341,0.23922675792335582,-466.0,-0.0727290452520748,31193.0,110.33632974349125,111.20081810426653,-0.8644883607752831,0.01911499042289222,-4327.0,-0.06571288336708614,0.083884955898057,NONE,110.00232448090928,-0.005442307285517938,0
2026-08-12 07:13:00,110.48048346436332,110.60012354038898,110.38448812291216,110.44110373454173,492776,4996,110.39790430760168,110.49187506207592,1289908,1982107,-0.21155129178808776,-3078.0,-0.1631631538636924,93227.0,110.34156844304377,111.1944871511855,-0.8529187081417291,0.011569652633554028,-2612.0,-0.14751976433994285,0.09397075447424186,NONE,109.6674104895659,-0.007005482730736689,0
2026-08-12 07:14:00,110.21278422807076,110.86787238156964,110.20236828336658,110.40555148600532,439205,5786,110.3573954298536,110.49454973680264,1797041,1381450,0.1307510387790936,790.0,-0.03555224853640482,-53571.0,110.34476759519184,111.18791268730898,-0.8431450921171404,0.009773616024588705,3868.0,-0.03219113838436316,0.13715430694904285,NONE,109.8761889315503,-0.004794709571484908,0
2026-08-12 07:15:00,110.4160422457715,110.47204273261204,110.2013941306152,110.44393058518656,456440,6695,110.40148262257992,110.4629334355826,1356334,1319227,0.013868867127305264,909.0,0.03837909918124183,17235.0,110.34972574469157,111.18171283645796,-0.8319870917663934,0.011158000350746988,119.0,0.03476192878408835,0.06145081300267918,NONE,110.3650142689896,-0.0007145373745648959,0
2026-08-12 07:16:00,110.70957950303796,110.8678808551262,110.35465017393376,110.62506370591952,417330,7998,110.54319906919518,110.65826031143756,1007726,1138100,-0.06075702316963258,1303.0,0.18113312073295162,-39110.0,110.36349264275297,111.17707409370347,-0.813581450950494,0.01840564081589946,394.0,0.16400459470540252,0.11506124224237624,NONE,110.76103790780265,0.0012291446199262515,0
2026-08-12 07:17:00,110.62208686491591,111.08337698346728,110.21779626256571,110.62697658326334,341876,3366,110.56981319297526,110.70463848827002,1377701,801335,0.26450503800763275,-4632.0,0.0019128773438268354,-75454.0,110.3766668397785,111.17248994778313,-0.7958231080046403,0.017758342945853656,-5935.0,0.0017291536653196715,0.1348252952947604,NONE,110.72818971469296,0.0009149046150912292,0
2026-08-12 07:18:00,110.6563037134148,111.10200420200424,110.71098360057354,110.79682269809516,324065,7764,110.73533371456772,110.81537149614311,1480382,685525,0.3669857477721804,4398.0,0.1698461148318131,-17811.0,110.39767463269433,111.16935938736907,-0.7716847546747374,0.024138353329902884,9030.0,0.15353046795414382,0.08003778157539898,NONE,111.20737625752496,0.00370546329246731,0
2026-08-12 07:19:00,110.8356490563696,111.1140930385334,110.43697377551403,110.84088950142734,485289,9976,110.75411828111842,110.8797582986893,1122619,1561029,-0.16336345154058954,2212.0,0.0440668033321856,161224.0,110.41983537613098,111.16662213831955,-0.7467867621885773,0.024897992486160092,-2186.0,0.0397726236719409,0.1256400175708734,NONE,111.28472353924454,0.0040042446412475044,0
2026-08-12 07:20:00,110.44420901797696,110.39867055596608,109.92735925250308,110.2737984663514,110532,2614,110.19126493254404,110.31864245181627,1962407,1669424,0.08067087923419344,-7362.0,-0.567091035075947,-374757.0,110.41253353064198,111.15918194105315,-0.7466484104111686,0.0001383517774087295,-9574.0,-0.5116262036751751,0.12737751927222973,NONE,111.2171173058696,0.008554333419520815,0
2026-08-12 07:21:00,110.14305586250308,110.19000443548184,109.74043128385014,110.01836669094962,310126,5555,109.9964676538958,110.08440013264024,1035452,1992117,-0.3159845407321848,2941.0,-0.25543177540177453,199594.0,110.39282518865737,111.14967514730228,-0.7568499586449065,-0.010201548233737867,10303.0,-0.2316341496839902,0.08793247874443466,NONE,111.067382611272,0.0095349163223732,0
2026-08-12 07:22:00,109.99612407997266,110.4283486888116,109.65256054570798,110.00232448090928,316351,3416,109.92807216834174,110.026556419024,1325748,1466994,-0.050576100477595136,-2139.0,-0.016042210040339455,6225.0,110.37330015326998,111.140113891749,-0.7668137384790157,-0.009963779834109232,-5080.0,-0.014581392655466097,0.09848425068226163,NONE,111.01168825294232,0.009175840390611145,0
2026-08-12 07:23:00,109.7625554172717,109.94701955545013,109.46140162009009,109.6674104895659,428684,8288,109.61822123796472,109.75486489369736,1709207,1492300,0.06775153076348107,4872.0,-0.3349139913433845,112333.0,110.33800567008477,111.12784136339748,-0.7898356933127104,-0.023021954833694735,7011.0,-0.30446083109954003,0.13664365573264092,NONE,110.93103595942836,0.011522342546628166,0
2026-08-12 07:24:00,109.8395382295135,110.13356002842868,109.80699013856623,109.8761889315503,203021,7862,109.83967053027467,109.92646773274228,825112,1074281,-0.13118348861978538,-426.0,0.20877844198440698,-225663.0,110.31491483315804,111.11741092646542,-0.8024960933073828,-0.012660399994672389,-5298.0,0.19037418778504733,0.0867972024676078,NONE,111.01870940964282,0.01039825360892594,0
2026-08-12 07:25:00,110.19462711030693,110.41480412575962,110.03213164885692,110.3650142689896,365415,4653,110.3505125751084,110.45754622305884,1746448,1921500,-0.04772477690523421,-3209.0,0.48882533743929457,162394.0,110.3174198049496,111.1111409543198,-0.7937211493701994,0.008774943937183366,-2783.0,0.44488741572918933,0.10703364795044479,NONE,111.10417151281156,0.006697387289965247,0
2026-08-12 07:26:00,110.66859130898968,110.7690519860302,110.49870175445982,110.76103790780265,100209,7639,110.70718544737154,110.81314620002968,938201,545706,0.2645010772238422,2986.0,0.39602363881304825,-265206.0,110.33960071009226,111.10822342893216,-0.7686227188399073,0.02509843053029215,6195.0,0.358830777521435,0.10596075265813454,NONE,111.14310991499671,0.003449516313779081,0
2026-08-12 07:27:00,110.8844785915438,111.21003230903648,110.40850231442158,110.72818971469296,322071,1496,110.68620041342776,110.76294333799764,1751771,1023324,0.26249443712737763,-6143.0,-0.03284819310968601,221862.0,110.3590301603223,111.10505648131351,-0.7460263209912057,0.0225963978487016,-9129.0,-0.029656812296241508,0.07674292456988496,NONE,111.31294388049508,0.0052809873195690015,0
2026-08-12 07:28:00,111.17997694934203,111.3958693411684,111.03837686701073,111.20737625752496,236611,1504,111.17474008395408,111.23014085210686,1058382,1008197,0.024284094631756153,8.0,0.4791865428319966,-85460.0,110.40144746518244,111.10590914611528,-0.7044616809328375,0.04156464005836824,6151.0,0.43275930372084215,0.05540076815277928,NONE,111.7096112975122,0.004516202583758526,0
2026-08-12 07:29:00,111.26038514130704,111.5863300702943,110.83129025057464,111.28472353924454,382121,8699,111.21220308358082,111.29506059776855,817473,1722465,-0.3563047601949339,7195.0,0.07734728171958238,145510.0,110.44561126888554,111.10739926605802,-0.6617879971724818,0.04267368376035563,7187.0,0.0695522943914062,0.08285751418773657,NONE,112.03466506595348,0.006738944060407993,0
2026-08-12 07:30:00,111.1871334862421,111.25697484246324,110.9234323715818,111.2171173058696,305214,6733,111.1378636210112,111.27501147951824,1532553,1075087,0.1754329585372214,-1966.0,-0.06760623337493143,-76907.0,110.48418657073475,111.10831358305647,-0.624127012321722,0.03766098485075986,-9161.0,-0.06075068636989256,0.13714785850703493,NONE,111.63009004257634,0.0037132120190723514,0
2026-08-12 07:31:00,111.25779627022928,111.40893975413351,111.02468136912655,111.067382611272,209920,9055,111.03535155455934,111.0870267139954,1893858,1143874,0.2468894556860184,2322.0,-0.1497346945976119,-95294.0,110.51334637276162,111.10797249162493,-0.5946261188633173,0.029500893458404676,4288.0,-0.13463277796151862,0.05167515943605849,NONE,110.90550762890764,-0.0014574484295799392,0
2026-08-12 07:32:00,111.17428414447852,111.4779716072953,110.78678625759012,111.01168825294232,490300,4216,110.99723798364118,111.05694375166912,566141,560964,0.004593183421242919,-4839.0,-0.05569435832967429,280380.0,110.53826346677064,111.10717012296924,-0.5689066561985925,0.0257194626647248,-7161.0,-0.050144657252437774,0.05970576802793914,NONE,111.22808968449012,0.0019493571798918983,0
2026-08-12 07:33:00,111.15291398277316,111.21886858592708,110.55285793205654,110.93103595942836,461732,6688,110.84464821637748,110.9940704179397,653415,1995470,-0.5066490240233155,2472.0,-0.08065229351396397,-28568.0,110.55790209140352,111.10570233827306,-0.5478002468695422,0.02110640932905028,7311.0,-0.07265207365390047,0.14942220156221708,NONE,110.8609967851376,-0.0006313758244930798,0
2026-08-12 07:34:00,111.00280488860282,111.08176707083052,110.62164212877668,111.01870940964282,430828,5364,111.00781303293444,111.05352114036408,1152595,1750798,-0.20603583462521263,-1324.0,0.08767345021446715,-30904.0,110.58094245731547,111.10497739720114,-0.5240349398856665,0.02376530698387569,-3796.0,0.079034194043337,0.045708107429646816,NONE,110.83721485338351,-0.001634810539812899,0
2026-08-12 07:35:00,111.13373396168627,111.3950322765483,110.85687298642968,111.10417151281156,330144,7042,111.00983138835863,111.12994169912452,1477042,859523,0.2642849653230276,1678.0,0.08546210316873726,-100684.0,110.60710391009029,111.1049706814979,-0.49786677140761526,0.026168168478051257,3002.0,0.07697991052426634,0.12011031076588097,NONE,110.53049784319076,-0.005163385512979156,0
2026-08-12 07:36:00,110.99144566005464,111.52628352154906,110.69573612958108,111.14310991499671,486006,2477,111.07662412633827,111.22283486103156,1973881,1494727,0.13814014152074838,-4565.0,0.038938402185152654,155862.0,110.63390421033561,111.10528850844372,-0.4713842981081058,0.02648247329950948,-6243.0,0.03504675085999054,0.14621073469328394,NONE,110.03488192939533,-0.00997118027783253,0
2026-08-12 07:37:00,111.46063732310692,111.5161521487821,111.17910966189794,111.31294388049508,367751,5960,111.27397768332696,111.40815508600043,946811,1028089,-0.041155501544381995,3483.0,0.16983396549836982,-118255.0,110.66785619384359,111.10701896987749,-0.4391627760338963,0.032221522074209474,8048.0,0.1528065623035646,0.13417740267347256,NONE,110.24295227850786,-0.00961246342685863,0
2026-08-12 07:38:00,111.59283334238542,112.14953017148297,111.50431194889308,111.7096112975122,316194,3397,111.67742828565032,111.7286509351198,1893917,1982840,-0.022937470674587034,-2563.0,0.39666741701711317,-51557.0,110.71994394902704,111.11204057260778,-0.39209662358074127,0.04706615245315504,-6046.0,0.3563533612434,0.051222649469480075,NONE,110.51697554744352,-0.010676214304357133,0
2026-08-12 07:39:00,112.05634262232977,112.35900654263216,111.585366610669,112.03466506595348,456930,9301,112.02385455616968,112.05866819514814,1368750,1326576,0.01564708684589545,5904.0,0.3250537684412791,140736.0,110.78568000487337,111.11972911005233,-0.3340491051789627,0.058047518401778575,8467.0,0.2909810218348907,0.03481363897846279,NONE,110.39093610043344,-0.01467161047477936,0
2026-08-12 07:40:00,111.52035978981306,112.07971450172094,111.18196168434056,111.63009004257634,488550,9841,111.59889761504536,111.72649118172907,661101,1165508,-0.27614393666077414,540.0,-0.40457502337713436,31620.0,110.82790050675851,111.12398211782336,-0.2960816110648494,0.037967494114113265,-5364.0,-0.3611159306264433,0.12759356668371424,NONE,109.66116568714492,-0.01763793574546493,0
2026-08-12 07:41:00,110.84662094623376,111.2172602845313,110.5626512444953,110.90550762890764,283011,7194,110.8831120817711,110.91890820887076,1103311,1660940,-0.2017287865682241,-2647.0,-0.7245824136686991,-205539.0,110.83178086286598,111.12216149708239,-0.2903806342164046,0.005700976848444839,-3187.0,-0.6490923848510244,0.03579612709965829,NONE,109.54545476505623,-0.012263167924916548,0
2026-08-12 07:42:00,111.14436344138517,111.29373367049254,110.798599410929,111.22808968449012,249666,8570,111.16299472462504,111.32607659477968,1993116,1369251,0.18554339844520243,1376.0,0.32258205558247255,-33345.0,110.85159630394719,111.12304423197745,-0.2714479280302555,0.018932706186149062,4023.0,0.29086207031470135,0.1630818701546417,NONE,109.71176994358896,-0.013632525247914888,0
2026-08-12 07:43:00,110.80020925907002,111.0158426406902,110.81661015165948,110.8609967851376,107399,8730,110.83600768216417,110.87141478861524,1338394,1175221,0.06491566926518182,160.0,-0.36709289935251377,-142267.0,110.85206632800671,111.12086050325378,-0.2687941752470664,0.002653752783189134,-1216.0,-0.33003614500061174,0.03540710645107481,NONE,109.3174733320204,-0.013923052271564392,0
2026-08-12 07:44:00,110.78330258306865,110.93811232750976,110.40471736527964,110.83721485338351,226812,2499,110.77963816800523,110.92584503239216,1923757,954933,0.33655030586829426,-6231.0,-0.023781931754086827,119413.0,110.85132375427557,111.11849678950486,-0.26717303522929114,0.0016211400177752466,-6391.0,-0.021452027713753097,0.14620686438692587,NONE,109.4224522594758,-0.01276432826085689,0
2026-08-12 07:45:00,110.47567096369826,110.9849110920492,110.37018788991566,110.53049784319076,198662,8235,110.46738736517976,110.56815710947969,1194402,1702128,-0.17528767180039564,5736.0,-0.3067170101927559,-28150.0,110.83528245872132,111.11359679828557,-0.2783143395642469,-0.011141304334955748,11967.0,-0.27672746071658594,0.10076974429992447,NONE,109.46841545325393,-0.009608953281325177,0
2026-08-12 07:46:00,110.11821532057334,110.41508196303906,109.9457161731812,110.03488192939533,395761,1595,109.99805817654408,110.12935492663128,969596,518637,0.30301639595412816,-6640.0,-0.495615913795433,197099.0,110.79526243225503,111.10460750771149,-0.30934507545646284,-0.031030735892215944,-12376.0,-0.4483974319002493,0.13129675008720199,NONE,109.69333524905072,-0.0031039855212800834,0
2026-08-12 07:47:00,110.1324659992016,110.58115146296286,110.12326736033684,110.24295227850786,238570,1978,110.22979643309615,110.28147735448506,1633435,1124225,0.18465293038300587,383.0,0.20807034911253197,-157191.0,110.76764692456766,111.09742704746812,-0.3297801229004591,-0.020435047443996268,7023.0,0.1890948992393504,0.051680921388907564,NONE,109.78090880068576,-0.0041911384652946115,0
2026-08-12 07:48:00,110.5390296901449,110.66745870725931,110.30799129343656,110.51697554744352,464970,1730,110.50362269818822,110.58586311638156,1115221,1506425,-0.14922075673069515,-248.0,0.27402326893566453,226400.0,110.75511335571146,111.09258995163458,-0.3374765959231212,-0.007696473022662076,-631.0,0.24856307208047657,0.0822404181933365,NONE,109.54124545158416,-0.008828780293942204,0
2026-08-12 07:49:00,110.512732015664,110.48295848645856,110.26534009813122,110.39093610043344,348304,1056,110.378564840536,110.40813903171238,1594533,818316,0.3217014409107242,-674.0,-0.1260394470100863,-116666.0,110.73690449294756,111.0867428362079,-0.3498383432603447,-0.012361747337223505,-426.0,-0.11404532777499199,0.029574191176379827,NONE,109.95302282484462,-0.003966931444356987,0
2026-08-12 07:50:00,109.6098460506936,110.0393912311394,109.50088189413668,109.66116568714492,491995,3243,109.58464446710263,109.69297537017576,1330171,1574013,-0.08396231092795774,2187.0,-0.7297704132885201,143691.0,110.68311755265742,111.07486302663237,-0.3917454739749502,-0.0419071307146055,2861.0,-0.661078199957088,0.10833090307312432,NONE,109.9588090651862,0.0027142095032113775,0
2026-08-12 07:51:00,109.47366287598147,109.78253373799578,109.4779655220204,109.54545476505623,473221,6879,109.50683389162296,109.62508590623936,800877,1949941,-0.41771720266480733,3636.0,-0.11571092208868095,-18774.0,110.62623441327734,111.0621179577859,-0.43588354450855604,-0.044138070533605855,1449.0,-0.10551677192525144,0.11825201461640233,NONE,110.00449250897942,0.004190386035711798,0
2026-08-12 07:52:00,109.68871748107094,109.82466471966428,109.56368156080946,109.71176994358896,412768,2701,109.63010292685188,109.76935167042004,1069677,1956463,-0.2930419610460851,-4178.0,0.16631517853272726,-60453.0,110.58051118979293,111.0508650576676,-0.47035386787466393,-0.03447032336610789,-7814.0,0.15182298424833984,0.1392487435681602,NONE,109.77890702991614,0.0006119406000076307,0
2026-08-12 07:53:00,109.43544585285647,109.62578432110304,109.0313314247494,109.3174733320204,371772,8229,109.26861737787456,109.41099054758124,660787,996221,-0.20243354286762646,5528.0,-0.39429661156856355,-40996.0,110.51735929690429,111.03642012662053,-0.5190608297162385,-0.048706961841574525,9706.0,-0.35939317337720933,0.1423731697066728,NONE,109.70082768326094,0.003506798497585218,0
2026-08-12 07:54:00,109.44186302257114,109.44261918554504,109.20152540543027,109.4224522594758,493545,2286,109.37168243040112,109.47103988622652,1343354,523119,0.439457200827443,-5943.0,0.10497892745540582,121773.0,110.46261394503287,111.02297039439432,-0.5603564493614499,-0.041295619645211445,-11471.0,0.09603124208383829,0.09935745582539823,NONE,109.4907928439688,0.0006245572374026424,0
2026-08-12 07:55:00,109.41529402379317,109.63150058031805,109.29505607263596,109.46841545325393,400763,9303,109.41225601902806,109.55669856617718,1998043,1201477,0.24896421963294493,7017.0,0.04596319377812108,-92782.0,110.41290402044392,111.01001576988482,-0.5971117494408986,-0.036755300079448716,12960.0,0.04200526750133271,0.14444254714911153,NONE,109.49480578417013,0.00024107712536927846,0
2026-08-12 07:56:00,109.74172291416954,109.9276137463463,109.32010918462218,109.69333524905072,107032,1947,109.61916241797698,109.74374123842378,1479298,1778965,-0.09197139702964433,-7356.0,0.22491979579679366,-293731.0,110.37692558187425,110.9990434322112,-0.6221178503369487,-0.025006100896050043,-14373.0,0.2054654713558257,0.12457882044679991,NONE,110.06469591933694,0.0033854442427434166,0
2026-08-12 07:57:00,109.6706795857021,109.85488796774044,109.3341538149891,109.78090880068576,279166,5121,109.74629354276108,109.87904114576892,517580,1958071,-0.5818635179191252,3174.0,0.08757355163504599,172134.0,110.34712474281483,110.9888923102818,-0.641767567466971,-0.01964971713002228,10530.0,0.07983488826939222,0.13274760300784294,NONE,109.70997396461648,-0.0006461491059257946,0
2026-08-12 07:58:00,109.60938140262849,110.0335726903796,109.16285084013298,109.54124545158416,400178,7553,109.52030259012616,109.63763054591008,878044,730882,0.09146598414097354,2432.0,-0.2396633491016047,121012.0,110.30683077825329,110.97682858645932,-0.669997808206034,-0.028230240739063106,-742.0,-0.2183105894456805,0.11732795578392086,NONE,109.2832146107285,-0.002355558765028828,0
2026-08-12 07:59:00,109.9938835556148,110.05757150713944,109.78702247378578,109.95302282484462,202658,1757,109.8929776646774,109.99264512834468,894039,1805733,-0.33769296073890687,-5796.0,0.41177737326046326,-197520.0,110.28914038058285,110.96829687177919,-0.6791564911963377,-0.009158682990303646,-8228.0,0.3759108010529921,0.09966746366727364,NONE,109.78232525004287,-0.0015524591358772502,0
2026-08-12 08:00:00,109.92802821807231,110.02398563020785,109.58658798126744,109.9588090651862,483267,6651,109.91938107909436,110.04854219552372,1807649,976113,0.2987094442700202,4894.0,0.005786240341578264,280609.0,110.27262381481303,110.95988447339091,-0.687260658577884,-0.00810416738154629,10690.0,0.005262465908550951,0.12916111642935846,NONE,109.77772788163963,-0.0016468092468991534,0
2026-08-12 08:01:00,109.9206339291347,110.10625994592289,109.9285024177424,110.00449250897942,448302,8273,109.9546682907493,110.09077753265883,723080,1566777,-0.36844964554555154,1622.0,0.04568344379322298,-34965.0,110.25921724952136,110.95192287368748,-0.6927056241661234,-0.00544496558823937,-3272.0,0.04154596087535545,0.1361092419095371,NONE,109.63563562818491,-0.0033531074266298835,0
2026-08-12 08:02:00,109.6902389376878,110.163437596496,109.7137480358705,109.77890702991614,155264,4535,109.71068182616578,109.80786826567562,1293516,1806212,-0.16540031899573124,-3738.0,-0.22558547906328386,-293038.0,110.23520173854111,110.94214774165606,-0.7069460031149504,-0.014240378948827015,-5360.0,-0.20506933300462604,0.09718643950984074,NONE,110.00665599915712,0.0020746150185200225,0
2026-08-12 08:03:00,109.75430941689554,109.91358051289686,109.52801416474286,109.70082768326094,194120,3293,109.64635636655822,109.76701381933144,1888711,528634,0.5626325576200335,-1242.0,-0.07807934665520122,38856.0,110.20848303577709,110.93180340783609,-0.7233203720589927,-0.016374368944042317,2496.0,-0.07112417928694104,0.12065745277321582,NONE,109.88442918715096,0.0016736565053103297,0
2026-08-12 08:04:00,109.6136908942177,109.77350081384506,109.08694165944677,109.4907928439688,147850,2104,109.42496775042972,109.50733425237188,1952399,904042,0.3670151072610987,-1189.0,-0.21003483929213473,-46270.0,110.17259852618668,110.91979498647052,-0.7471964602838455,-0.023876088224852765,53.0,-0.19146149006147306,0.08236650194216111,NONE,110.49208825205622,0.00914501924846159,0
2026-08-12 08:05:00,109.43107500946724,109.50531036266332,109.37163166054896,109.49480578417013,104722,9853,109.4358277839799,109.58010974902264,1106743,1897541,-0.2632234502463815,7749.0,0.004012940201320703,-43128.0,110.13870888908586,110.90792007645135,-0.7692111873654852,-0.022014727081639762,8938.0,0.0036650937463189592,0.14428196504273672,NONE,110.75570981008772,0.011515651513214414,0
2026-08-12 08:06:00,110.1105345896921,110.0819115736236,110.0330692148876,110.06469591933694,379916,1908,109.98811424586268,110.09040504885226,1923260,1005341,0.31343259119285966,-7945.0,0.5698901351668155,275194.0,110.13500824059841,110.90089320847538,-0.7658849678769712,0.0033262194885139706,-15694.0,0.5204723010241663,0.10229080298958593,NONE,110.66995710591875,0.0054991401332302875,0
2026-08-12 08:07:00,109.50127126275626,109.93288673952998,109.64411919701328,109.70997396461648,448249,7539,109.63643966902242,109.7263472877412,1502434,807919,0.30060990679779237,5631.0,-0.35472195472046053,68333.0,110.1137565267993,110.89096888144323,-0.7772123546439218,-0.011327386766950553,13576.0,-0.3222849540968409,0.08990761871878306,NONE,111.378136418578,0.015205203261642628,0
2026-08-12 08:08:00,109.2247528376628,109.69154223232933,108.85384212646372,109.2832146107285,104576,5617,109.22513752046574,109.329234329327,876684,1937266,-0.3769015085555891,-1922.0,-0.4267593538879737,-343673.0,110.07222943099578,110.87757092918727,-0.8053414981914955,-0.028129143547573676,-7553.0,-0.38898865660620396,0.10409680886125727,NONE,111.25776406434537,0.018068186048976406,0
2026-08-12 08:09:00,109.7792193567558,110.22494468939664,109.46543360766924,109.78232525004287,257779,8069,109.7112239781655,109.84424824251684,1493859,614090,0.4173578203267726,2452.0,0.4991106393143667,153203.0,110.05773422194814,110.86844388186107,-0.8107096599129306,-0.005368161721435172,4374.0,0.4567129921024149,0.1330242643513344,NONE,111.5420791529462,0.01602948287800672,0
2026-08-12 08:10:00,109.68675953994146,109.82108116543746,109.65112729995468,109.77772788163963,461548,3311,109.68910751743512,109.86467040791004,1167329,1555374,-0.14252197173176803,-4758.0,-0.004597368403238988,203769.0,110.04373390493272,110.85935458185922,-0.8156206769264998,-0.004911017013569108,-7210.0,-0.004187712724035286,0.17556289047492157,NONE,111.6938867774373,0.017454896660492304,0
2026-08-12 08:11:00,109.54198499070596,109.90481717923544,109.35798771552084,109.63563562818491,141476,1789,109.586731212284,109.73331745548188,1303765,1008377,0.12775512922649215,-1522.0,-0.1420922534547202,-320072.0,110.02332899109533,110.84915692391193,-0.8258279328166083,-0.010207255890108513,3236.0,-0.12943632209979627,0.1465862431978877,NONE,112.1467513476941,0.022904192647957244,0
2026-08-12 08:12:00,109.93987804351023,110.46327084229677,109.74286618794446,110.00665599915712,348292,1171,109.95950732260974,110.05621032528842,970452,959319,0.005769078299964089,-618.0,0.37102037097220375,206816.0,110.02249534149841,110.8421360828723,-0.8196407413738882,0.006187191442720064,904.0,0.3384122040670068,0.09670300267868015,NONE,112.67785812553495,0.024282186401505583,0
2026-08-12 08:13:00,109.9136484599836,110.07841556434992,109.55671119793064,109.88442918715096,386298,8989,109.80564708127426,109.89986941021964,1937902,1626327,0.0874172226307569,7818.0,-0.12222681200616137,38006.0,110.01559203378103,110.83415519207462,-0.8185631582935855,0.001077583080302702,8436.0,-0.11110856056482099,0.09422232894537785,NONE,112.75041287137694,0.02608179980936832,0
2026-08-12 08:14:00,110.47335535021558,110.9068711677704,110.3754944748454,110.49208825205622,379309,2885,110.42965840672244,110.56950865416854,1254207,1491006,-0.08625888045845623,-6104.0,0.6076590649052633,-6989.0,110.0394168446948,110.83130463424114,-0.7918877895463368,0.02667536874724874,-13922.0,0.5529983359792601,0.1398502474461054,NONE,112.58762988719025,0.018965535616936164,0
2026-08-12 08:15:00,110.53188668675524,110.82255763728745,110.32350831649052,110.75570981008772,114439,9667,110.7393191998677,110.81657540314788,1060956,682482,0.2170848633561962,6782.0,0.26362155803150245,-264870.0,110.07523149296446,110.8306746773732,-0.7554431844087333,0.0364446051376035,12886.0,0.23858862856327434,0.07725620328018579,NONE,112.78914152485606,0.018359610698672386,0
2026-08-12 08:16:00,110.45788709065526,111.13765435075268,110.51527282487876,110.66995710591875,480355,2049,110.57966702450658,110.72026732695475,1298377,1851608,-0.17562972522091375,-7618.0,-0.08575270416896785,365916.0,110.10496777361217,110.82933536427774,-0.7243675906655653,0.03107559374316793,-14400.0,-0.07742508654046132,0.14060030244817767,NONE,112.64961321923398,0.017887926995585283,0
2026-08-12 08:17:00,111.31744990079228,111.75384807734363,111.03107059158988,111.378136418578,144518,5129,111.3653659393766,111.41597061766927,1126816,1859767,-0.24541457578778156,3080.0,0.7081793126592402,-335837.0,110.16862620586046,110.83390870639691,-0.6652825005364491,0.059085090129116224,10698.0,0.639902039522311,0.05060467829267168,NONE,113.317670654561,0.017413958415446136,0
2026-08-12 08:18:00,111.30353272295072,111.72843126073882,111.24970174115926,111.25776406434537,319123,2161,111.1804083922865,111.31297993185127,546526,871784,-0.22932786203298292,-2968.0,-0.12037235423262871,174605.0,110.2230830987847,110.8374408343798,-0.6143577355951066,0.05092476494134246,-6048.0,-0.10807538903349068,0.13257153956477907,NONE,113.42291607058098,0.019460682357263722,0
2026-08-12 08:19:00,111.26732866867366,111.88038776972245,111.35575058799913,111.5420791529462,126962,1815,111.4637876801028,111.58256031734732,1072005,864758,0.10700689759149674,-346.0,0.28431508860083454,-192161.0,110.28903290149279,110.84331282036786,-0.5542799188750678,0.06007781672003887,2622.0,0.25554629017747743,0.11877263724451836,NONE,113.37783653401344,0.016457980656340944,0
2026-08-12 08:20:00,111.64391375982214,111.875588743437,111.5180318684579,111.6938867774373,339157,4766,111.59810677976192,111.77201784553456,1763814,1594531,0.05040667352520364,2951.0,0.15180762449109864,212195.0,110.35927559529003,110.85040093667676,-0.49112534138673425,0.06315457748833353,3297.0,0.13609897326993803,0.17391106577264281,NONE,113.49797818191584,0.016152105155704692,0
2026-08-12 08:21:00,112.09412656204236,112.61584193395647,111.8750091334026,112.1467513476941,399907,9945,112.1318792509379,112.20570178037843,1009740,1792041,-0.27921561321173927,5179.0,0.45286457025680704,60750.0,110.44864938291023,110.86120385676857,-0.41255447385833577,0.07857086752839848,2228.0,0.40545152767330617,0.07382252944053391,NONE,113.15878695442828,0.009024207964763145,0
2026-08-12 08:22:00,112.8166919033558,112.81564151368954,112.64148999464636,112.67785812553495,216189,5661,112.61414100806437,112.76677442520882,1786220,1189224,0.20064097996803165,-4284.0,0.5311067778408471,-183718.0,110.56010982004145,110.87634264234161,-0.31623282230016514,0.09632165155817063,-9463.0,0.4735819553026932,0.15263341714445744,NONE,112.93244694416336,0.0022594396349349074,0
2026-08-12 08:23:00,112.71191069020566,112.9164991324078,112.35534718451387,112.75041287137694,210290,9653,112.7019072200205,112.8093318236954,1901200,1407730,0.14913280123786238,3992.0,0.07255474584198396,-5899.0,110.66962497260822,110.89195989425025,-0.22233492164203028,0.09389790065813486,8276.0,0.06439130726212383,0.10742460367490025,NONE,113.35790126327552,0.0053879039236121775,0
2026-08-12 08:24:00,112.62592878566434,112.93803409619112,112.47873948630648,112.58762988719025,472958,4239,112.54787292125287,112.61907350439084,1233709,1849985,-0.19984992025797632,-5414.0,-0.16278298418669124,262668.0,110.76552521833733,110.90609047752474,-0.14056525918741158,0.0817696624546187,-9406.0,-0.14437462359662145,0.07120058313796562,NONE,113.2263374421766,0.0056729816199730075,0
2026-08-12 08:25:00,112.8032672388648,113.17179967461875,112.45062261741506,112.78914152485606,381608,9272,112.77101285442916,112.87573979425696,1532540,1592926,-0.01932063890632629,5033.0,0.20151163766581703,-91350.0,110.86670603366326,110.92178256958583,-0.05507653592256645,0.08548872326484513,10447.0,0.17898204080477598,0.10472693982779901,NONE,112.97793126522085,0.0016738290389698364,0
2026-08-12 08:26:00,112.43655657125326,113.11431496115856,112.24800715761194,112.64961321923398,223980,3804,112.58897434846357,112.70976293327767,1684249,1695026,-0.003189145600757559,-5468.0,-0.13952830562207907,-157628.0,110.95585139294181,110.93618115833289,0.01967023460892392,0.07474677053149037,-10501.0,-0.12370721483976332,0.12078858481410748,BUY,113.20474517452212,0.004927952608303747,1
2026-08-12 08:27:00,113.39449137622417,113.4200718590891,113.03673217644024,113.317670654561,327021,9031,113.26455698925028,113.34628634799392,1668960,1797982,-0.0372149288912246,5227.0,0.6680574353270146,103041.0,111.07394235602276,110.9560269041348,0.11791545188795283,0.0982452172790289,10695.0,0.593040150104085,0.08172935874364384,NONE,113.6264137537227,0.0027245803534285394,0
2026-08-12 08:28:00,113.44445572112662,113.8219150881906,113.05247446722,113.42291607058098,264342,1869,113.4035061693474,113.48903177347704,1566415,1749463,-0.05520347853570005,-7162.0,0.10524541601998294,-62679.0,111.19139104175068,110.9765843138552,0.2148067278954784,0.09689127600752556,-12389.0,0.09287643790421019,0.08552560412964283,NONE,113.90818458775858,0.004278399233499058,0
2026-08-12 08:29:00,113.42866339798088,113.7471095607119,113.04690637790593,113.37783653401344,142299,6526,113.31271247837468,113.42003104285824,1337769,1314356,0.008828015270773436,4657.0,-0.04507953656754182,-122043.0,111.30071331636381,110.99659474902319,0.30411856734062326,0.08931183944514487,11819.0,-0.03974464608147432,0.10731856448356325,NONE,114.27319947844953,0.007897160254662978,0
2026-08-12 08:30:00,113.89060195255948,113.52987546004265,113.32021328333984,113.49797818191584,316877,8741,113.42156240109308,113.58397468702212,933420,1369025,-0.18919235855796773,2215.0,0.12014164790240045,174578.0,111.41057655964141,111.01743961096396,0.3931369486774514,0.08901838133682816,-2442.0,0.10596572626111467,0.16241228592903667,NONE,114.11246549641494,0.0054140815928385416,0
2026-08-12 08:31:00,112.9503756604784,113.35239852503337,112.75435768491148,113.15878695442828,131541,5694,113.07973190733344,113.20958393090643,520195,1403922,-0.4592896377922964,-3047.0,-0.3391912274875608,-185336.0,111.49798707938075,111.0352841721595,0.4627029072212423,0.06956595854379088,-5262.0,-0.29885222003153133,0.12985202357299386,NONE,113.75231899748388,0.005245125535806889,0
2026-08-12 08:32:00,113.10491660913944,113.0738296726934,112.78509625922058,112.93244694416336,435689,9998,112.84096335721972,113.00782666639302,1969640,1555888,0.11735887503942671,4304.0,-0.22634001026492,304148.0,111.56971007261988,111.0510938619262,0.5186162106936791,0.05591330347243684,7351.0,-0.20001982732111845,0.16686330917329428,NONE,114.26919613128038,0.011836714985711273,0
2026-08-12 08:33:00,113.32915651133548,113.51014647545254,113.07229480439976,113.35790126327552,323070,2934,113.31104889650553,113.37649952196278,1113517,1662320,-0.19770721407633085,-7064.0,0.4254543191121627,-112619.0,111.65911963215267,111.07031725693746,0.5888023752152094,0.07018616452153026,-11368.0,0.37673346378699346,0.06545062545725955,NONE,114.23893772121806,0.007772166281522109,0
2026-08-12 08:34:00,113.25507033261692,113.71781088195397,112.85363857260585,113.2263374421766,229188,6172,113.13056089300062,113.27197963334385,612265,731745,-0.08889814807925536,3238.0,-0.13156382109892206,-93882.0,111.73748052265387,111.08828409181446,0.6491964308394103,0.06039405562420086,10302.0,-0.11606056537105669,0.14141874034322655,NONE,114.23029001532008,0.008866776015396474,0
2026-08-12 08:35:00,112.97338004069071,113.2993199719608,112.78845331031458,112.97793126522085,308150,1703,112.8900426187634,113.07642299450336,1809351,717522,0.43208701030878877,-4469.0,-0.24840617695575418,78962.0,111.79950305978223,111.10403115159285,0.6954719081893757,0.0462754773499654,-7707.0,-0.2193890419555533,0.18638037573995803,NONE,114.6953952583434,0.015201765281847168,0
2026-08-12 08:36:00,113.16232154118232,113.56358325341888,113.0533613707134,113.20474517452212,391909,3523,113.16806003312996,113.28750660057506,1720502,778336,0.3770416489584359,1820.0,0.22681390930127066,83759.0,111.86976516551923,111.12153710178391,0.7482280637353114,0.05275615554593571,6289.0,0.2007594817511782,0.1194465674450953,NONE,114.92894419906912,0.015230801693770814,0
2026-08-12 08:37:00,113.56943046089884,114.1147225723802,113.39674074863628,113.6264137537227,385913,3639,113.60207828036124,113.65080842593572,1861718,1172810,0.22702311529173566,116.0,0.42166857920058476,-5996.0,111.9575975949294,111.1424110738834,0.8151865210460016,0.06695845731069028,-1704.0,0.37248313094164764,0.0487301455744813,NONE,115.1324115361794,0.01325394098700367,0
2026-08-12 08:38:00,113.94113546131588,114.0967854789874,113.499202840584,113.90818458775858,319073,7159,113.85899954210706,113.94318335221152,698462,1736873,-0.42639349411887895,3520.0,0.281770834035882,-66840.0,112.05512694457086,111.16545918649902,0.8896677580718375,0.07448123702583587,3404.0,0.2479800468283777,0.08418381010446296,NONE,115.84862243910906,0.017035104706242636,0
2026-08-12 08:39:00,114.12148210878236,114.67411956267593,113.80823859687668,114.27319947844953,120156,4909,114.22702859473348,114.31288290124658,1842278,598991,0.5092789856423032,-2250.0,0.3650148906909436,-198917.0,112.16603057126478,111.19135702226528,0.9746735489995046,0.08500579092766714,-5770.0,0.3204465877600926,0.08585430651309878,NONE,115.7222744881844,0.012680794940095701,0
2026-08-12 08:40:00,114.18752341316711,114.3297309780672,113.839923789985,114.11246549641494,316908,2164,114.05065075893512,114.18099839685954,543585,1627287,-0.49920124263429627,-2745.0,-0.16073398203458567,196752.0,112.2633523175223,111.21569959288318,1.0476527246391214,0.07297917563961676,-495.0,-0.1406576369334056,0.13034763792441595,NONE,116.06731948876202,0.017130941688473973,0
2026-08-12 08:41:00,113.71069955699537,114.18708583339138,113.42158589482206,113.75231899748388,244507,1619,113.6898142365744,113.83044852583797,1764462,1165655,0.20436282919760543,-545.0,-0.36014649893105855,-72401.0,112.33780065152038,111.23683808792153,1.1009625635988556,0.05330983895973418,2200.0,-0.31560662313652177,0.14063428926355925,NONE,116.15108996017328,0.021087666465441083,0
2026-08-12 08:42:00,114.15618919737636,114.35952490193604,113.81755932016092,114.26919613128038,300722,8982,114.19169730268618,114.3466535260731,802408,1555350,-0.3193465996086112,7363.0,0.5168771337964984,56215.0,112.43437042550838,111.26210773828285,1.1722626872255262,0.0713001236266706,7908.0,0.454388216743018,0.15495622338691817,NONE,116.2982958820928,0.017757189334571412,0
2026-08-12 08:43:00,114.19393643541848,114.7127808097502,114.1896642955116,114.23893772121806,277408,4066,114.18304762587957,114.29482638628564,926542,1139395,-0.10302976325028304,-4916.0,-0.030258410062316443,-23314.0,112.52459879029387,111.28691465480732,1.2376841354865462,0.06542144826102003,-12279.0,-0.026479936051670983,0.11177876040606805,NONE,116.82341449194212,0.022623431399817952,0
2026-08-12 08:44:00,114.35600493700632,114.33967586952552,114.11425072638698,114.23029001532008,173631,5872,114.2108559776354,114.3132638637255,1957459,924502,0.35842157475413444,1806.0,-0.008647705897985247,-103777.0,112.60988335154516,111.3114427828116,1.298440568733568,0.060756433247021846,6722.0,-0.007569840958332463,0.10240788609009144,NONE,117.04228129269477,0.024616861928631672,0
2026-08-12 08:45:00,114.6418617496418,114.85850551183388,114.34094525521762,114.6953952583434,400053,9638,114.60814903814364,114.7447322857916,1042353,728552,0.17719809927692337,3766.0,0.46510524302331646,226422.0,112.71415894688508,111.33964238677436,1.3745165601107203,0.07607599137715226,1960.0,0.40716454712750316,0.13658324764796248,NONE,117.27021234152885,0.022449175726591764,0
2026-08-12 08:46:00,114.96478956089008,115.3070403161225,114.51707196811296,114.92894419906912,169487,3337,114.89106538658244,114.95009344994573,876526,1096715,-0.11158748475224263,-6301.0,0.23354894072572563,-230566.0,112.82489820949426,111.36955323521015,1.4553449742841167,0.08082841417339637,-10067.0,0.2036253854827086,0.05902806336328581,NONE,117.65832109155374,0.023748385678694247,0
2026-08-12 08:47:00,115.05931590860786,115.32928910696212,114.70389702201412,115.1324115361794,409799,9400,115.0349947647518,115.19321130192824,1373623,587513,0.4008442045834659,6063.0,0.20346733711028264,240312.0,112.94027387582852,111.40091038771821,1.539363488110311,0.08401851382619441,12364.0,0.17703750654651795,0.15821653717644324,NONE,117.61509433294631,0.021563717493980804,0
2026-08-12 08:48:00,115.92441462410144,116.15272812749228,115.6410688506816,115.84862243910906,342735,6594,115.82801502932789,115.94432956372316,1427510,1874734,-0.13543033161692472,-2806.0,0.7162109029296602,-67064.0,113.08569130399255,111.43797465481313,1.647716649179415,0.10835316106910398,-8869.0,0.6220758284947392,0.11631453439527206,NONE,117.42948120948844,0.013645900461270403,0
2026-08-12 08:49:00,115.79082526206342,115.94456123871912,115.67760453703846,115.7222744881844,295254,3460,115.62603188268348,115.80364391680972,833963,1251247,-0.20011605545724412,-3134.0,-0.12634795092466788,-47481.0,113.21752046320213,111.47367715342456,1.7438433097775743,0.09612666059815922,-328.0,-0.109062972234375,0.17761203412624127,NONE,117.1820671690331,0.012614621405473299,0
2026-08-12 08:50:00,116.25218037209169,116.43850445730692,115.84842875011222,116.06731948876202,151786,7820,116.0491284261426,116.12940254705433,1917878,706924,0.46135060854113946,4360.0,0.34504500057762755,-143468.0,113.36001041448014,111.51195750621903,1.84805290826111,0.10420959848353561,7494.0,0.29816645248608165,0.08027412091172437,NONE,116.65805609704717,0.00508960326547679,0
2026-08-12 08:51:00,116.13353356562334,116.26525558635755,116.03572266506974,116.15108996017328,168304,6546,116.12029670775804,116.21930246960468,938292,1341688,-0.17692962218966832,-1274.0,0.08377047141125615,16518.0,113.49956439176478,111.55061694333531,1.9489474484294647,0.10089454016835475,-5634.0,0.07217403811876633,0.0990057618466409,NONE,117.34066959764304,0.010241657119857025,0
2026-08-12 08:52:00,116.3651613625686,116.32752487571122,116.15269765459448,116.2982958820928,465750,4442,116.284103687305,116.392046464526,1748509,1123031,0.21781970649895177,-2104.0,0.14720592191952164,297446.0,113.63950096628116,111.59018093449163,2.0493200317895344,0.10037258336006971,-830.0,0.12673658247202013,0.10794277722099821,NONE,117.07530220176886,0.006681149657290055,0
2026-08-12 08:53:00,116.83322124589604,116.97337919067868,116.43728071352338,116.82341449194212,277586,3711,116.74995430874462,116.87196534344127,1251679,1738278,-0.1627444809406958,-731.0,0.525118609849315,-188164.0,113.79869664256421,111.63379121413705,2.1649054284271614,0.11558539663762701,1373.0,0.45152734686817464,0.12201103469665497,NONE,117.07435330401962,0.0021480181277770787,0
2026-08-12 08:54:00,117.17186847088108,117.27943562512898,117.00451774968182,117.04228129269477,220938,2291,116.9557544064033,117.0821067651996,1992185,746968,0.4545992867138126,-1420.0,0.2188668007526502,-56648.0,113.96087587507074,111.6788619647917,2.2820139102790478,0.11710848185188638,-689.0,0.18734840246237283,0.12635235879629647,NONE,117.05655693201186,0.00012196993393687656,0
2026-08-12 08:55:00,117.19832910276796,117.35422236762518,116.85642173278848,117.27021234152885,443125,6374,117.2211459441654,117.36816408237888,1289575,1338147,-0.018484451551572047,4083.0,0.22793104883407977,222187.0,114.12634269839364,111.7254565512645,2.4008861471291425,0.11887223685009474,5503.0,0.19474248649005155,0.14701813821348253,NONE,117.21383537306008,-0.00048074414928644027,0
2026-08-12 08:56:00,117.73282162284148,117.83571973638192,117.44448654864166,117.65832109155374,155107,3655,117.56475410479992,117.74603097356967,1256701,1556042,-0.10642316059448019,-2719.0,0.3881087500248981,-288018.0,114.30294161805163,111.77489708910025,2.5280445289513835,0.12715838182224104,-6802.0,0.33095254308450617,0.18127686876975702,NONE,117.5234102014217,-0.0011466327997921133,0
2026-08-12 08:57:00,117.59562460333464,117.8150858420931,117.31706236739602,117.61509433294631,345191,7513,117.55196741648832,117.65416825556198,1868225,1304069,0.17783849794502024,3858.0,-0.04322675860743175,190084.0,114.46854925379637,111.82356539946564,2.6449838543307322,0.1169393253793487,6577.0,-0.03673922779655614,0.10220083907366018,NONE,117.84619160066656,0.0019648606246580155,0
2026-08-12 08:58:00,117.4230623917776,117.45817713133258,117.3846550938706,117.42948120948844,232232,8394,117.36278056729826,117.48122146325092,1954209,1941144,0.0033539964157292034,881.0,-0.18561312345786973,-112959.0,114.61659585158097,111.87028136454916,2.7463144870318104,0.10133063270107812,-2977.0,-0.15781403272306926,0.11844089595265928,NONE,117.73568190336287,0.0026075282860884255,0
2026-08-12 08:59:00,117.19124241747794,117.4737207931252,117.01338762985446,117.1820671690331,450041,1704,117.09597944088004,117.2294242006438,662372,568745,0.0760504484951471,-6690.0,-0.24741404045533955,217809.0,114.74486941745356,111.91454624625318,2.8303231712003765,0.0840086841685661,-7571.0,-0.2106915894603767,0.13344475976376202,NONE,117.74972163861548,0.004844209385413449,0
2026-08-12 09:00:00,116.68328013668982,117.1002278110328,116.61320563753972,116.65805609704717,172577,1825,116.62134407859249,116.68147470812758,1839616,1682726,0.044541387520008,121.0,-0.5240110719859388,-277464.0,114.84052875143325,111.9540754950098,2.886453256423451,0.05613008522307439,6811.0,-0.4471768459503811,0.06013062953509518,NONE,117.89842316410312,0.010632502448215854,0
2026-08-12 09:01:00,117.32904669333084,117.41654105411956,116.85989773620248,117.34066959764304,315375,1376,117.29878568272356,117.43687333678623,1258339,1444803,-0.06898046791474513,-449.0,0.6826135005958776,142798.0,114.96553579374374,111.99896377919842,2.9665720145453207,0.08011875812186986,-570.0,0.5851404724488196,0.13808765406267298,NONE,117.88748327764618,0.004660052493974551,0
2026-08-12 09:02:00,117.09677352008592,117.37420620846962,116.67167137710574,117.07530220176886,360933,1972,116.98376652904136,117.12169032057864,1861349,1027831,0.28849638997916366,596.0,-0.2653673958741791,45558.0,115.071024114145,112.0412665993865,3.0297575147585007,0.06318550021318003,1045.0,-0.22615125410833103,0.13792379153727552,NONE,118.43308297931075,0.011597499660533663,0
2026-08-12 09:03:00,117.23216510977583,117.40672290647504,116.8445369268414,117.07435330401962,204180,5213,116.98326658937611,117.16313292145703,1969398,1933510,0.009195194967444788,3241.0,-0.0009488977492395634,-156753.0,115.17119057363873,112.08320898859179,3.0879815850469328,0.05822407028843202,2645.0,-0.0008105020712245725,0.17986633208091973,NONE,118.64348878584136,0.013402896856043171,0
2026-08-12 09:04:00,117.15510190057338,117.2662242722215,116.94475565785002,117.05655693201186,382068,1443,116.95867348215378,117.08359899250313,561330,987843,-0.27531657213235705,-3770.0,-0.017796372007765626,177888.0,115.26545889155739,112.12465355478695,3.140805336770441,0.052823751723508394,-7011.0,-0.015200914210089511,0.12492551034934252,NONE,118.92677149992144,0.015977016725306832,0
2026-08-12 09:05:00,117.30075083230976,117.56438416674222,116.74710782043516,117.21383537306008,473337,8519,117.12266992458032,117.27314374601742,1293983,1599628,-0.10562753597494619,7076.0,0.15727844104821997,91269.0,115.36287771563252,112.16706340327256,3.195814312359957,0.055008975589515785,10846.0,0.13436106884603394,0.15047382143710308,NONE,119.1881501333838,0.01684370069488819,0
2026-08-12 09:06:00,117.47785624881932,117.7287759731672,117.3511119035582,117.5234102014217,244954,1754,117.5019467181787,117.53556672608288,863116,1511987,-0.2731969939829978,-6765.0,0.30957482836161887,-228383.0,115.47090433992196,112.21169962659047,3.259204713331485,0.06339040097152804,-13841.0,0.26411116689111225,0.033620007904175964,NONE,119.60239028977573,0.01768992309524456,0
2026-08-12 09:07:00,117.75726751784374,118.09851024465527,117.76569938482288,117.84619160066656,311346,5735,117.76205641491424,117.92497144421236,1930343,1096575,0.2754511354453606,3981.0,0.32278139924486027,66392.0,115.58966870295919,112.25865372637445,3.33101497658474,0.0718102632532549,10746.0,0.2746528531563541,0.1629150292981194,NONE,119.71856743080146,0.015888301562426637,0
2026-08-12 09:08:00,117.83121195918666,117.7393584256401,117.45409970913592,117.73568190336287,101095,6396,117.68879644033302,117.79796415420503,875360,1104730,-0.11583816897211743,661.0,-0.11050969730368365,-210251.0,115.69696936297937,112.30429562784936,3.3926737351300176,0.06165875854527769,-3320.0,-0.09377451727770048,0.10916771387201152,NONE,119.39105018034992,0.014060038980754955,0
2026-08-12 09:09:00,117.83732631786846,118.09558169568282,117.27783457844308,117.74972163861548,466349,4465,117.65054951658036,117.81602470112776,1354214,1144838,0.08378217019893944,-1931.0,0.014039735252609375,365254.0,115.79960697676117,112.34967417793908,3.44993279882209,0.05725906369207223,-2592.0,0.011924792064421652,0.16547518454740384,NONE,119.57213960681234,0.015477046933410378,0
2026-08-12 09:10:00,118.04569023167822,118.22909450357548,117.89650801885296,117.89842316410312,272055,3711,117.84591787731352,117.91307804353303,827535,976848,-0.08275017000271007,-754.0,0.14870152548763826,-194294.0,115.90454778612825,112.39591375282377,3.5086340333044745,0.058701234482384734,1177.0,0.1262860951332101,0.06716016621950871,NONE,119.4375553952722,0.013054731266649385,0
2026-08-12 09:11:00,117.82708521504928,117.90668371630936,117.7684208560192,117.88748327764618,114123,3407,117.82763803022098,117.91647672736497,1915677,514425,0.5766227096640388,-304.0,-0.010939886456938552,-157932.0,116.00369456070413,112.44167683219729,3.562017728506845,0.05338369520237052,450.0,-0.009279077839496885,0.08883869714398429,NONE,119.33942223578214,0.012316311433304397,0
2026-08-12 09:12:00,118.41012811377472,118.61720803300834,117.96385915910555,118.43308297931075,297687,9814,118.37540323693766,118.4497727578226,1087699,813625,0.14414902457445444,6407.0,0.5455997016645711,183564.0,116.12516398163446,112.49160521675657,3.6335587648778898,0.0715410363710447,6711.0,0.4628139362171213,0.07436952088494309,NONE,119.57540151370222,0.00964526554282993,0
2026-08-12 09:13:00,118.47954036958882,119.1330047062372,118.55794580241276,118.64348878584136,407422,6588,118.6045324531541,118.6794910742637,1264797,577347,0.37317929542967326,-3226.0,0.21040580653060204,109735.0,116.25108022184479,112.54287091316561,3.708209308679173,0.07465054380128322,-9633.0,0.17765796620135,0.0749586211095874,NONE,120.0065640414662,0.011488833222742485,0
2026-08-12 09:14:00,118.88752438931536,119.13713978120572,118.87014977410152,118.92677149992144,460055,7104,118.91001951192106,118.99324101061282,1621761,1016066,0.22961892497119787,516.0,0.2832827140800873,52633.0,116.38486478574862,112.59607008472193,3.7887947010266885,0.0805853923475155,3742.0,0.23876802425411014,0.08322149869175632,NONE,120.07222003150656,0.009631544833333628,0
2026-08-12 09:15:00,119.28780718444176,119.43912283594972,118.9030565254839,119.1881501333838,151999,6747,119.09754152264765,119.24910687197236,999961,1599106,-0.23052310694568473,-357.0,0.2613786334623569,-308056.0,116.52502905313038,112.65100408512745,3.874024968002928,0.08523026697623948,-873.0,0.21978115622396377,0.15156534932471288,NONE,120.22373081139185,0.008688621115850228,0
2026-08-12 09:16:00,119.5557407518529,120.05735536885555,119.1714683781283,119.60239028977573,393297,2723,119.52014946664836,119.66748377372092,1000735,1891819,-0.3080613188206685,-4024.0,0.41424015639192646,241298.0,116.67889711496267,112.70893230349952,3.969964811463143,0.095939843460215,-3667.0,0.34755146038289997,0.1473343070725548,NONE,120.79283205200748,0.009953327515842485,0
2026-08-12 09:17:00,119.78261541032154,120.07719836873432,119.48001252195448,119.71856743080146,380488,8224,119.69601002055109,119.77800004522548,627574,1836608,-0.49064314243022633,5501.0,0.11617714102573018,-12809.0,116.8308806307546,112.76734592956038,4.063534701194229,0.09356988973108571,9525.0,0.09713613644697361,0.08199002467439698,NONE,120.92306024173055,0.010061035951046654,0
2026-08-12 09:18:00,119.37199986975013,119.68208524591202,118.89376805200764,119.39105018034992,330849,2919,119.3111410359284,119.42562277196072,1578000,1182851,0.14312579708213155,-5305.0,-0.32751725045153535,-49639.0,116.95888910823437,112.82254346498362,4.136345643250749,0.07281094205652039,-10806.0,-0.27357264414381577,0.11448173603231737,NONE,121.76112256539476,0.01985134046031631,0
2026-08-12 09:19:00,119.6045453096345,119.97104194748287,119.23255375704336,119.57213960681234,137656,1918,119.5058134068678,119.60414528157334,1590135,1530605,0.019075603863186297,-1001.0,0.181089426462421,-193193.0,117.08955163316327,112.87879009949887,4.210761533664396,0.07441589041364693,4304.0,0.15167755555283158,0.09833187470553639,NONE,121.98787775609826,0.020203185769106062,0
2026-08-12 09:20:00,119.32278625629064,119.8697385285002,119.400517941667,119.4375553952722,301587,5215,119.39073245435962,119.45989076679052,1010926,1449856,-0.178370127869921,3297.0,-0.13458421154014388,163931.0,117.20695182126872,112.93344647696365,4.273505344305065,0.06274381064066858,4298.0,-0.11255482421130836,0.06915831243090054,NONE,121.51628596805185,0.017404329533539098,0
2026-08-12 09:21:00,119.34794318074552,119.56786627165076,118.84300616994116,119.33942223578214,360587,1581,119.30656033236352,119.42583861452346,748290,827980,-0.0505560595583244,-3634.0,-0.09813315949006096,59000.0,117.31357534199438,112.98682960828714,4.3267457337072415,0.0532403894021769,-6931.0,-0.08216273278978115,0.11927828215993941,NONE,121.79845015467382,0.020605327835703024,0
2026-08-12 09:22:00,119.27628791661216,119.81295569616812,119.37145439531211,119.57540151370222,363356,4881,119.48802592318702,119.64088465597094,1821795,668535,0.4630952524364241,3300.0,0.23597927792008022,2769.0,117.42666665057978,113.0417343741656,4.384932276414176,0.058186542706934574,6934.0,0.19773790881427722,0.15285873278391193,NONE,121.9684740335399,0.020013083707383278,0
2026-08-12 09:23:00,119.98787442565,120.19958950929212,119.86286277454344,120.0065640414662,220385,4909,119.93354709812972,120.03335003259156,915915,1110832,-0.0961723392214223,28.0,0.43116252776398767,-142971.0,117.55566152012412,113.09977462139311,4.455886898731009,0.07095462231683314,-3272.0,0.3605779468903503,0.09980293446183452,NONE,122.41058097519291,0.020032378669687118,0
2026-08-12 09:24:00,119.90917270713506,120.5555731015158,119.79328043971763,120.07222003150656,240073,2999,120.01292343965436,120.09816887569048,772094,913437,-0.08385666000803307,-1910.0,0.06565599004035505,19688.0,117.68148944569324,113.15787833314405,4.52361111254919,0.06772421381818106,-1938.0,0.05471033235955325,0.0852454360361179,NONE,122.6672114251056,0.021611921499561912,0
2026-08-12 09:25:00,120.34433026304652,120.572313938537,120.0715770154814,120.22373081139185,178784,1400,120.15886964334096,120.31230401552918,1587881,1002270,0.22609145181111062,-1599.0,0.15151077988528527,-61289.0,117.80860151397818,113.21676043712947,4.591841076848709,0.068229964299519,311.0,0.1261830420438148,0.1534343721882152,NONE,122.67983587053112,0.020429453008677937,0
2026-08-12 09:26:00,120.87057278728392,120.8344435851115,120.7496032984474,120.79283205200748,460867,4648,120.77463609562008,120.86967782974617,1022037,1676921,-0.24264327195903013,3248.0,0.5691012406156375,282083.0,117.95781304087964,113.27989436725346,4.677918673626181,0.0860775967774714,4847.0,0.4733684745721778,0.09504173412608452,NONE,122.36618319498088,0.013025202872104081,0
2026-08-12 09:27:00,120.96972733992718,121.35454005338708,120.92234607019098,120.92306024173055,443288,6445,120.87040746324855,120.99240615892204,1814289,1097131,0.24632584786805065,1797.0,0.13022818972306993,-17579.0,118.1060754009222,113.34358741620743,4.762487984714767,0.08456931108858612,-1451.0,0.10781119004394935,0.12199869567348287,NONE,122.35657901983234,0.011854800690919643,0
2026-08-12 09:28:00,121.9132231881107,122.0014025358129,121.53633088893464,121.76112256539476,131368,3628,121.73368953904406,121.8077403350733,566778,1468817,-0.4431328432227432,-2817.0,0.8380623236642037,-311920.0,118.2888277591458,113.41373354245066,4.875094216695146,0.11260623198037933,-4614.0,0.6930541800620027,0.07405079602924047,NONE,122.15398223934965,0.0032264787452488636,0
2026-08-12 09:29:00,121.89298610401578,122.02225470930952,121.56944604498496,121.98787775609826,301891,2656,121.95912322498748,122.02145555688332,1913353,529251,0.5666501815275828,-972.0,0.22675519070349992,170523.0,118.47378025899343,113.48518474423105,4.98859551476238,0.1135012980672343,1845.0,0.1862295500616007,0.06233233189584553,NONE,122.03183175771346,0.00036031450356966175,0
2026-08-12 09:30:00,121.69102228784338,121.79114459563348,121.2301283752368,121.51628596805185,161160,1620,121.44676861144602,121.614436536732,1907027,1988378,-0.020883836212152524,-1036.0,-0.47159178804641044,-140731.0,118.62590554444634,113.55211058776288,5.073794956683457,0.08519944192107687,-64.0,-0.3865890584549003,0.16766792528598273,NONE,122.25984977205812,0.006119046497205844,0
2026-08-12 09:31:00,121.89166931109986,122.00703229416166,121.29884650520208,121.79845015467382,256926,1246,121.70643710100872,121.88020171642589,1378606,1471388,-0.03255515625646931,-374.0,0.2821641866219693,95766.0,118.78453277495771,113.62083008415381,5.163702690803902,0.08990773412044462,662.0,0.2322027737879928,0.17376461541716992,NONE,122.81169439833695,0.008319024112182074,0
2026-08-12 09:32:00,121.94481850481802,122.4073487359712,121.82505071071633,121.9684740335399,372859,6212,121.92213593859684,122.00563416362218,1060451,1339052,-0.11610779398900523,4966.0,0.17002387886608972,115933.0,118.9437298378868,113.69039378373203,5.253336054154772,0.08963336335087035,5340.0,0.1395944518589376,0.08349822502533755,NONE,122.9803888581379,0.008296527710264946,0
2026-08-12 09:33:00,122.5241429899112,122.5125782769976,122.27035344281288,122.41058097519291,158784,4339,122.3818835406218,122.49686180685798,1598168,1489181,0.03530115966805178,-1873.0,0.4421069416530088,-214075.0,119.11707239475211,113.76306201032754,5.354010384424569,0.100674330269797,-6839.0,0.3624764064289465,0.11497826623617868,NONE,122.67132771348363,0.002130099671233174,0
2026-08-12 09:34:00,122.55658207386443,123.08044372985168,122.58733669498862,122.6672114251056,491337,7758,122.5988242007543,122.74551530048092,718223,1725526,-0.41219576969647864,3419.0,0.25663044991269146,332553.0,119.29457934626978,113.83726325545068,5.457316090819106,0.1033057063945364,5292.0,0.2096472771129898,0.14669109972662397,NONE,122.8538142131196,0.001521211624900512,0
2026-08-12 09:35:00,122.59738445437834,122.95868021612384,122.59780407639845,122.67983587053112,461788,8086,122.5914290363596,122.71657312002012,1736981,899185,0.31780851433483326,328.0,0.012624445425515773,-29549.0,119.46384217248286,113.91095136057635,5.552890811906508,0.09557472108740228,-3091.0,0.010291621761715497,0.12514408366051555,NONE,123.26130254207284,0.004739708587117477,0
2026-08-12 09:36:00,122.30532422265692,122.39348834658765,122.22358989697588,122.36618319498088,126797,4010,122.28883450287988,122.41457295186264,1928151,1561738,0.10499273759136751,-4076.0,-0.31365267555024445,-334991.0,119.60895922360776,113.98141162586306,5.6275475977446945,0.07465678583818658,-4404.0,-0.2556676680601777,0.12573844898275865,NONE,123.1262511041232,0.006211421238261664,0
2026-08-12 09:37:00,122.30368124902594,122.84250167049508,121.96015899719558,122.35657901983234,409717,5719,122.26839086908404,122.38331482991754,1032327,1810565,-0.27374870378473753,1709.0,-0.00960417514853873,282920.0,119.74634021341899,114.05120468747947,5.69513552593952,0.06758792819482551,5785.0,-0.007848716775971099,0.11492396083349377,NONE,123.13330541400867,0.0063480558250197505,0
2026-08-12 09:38:00,122.0483264750736,122.41028986140122,121.7011038440314,122.15398223934965,438264,3368,122.09569231895864,122.17397695934366,639270,1885387,-0.49357873168513583,-2351.0,-0.20259678048269336,28547.0,119.86672231471553,114.11872783374506,5.747994480970476,0.05285895503095617,-4060.0,-0.16557898406905913,0.07828464038502148,NONE,123.18433894608552,0.00843490067083513,0
2026-08-12 09:39:00,122.154140064423,122.17727018482924,121.54428817285962,122.03183175771346,114780,2839,121.95416289572024,122.10688034066904,665426,1939378,-0.48907787303766426,-529.0,-0.12215048163618292,-323484.0,119.97497778686542,114.18467036644479,5.790307420420632,0.042312939450155795,1822.0,-0.09999713427012447,0.15271744494879158,NONE,122.99485583939185,0.00789158097364635,0
2026-08-12 09:40:00,122.23396433202112,122.49455319305277,122.14370494500989,122.25984977205812,137905,3903,122.23724396171582,122.29392583921997,1814544,1029325,0.2761094129159958,1064.0,0.22801801434465574,23125.0,120.08922138612506,114.25196352815823,5.837257857966833,0.046950437546200874,1593.0,0.18685125926600765,0.05668187750414688,NONE,123.23467748420126,0.007973408391721504,0
2026-08-12 09:41:00,122.84694489517264,123.24062329009573,122.37104562552992,122.81169439833695,216049,7205,122.77034968295428,122.89549974125411,851679,822670,0.017325539657502706,3302.0,0.5518446262788359,78144.0,120.22534503673565,114.32329461874306,5.902050417992584,0.06479256002575084,2238.0,0.4513702800287289,0.1251500582998375,NONE,123.24307361106013,0.003512525536240901,0
2026-08-12 09:42:00,122.92335372149653,123.13284042033044,122.81626131349924,122.9803888581379,229651,5395,122.93532943333456,123.0799936421742,503436,1694341,-0.5418679875164769,-1810.0,0.1686944598009461,13602.0,120.36309722780575,114.39543707073803,5.967660157067726,0.06560973907514267,-5112.0,0.1373602576101529,0.14466420883964304,NONE,123.41294901876212,0.003517310073910997,0
2026-08-12 09:43:00,122.48926738342878,122.76766591172698,122.6149074412252,122.67132771348363,133359,6767,122.61531109632148,122.68822349673732,1196217,1378594,-0.07083121829136196,1372.0,-0.30906114465426526,-96292.0,120.47850875208965,114.46440282609424,6.014105925995409,0.04644576892768271,3182.0,-0.25130929209434827,0.07291240041584501,NONE,123.19004430770372,0.004228507214266215,0
2026-08-12 09:44:00,122.88081994895872,122.91834983658504,122.4188017503595,122.8538142131196,428206,4691,122.76019734069648,122.90638737437712,1564633,1607666,-0.013565240855291384,-2076.0,0.18248649963597074,294847.0,120.59727402514116,114.53431458765279,6.062959437488374,0.048853511492964685,-3448.0,0.14876051562937587,0.14619003368063943,NONE,123.10146931205958,0.002015851933667725,0
2026-08-12 09:45:00,123.07007704453088,123.41023224126796,122.94324972475104,123.26130254207284,173391,8470,123.17261585165286,123.34348817241084,1025598,1419955,-0.16125473461421608,3779.0,0.40748832895323517,-254815.0,120.73047545098775,114.60703948727294,6.123435963714812,0.060476526226437954,5855.0,0.33168553338225326,0.17087232075797942,NONE,123.36015817157792,0.0008020005262506363,0
2026-08-12 09:46:00,123.11938769951466,123.51627514764324,123.04388565608268,123.1262511041232,405607,4841,123.1041438098172,123.20725668481192,968571,1947754,-0.3357592175083367,-3629.0,-0.1350514379496417,232216.0,120.85026423364452,114.67803291741338,6.172231316231148,0.048795352516336266,-7408.0,-0.10956515562015046,0.10311287499472144,NONE,123.28958716386414,0.0013265738075856383,0
2026-08-12 09:47:00,122.9964739101254,123.3691185966063,122.91838978525216,123.13330541400867,199596,5348,123.10775434533926,123.21170515825848,1496497,1518364,-0.0072530707054156065,507.0,0.007054309885475618,-206011.0,120.96441629266273,114.74849352155167,6.215922771111067,0.043691454879919434,4136.0,0.005729330522297182,0.10395081291922281,NONE,123.84825239472832,0.0058062843218233545,0
2026-08-12 09:48:00,123.3830665460086,123.29807974793228,123.04071009864698,123.18433894608552,347414,7621,123.14215129662252,123.22574849026267,1346454,990167,0.1524795848363941,2273.0,0.05103353207684336,147818.0,121.07541242533387,114.81879223342278,6.256620191911082,0.04069742080001504,1766.0,0.04144575824165386,0.08359719364015916,NONE,123.7682275290735,0.004739957919841854,0
2026-08-12 09:49:00,123.08599211160931,123.07794833919672,122.62645855503676,122.99485583939185,457162,2392,122.95868889146168,123.0457026324035,1164266,1900272,-0.24016866490152838,-5229.0,-0.18948310669367174,109748.0,121.17138459603675,114.88692609680585,6.284458499230894,0.027838307319811406,-7502.0,-0.1538207765003352,0.08701374094182768,NONE,123.87478175472302,0.007154168435143245,0
2026-08-12 09:50:00,123.2452528633284,123.40104222245644,123.00796936888912,123.23467748420126,378715,7060,123.1693480984172,123.298224636362,1042834,778588,0.14507675870830594,4668.0,0.23982164480941037,-78447.0,121.27454924044498,114.95649069170081,6.318058548744176,0.033600049513282215,9897.0,0.1949851017530202,0.12887653794479093,NONE,124.19298366112956,0.00777627041748179,0
2026-08-12 09:51:00,123.3694442788256,123.71303579750298,122.74843363850694,123.24307361106013,250214,5255,123.15182376676132,123.34072826358172,1647388,802587,0.3448202532678905,-1805.0,0.00839612685886948,-128501.0,121.37297545897573,115.02554554936214,6.347429909613595,0.02937136086941905,-6473.0,0.0068131203248000816,0.188904496820399,NONE,123.80516760694914,0.0045608566828097274,0
2026-08-12 09:52:00,123.32831742101556,123.58446237505714,123.38557652763234,123.41294901876212,387248,5300,123.3163427800116,123.4524282731466,1546584,931600,0.24815913588337266,45.0,0.16987540770199416,137034.0,121.47497413696503,115.09544057827381,6.379533558691222,0.03210364907762653,1850.0,0.13783769158346448,0.13608549313499907,NONE,123.31388092796892,-0.000802736597584545,0
2026-08-12 09:53:00,123.24439224557072,123.68410634568104,123.0125366746356,123.19004430770372,108625,4338,123.12122004197556,123.28312725759824,1057437,1009090,0.02339529074626172,-962.0,-0.22290471105840481,-278623.0,121.56072764550197,115.16289560935238,6.397832036149595,0.018298477458372986,-1007.0,-0.1806169553768,0.1619072156226764,NONE,122.8923957185061,-0.0024161740574924653,0
2026-08-12 09:54:00,123.12145035543143,123.34408453994226,122.8605192285046,123.10146931205958,401343,6487,123.01603498393348,123.13571143469582,1541564,859373,0.2841353188359378,2149.0,-0.08857499564413729,292718.0,121.63776472882985,115.22905039020826,6.408714338621593,0.010882302471998173,3111.0,-0.07190109894180674,0.11967645076234135,NONE,123.30663190860724,0.0016666137105771112,0
2026-08-12 09:55:00,123.3865601797113,123.449740130723,123.10859139420376,123.36015817157792,482869,4514,123.30288997355716,123.45917487347056,1924311,1923034,0.0003319172052415367,-1973.0,0.25868885951834386,81526.0,121.72388440096725,115.29680962171966,6.42707477924759,0.0183604406259974,-4122.0,0.21014278786759544,0.1562848999134019,NONE,123.17577838558653,-0.0014946461541898153,0
2026-08-12 09:56:00,123.41682251387482,123.7351572097609,123.13161925267131,123.28958716386414,393362,1759,123.26083773864674,123.35991089567862,1747029,939378,0.3006435733676989,-2755.0,-0.07057100771378089,-89507.0,121.8021695391121,115.36341610123753,6.438753437874567,0.011678658626976812,-782.0,-0.057207293472849585,0.09907315703188146,NONE,123.97717887597936,0.005577046106913663,0
2026-08-12 09:57:00,123.9215016050063,124.07843008129574,123.48363227017954,123.84825239472832,275544,9621,123.7910304376399,123.8999684279606,1179044,1198050,-0.007995476830112735,7862.0,0.5586652308641789,-117818.0,121.90447368189291,115.43412307034994,6.470350611542969,0.03159717366840198,10617.0,0.4531325343166692,0.10893799032069751,NONE,123.84107604315322,-5.794471408627478e-05,0
2026-08-12 09:58:00,123.797099895356,124.12306320082575,123.330853992329,123.7682275290735,454060,7793,123.70827009494413,123.83343266759924,1840578,1938241,-0.025844847292236014,-1828.0,-0.08002486565482059,178516.0,121.99766137425195,115.5035739408393,6.494087433412645,0.02373682186967585,-9690.0,-0.06461525625711673,0.125162572655114,NONE,123.92883771803288,0.0012976689750336275,0
2026-08-12 09:59:00,123.7092930111002,124.3666375463276,123.40542210373408,123.87478175472302,223182,3459,123.7979605739438,123.90930955993664,1593906,1268112,0.11383366561635881,-4334.0,0.10655422564951778,-230878.0,122.0915173932755,115.573334005955,6.518183387320491,0.024095953907846024,-2506.0,0.08609174404188291,0.11134898599284782,NONE,124.42308605793262,0.0044262786617478705,0
2026-08-12 10:00:00,124.09697903160162,124.21807133628954,123.7904369727298,124.19298366112956,120566,6273,124.1631941920559,124.2276593083056,1525718,1616584,-0.028917016887619332,2814.0,0.3182019064065429,-102616.0,122.19659070666819,115.64516441974813,6.551426286920062,0.033242899599571274,7148.0,0.2568738381606872,0.06446511624970697,NONE,125.05574272079316,0.006946922718417888,0
2026-08-12 10:01:00,123.79289671358956,123.85351488684292,123.37987750829583,123.80516760694914,133205,2718,123.76201967256134,123.82538751589506,1214564,1346741,-0.05160533399966033,-3555.0,-0.3878160541804192,12639.0,122.27701955168223,115.71316444630814,6.563855105374088,0.012428818454026214,-6369.0,-0.3122688921288863,0.06336784333372236,NONE,125.70423054457191,0.01533912496812596,0
2026-08-12 10:02:00,123.32321816539658,123.6741092987003,123.03860827765892,123.31388092796892,209084,6423,123.2711184557396,123.3341454547624,1902923,543237,0.5558450796350198,3705.0,-0.4912866789802166,75879.0,122.32886262049655,115.77650375032198,6.552358870174572,-0.011496235199516036,7260.0,-0.3968224335675008,0.06302699902281006,NONE,126.09597977199832,0.022561116583902613,0
2026-08-12 10:03:00,122.7793753460387,123.03330822015384,122.47945160529268,122.8923957185061,129717,2308,122.7960461548894,122.9336861752383,1836013,1413399,0.13005860752653095,-4115.0,-0.42148520946282986,-79367.0,122.35703927539703,115.83580285005684,6.5212364253401915,-0.031122444834380758,-7820.0,-0.34179867367002403,0.137640020348897,NONE,126.43163529048216,0.028799500174794806,0
2026-08-12 10:04:00,123.54779957616508,123.3987826070823,123.15487995403326,123.30663190860724,281056,2050,123.25667686217784,123.38528890161793,1376861,1818824,-0.13829992630687943,-258.0,0.41423619010114976,151339.0,122.40451890705754,115.89805975887809,6.506459148179445,-0.014777277160746394,3857.0,0.3370722717864316,0.12861203944008537,NONE,126.63702247637846,0.027009014164296095,0
